frame,dff,cue,go,nogo,reward,punish,lick
0,-0.0788,0,0,0,0,0,0
1,-0.0539,0,0,0,0,0,0
2,-0.4706,1,0,1,0,0,0
3,0.8837,0,0,1,0,0,0
4,-1.0,0,0,1,0,0,0
5,0.9775,0,0,1,0,0,0
6,0.3096,0,0,1,0,0,0
7,2.6907,0,0,1,0,0,0
8,1.6609,0,0,1,0,1,1
9,1.6193,0,0,1,0,1,1
10,0.0015,0,0,1,0,1,1
11,0.6016,0,0,0,0,1,1
12,1.591,0,0,0,0,1,1
13,-1.0,0,0,0,0,1,1
14,-0.5632,0,0,0,0,1,1
15,1.1233,0,0,0,0,1,1
16,0.3706,0,0,0,0,1,1
17,1.502,0,0,0,0,1,1
18,0.3359,0,0,0,0,1,1
19,2.8841,0,0,0,0,1,1
20,2.5316,0,0,0,0,1,1
21,0.373,0,0,0,0,1,1
22,1.425,0,0,0,0,0,0
23,-0.1895,0,0,0,0,1,1
24,1.5225,0,0,0,0,1,1
25,1.5211,0,0,0,0,0,0
26,2.4204,0,0,0,0,0,0
27,1.1975,0,0,0,0,0,0
28,0.6976,0,0,0,0,0,0
29,-0.2367,0,0,0,0,0,0
30,0.192,0,0,0,0,0,0
31,2.6629,0,0,0,0,0,0
32,-1.0,0,0,0,0,0,0
33,0.8142,0,0,0,0,0,0
34,0.7076,0,0,0,0,0,0
35,-0.9067,0,0,0,0,0,0
36,2.4878,0,0,0,0,0,0
37,0.1536,0,0,0,0,0,0
38,1.7561,0,0,0,0,0,0
39,1.591,0,0,0,0,0,0
40,1.8758,0,0,0,0,0,0
41,-1.0,0,0,0,0,0,0
42,-1.0,0,0,0,0,0,0
43,-0.3146,1,1,0,0,0,0
44,-1.0,0,1,0,0,0,0
45,-1.0,0,1,0,0,0,0
46,-1.0,0,1,0,0,0,0
47,-0.9452,0,1,0,0,0,1
48,0.0838,0,1,0,1,0,1
49,2.6551,0,1,0,0,0,1
50,-0.6328,0,1,0,0,0,1
51,2.1949,0,1,0,0,0,1
52,-1.0,0,0,0,0,0,1
53,-0.604,0,0,0,0,0,1
54,-1.0,0,0,0,0,0,1
55,1.0944,0,0,0,0,0,1
56,-0.2801,0,0,0,0,0,1
57,-0.7546,0,0,0,0,0,1
58,-0.6074,0,0,0,0,0,1
59,0.4154,0,0,0,0,0,1
60,3.5133,0,0,0,0,0,1
61,3.813,0,0,0,0,0,1
62,0.2503,0,0,0,0,0,1
63,-0.2709,0,0,0,0,0,1
64,-0.9992,0,0,0,0,0,0
65,-0.521,0,0,0,0,0,0
66,-1.0,0,0,0,0,0,0
67,0.242,0,0,0,0,0,0
68,-0.1532,0,0,0,0,0,0
69,1.4496,0,0,0,0,0,0
70,1.219,0,0,0,0,0,0
71,-0.0652,0,0,0,0,0,0
72,-1.0,0,0,0,0,0,0
73,0.215,0,0,0,0,0,0
74,-1.0,0,0,0,0,0,0
75,-0.447,0,0,0,0,0,0
76,-1.0,0,0,0,0,0,0
77,-0.0562,0,0,0,0,0,0
78,-0.4182,0,0,0,0,0,0
79,-1.0,0,0,0,0,0,0
80,0.4784,0,0,0,0,0,0
81,-1.0,0,0,0,0,0,0
82,-1.0,0,0,0,0,0,0
83,-1.0,0,0,0,0,0,0
84,-1.0,1,0,1,0,0,0
85,-0.9472,0,0,1,0,0,0
86,-1.0,0,0,1,0,0,0
87,0.1761,0,0,1,0,0,0
88,-0.5571,0,0,1,0,0,0
89,0.6927,0,0,1,0,0,0
90,0.3945,0,0,1,0,1,1
91,1.5248,0,0,1,0,1,1
92,-0.2966,0,0,1,0,1,1
93,0.6567,0,0,0,0,1,1
94,0.8036,0,0,0,0,1,1
95,0.8369,0,0,0,0,1,1
96,2.5663,0,0,0,0,1,1
97,4.5288,0,0,0,0,1,1
98,2.1237,0,0,0,0,1,1
99,2.3446,0,0,0,0,1,1
100,0.2011,0,0,0,0,0,0
101,-0.004,0,0,0,0,1,1
102,-0.1375,0,0,0,0,1,1
103,-0.7912,0,0,0,0,1,1
104,0.3009,0,0,0,0,1,1
105,-0.5902,0,0,0,0,0,0
106,0.7093,0,0,0,0,1,1
107,-0.0145,0,0,0,0,1,1
108,3.0259,0,0,0,0,0,0
109,0.4025,0,0,0,0,0,0
110,1.2049,0,0,0,0,0,0
111,0.3675,0,0,0,0,0,0
112,0.5096,0,0,0,0,0,0
113,1.9984,0,0,0,0,0,0
114,1.979,0,0,0,0,0,0
115,0.4944,0,0,0,0,0,0
116,-1.0,0,0,0,0,0,0
117,1.3649,0,0,0,0,0,0
118,1.5384,0,0,0,0,0,0
119,0.1529,0,0,0,0,0,0
120,-0.3993,0,0,0,0,0,0
121,1.9665,0,0,0,0,0,0
122,0.5132,0,0,0,0,0,0
123,-0.6027,0,0,0,0,0,0
124,-1.0,0,0,0,0,0,0
125,-0.8138,1,1,0,0,0,0
126,-0.3653,0,1,0,0,0,0
127,-0.8287,0,1,0,0,0,0
128,-0.3655,0,1,0,0,0,0
129,1.0203,0,1,0,0,0,1
130,1.519,0,1,0,1,0,1
131,3.4646,0,1,0,0,0,1
132,5.3464,0,1,0,0,0,1
133,2.4244,0,1,0,0,0,1
134,5.1342,0,0,0,0,0,1
135,0.932,0,0,0,0,0,1
136,-0.4601,0,0,0,0,0,1
137,1.0615,0,0,0,0,0,1
138,2.693,0,0,0,0,0,1
139,4.407,0,0,0,0,0,1
140,0.3571,0,0,0,0,0,1
141,3.1583,0,0,0,0,0,1
142,-0.4243,0,0,0,0,0,1
143,-0.1701,0,0,0,0,0,0
144,2.331,0,0,0,0,0,1
145,0.1043,0,0,0,0,0,0
146,-1.0,0,0,0,0,0,0
147,-0.8289,0,0,0,0,0,0
148,-0.0634,0,0,0,0,0,0
149,-1.0,0,0,0,0,0,0
150,0.4962,0,0,0,0,0,0
151,-1.0,0,0,0,0,0,0
152,1.7577,0,0,0,0,0,0
153,-1.0,0,0,0,0,0,0
154,1.1557,0,0,0,0,0,0
155,-0.7317,0,0,0,0,0,0
156,0.4778,0,0,0,0,0,0
157,0.592,0,0,0,0,0,0
158,0.2572,0,0,0,0,0,0
159,-1.0,0,0,0,0,0,0
160,-0.7994,0,0,0,0,0,0
161,-1.0,0,0,0,0,0,0
162,1.197,0,0,0,0,0,0
163,-0.5214,0,0,0,0,0,0
164,-1.0,0,0,0,0,0,0
165,2.8086,0,0,0,0,0,0
166,0.6678,1,1,0,0,0,0
167,-0.5,0,1,0,0,0,0
168,1.1055,0,1,0,0,0,0
169,-0.1695,0,1,0,0,0,0
170,2.0503,0,1,0,0,0,1
171,1.165,0,1,0,1,0,1
172,2.7135,0,1,0,0,0,1
173,1.0827,0,1,0,0,0,1
174,1.4816,0,1,0,0,0,1
175,2.2266,0,0,0,0,0,1
176,2.5108,0,0,0,0,0,1
177,-0.0721,0,0,0,0,0,1
178,0.6109,0,0,0,0,0,1
179,-1.0,0,0,0,0,0,1
180,0.1299,0,0,0,0,0,1
181,1.2266,0,0,0,0,0,1
182,-1.0,0,0,0,0,0,1
183,-0.342,0,0,0,0,0,1
184,-1.0,0,0,0,0,0,0
185,-0.8721,0,0,0,0,0,1
186,0.1873,0,0,0,0,0,0
187,0.0,0,0,0,0,0,1
188,0.3414,0,0,0,0,0,1
189,-0.3253,0,0,0,0,0,0
190,0.2806,0,0,0,0,0,0
191,-0.3032,0,0,0,0,0,0
192,-1.0,0,0,0,0,0,0
193,-0.1773,0,0,0,0,0,0
194,-1.0,0,0,0,0,0,0
195,0.815,0,0,0,0,0,0
196,0.2082,0,0,0,0,0,0
197,-1.0,0,0,0,0,0,0
198,-1.0,0,0,0,0,0,0
199,-0.8174,0,0,0,0,0,0
200,-1.0,0,0,0,0,0,0
201,-0.5259,0,0,0,0,0,0
202,-1.0,0,0,0,0,0,0
203,-0.1905,0,0,0,0,0,0
204,0.6026,0,0,0,0,0,0
205,5.4045,0,0,0,0,0,1
206,3.3544,0,0,0,0,0,1
207,5.8121,1,0,1,0,0,1
208,0.3187,0,0,1,0,0,1
209,-0.0033,0,0,1,0,0,0
210,3.135,0,0,1,0,0,0
211,0.8345,0,0,1,0,0,1
212,0.4688,0,0,1,0,1,1
213,1.7827,0,0,1,0,0,0
214,-0.315,0,0,1,0,0,0
215,-1.0,0,0,1,0,0,0
216,-0.5218,0,0,0,0,0,0
217,2.0668,0,0,0,0,1,1
218,-0.8347,0,0,0,0,1,1
219,0.6207,0,0,0,0,1,1
220,1.0988,0,0,0,0,1,1
221,0.8958,0,0,0,0,1,1
222,2.4289,0,0,0,0,1,1
223,3.7522,0,0,0,0,0,0
224,2.3128,0,0,0,0,1,1
225,1.5322,0,0,0,0,1,1
226,-0.0058,0,0,0,0,1,1
227,2.6943,0,0,0,0,1,1
228,-0.4936,0,0,0,0,1,1
229,5.6084,0,0,0,0,1,1
230,0.1962,0,0,0,0,0,0
231,-1.0,0,0,0,0,0,0
232,-1.0,0,0,0,0,0,0
233,-0.3871,0,0,0,0,0,0
234,-1.0,0,0,0,0,0,0
235,0.0,0,0,0,0,0,0
236,-0.0963,0,0,0,0,0,0
237,-1.0,0,0,0,0,0,0
238,-0.1124,0,0,0,0,0,0
239,1.3442,0,0,0,0,0,0
240,-1.0,0,0,0,0,0,0
241,0.2622,0,0,0,0,0,0
242,-1.0,0,0,0,0,0,0
243,-0.9776,0,0,0,0,0,0
244,1.4873,0,0,0,0,0,0
245,0.8795,0,0,0,0,0,0
246,1.2987,0,0,0,0,0,0
247,1.7364,0,0,0,0,0,0
248,-0.2115,1,1,0,0,0,0
249,3.582,0,1,0,0,0,0
250,-0.0484,0,1,0,0,0,0
251,1.9147,0,1,0,0,0,0
252,1.172,0,1,0,0,0,1
253,2.8322,0,1,0,1,0,1
254,1.8103,0,1,0,0,0,1
255,1.2446,0,1,0,0,0,1
256,1.7358,0,1,0,0,0,1
257,-1.0,0,0,0,0,0,1
258,1.9298,0,0,0,0,0,1
259,0.0487,0,0,0,0,0,1
260,0.6847,0,0,0,0,0,1
261,1.509,0,0,0,0,0,1
262,5.2608,0,0,0,0,0,1
263,5.2953,0,0,0,0,0,1
264,1.4536,0,0,0,0,0,1
265,0.7446,0,0,0,0,0,1
266,0.2789,0,0,0,0,0,1
267,0.1939,0,0,0,0,0,1
268,-1.0,0,0,0,0,0,0
269,-0.5496,0,0,0,0,0,0
270,1.5959,0,0,0,0,0,0
271,-0.4005,0,0,0,0,0,0
272,1.1488,0,0,0,0,0,0
273,0.7677,0,0,0,0,0,0
274,0.125,0,0,0,0,0,0
275,-0.0879,0,0,0,0,0,0
276,-0.0502,0,0,0,0,0,0
277,-0.0902,0,0,0,0,0,0
278,0.2403,0,0,0,0,0,0
279,0.4866,0,0,0,0,0,0
280,-0.0621,0,0,0,0,0,0
281,-1.0,0,0,0,0,0,0
282,-1.0,0,0,0,0,0,0
283,-0.4758,0,0,0,0,0,0
284,-0.9335,0,0,0,0,0,0
285,-0.8686,0,0,0,0,0,0
286,-1.0,0,0,0,0,0,0
287,-0.6897,0,0,0,0,0,0
288,-1.0,0,0,0,0,0,0
289,-0.8304,1,0,1,0,0,0
290,-1.0,0,0,1,0,0,0
291,1.0595,0,0,1,0,0,0
292,2.7731,0,0,1,0,0,1
293,0.0667,0,0,1,0,0,1
294,0.4037,0,0,1,0,1,1
295,0.9774,0,0,1,0,1,1
296,0.9255,0,0,1,0,1,1
297,-0.3651,0,0,1,0,1,1
298,1.0253,0,0,0,0,1,1
299,2.5219,0,0,0,0,1,1
300,-1.0,0,0,0,0,1,1
301,1.2035,0,0,0,0,1,1
302,1.9644,0,0,0,0,1,1
303,-0.0088,0,0,0,0,1,1
304,-0.5897,0,0,0,0,1,1
305,0.3667,0,0,0,0,1,1
306,0.7818,0,0,0,0,0,0
307,-1.0,0,0,0,0,0,0
308,0.4781,0,0,0,0,0,0
309,-0.5321,0,0,0,0,0,0
310,-0.9793,0,0,0,0,0,0
311,-1.0,0,0,0,0,0,0
312,1.3759,0,0,0,0,0,0
313,-1.0,0,0,0,0,0,0
314,-0.1024,0,0,0,0,0,0
315,-0.4472,0,0,0,0,0,0
316,-0.3471,0,0,0,0,0,0
317,-1.0,0,0,0,0,0,0
318,-1.0,0,0,0,0,0,0
319,1.3931,0,0,0,0,0,0
320,-1.0,0,0,0,0,0,0
321,-0.4895,0,0,0,0,0,0
322,-1.0,0,0,0,0,0,0
323,1.0595,0,0,0,0,0,0
324,-1.0,0,0,0,0,0,0
325,0.9244,0,0,0,0,0,0
326,-1.0,0,0,0,0,0,0
327,0.9814,0,0,0,0,0,0
328,-1.0,0,0,0,0,0,0
329,-1.0,0,0,0,0,0,0
330,-1.0,1,0,1,0,0,0
331,-0.3425,0,0,1,0,0,0
332,-1.0,0,0,1,0,0,0
333,-0.1565,0,0,1,0,0,0
334,0.5873,0,0,1,0,0,1
335,4.4914,0,0,1,0,1,1
336,1.7712,0,0,1,0,1,1
337,2.7927,0,0,1,0,1,1
338,-0.8427,0,0,1,0,1,1
339,-1.0,0,0,0,0,1,1
340,0.9488,0,0,0,0,1,1
341,1.3559,0,0,0,0,1,1
342,3.0819,0,0,0,0,1,1
343,-1.0,0,0,0,0,1,1
344,-1.0,0,0,0,0,1,1
345,5.12,0,0,0,0,1,1
346,1.2569,0,0,0,0,1,1
347,0.484,0,0,0,0,1,1
348,0.1596,0,0,0,0,1,1
349,-0.7916,0,0,0,0,1,1
350,2.1252,0,0,0,0,0,0
351,0.5472,0,0,0,0,0,0
352,-1.0,0,0,0,0,0,0
353,1.011,0,0,0,0,0,0
354,2.4383,0,0,0,0,0,0
355,-1.0,0,0,0,0,0,0
356,0.0,0,0,0,0,0,0
357,-0.3926,0,0,0,0,0,0
358,-1.0,0,0,0,0,0,0
359,-1.0,0,0,0,0,0,0
360,1.0854,0,0,0,0,0,0
361,-1.0,0,0,0,0,0,0
362,0.1436,0,0,0,0,0,0
363,-1.0,0,0,0,0,0,0
364,0.5419,0,0,0,0,0,0
365,-0.9393,0,0,0,0,0,0
366,-1.0,0,0,0,0,0,0
367,0.1187,0,0,0,0,0,0
368,1.5469,0,0,0,0,0,0
369,-0.396,0,0,0,0,0,0
370,5.3987,0,0,0,0,0,0
371,1.2144,1,0,1,0,0,0
372,-1.0,0,0,1,0,0,0
373,1.4679,0,0,1,0,0,0
374,-1.0,0,0,1,0,0,1
375,4.7551,0,0,1,0,0,1
376,8.3188,0,0,1,0,1,1
377,4.5364,0,0,1,0,1,1
378,2.8735,0,0,1,0,1,1
379,4.4684,0,0,1,0,1,1
380,-1.0,0,0,0,0,0,0
381,2.3875,0,0,0,0,1,1
382,3.0981,0,0,0,0,1,1
383,0.4144,0,0,0,0,1,1
384,4.0272,0,0,0,0,1,1
385,2.3446,0,0,0,0,0,0
386,5.7187,0,0,0,0,0,0
387,4.2476,0,0,0,0,0,0
388,6.0207,0,0,0,0,0,0
389,8.3579,0,0,0,0,0,0
390,5.7876,0,0,0,0,0,0
391,5.3539,0,0,0,0,0,0
392,1.5857,0,0,0,0,0,0
393,2.1173,0,0,0,0,0,0
394,0.0,0,0,0,0,0,0
395,-1.0,0,0,0,0,0,0
396,3.5814,0,0,0,0,0,0
397,0.4862,0,0,0,0,0,0
398,0.0575,0,0,0,0,0,0
399,2.9055,0,0,0,0,0,0
400,0.0396,0,0,0,0,0,0
401,0.374,0,0,0,0,0,0
402,-0.601,0,0,0,0,0,0
403,-0.9374,0,0,0,0,0,0
404,2.2852,0,0,0,0,0,0
405,2.5249,0,0,0,0,0,0
406,3.841,0,0,0,0,0,0
407,0.1179,0,0,0,0,0,0
408,2.8407,0,0,0,0,0,0
409,0.918,0,0,0,0,0,0
410,3.0866,0,0,0,0,0,0
411,0.1522,0,0,0,0,0,0
412,1.37,1,1,0,0,0,0
413,-1.0,0,1,0,0,0,0
414,-0.891,0,1,0,0,0,0
415,0.5308,0,1,0,0,0,0
416,-0.6539,0,1,0,0,0,0
417,0.0294,0,1,0,1,0,1
418,-0.706,0,1,0,0,0,1
419,0.891,0,1,0,0,0,1
420,1.0298,0,1,0,0,0,1
421,1.4407,0,0,0,0,0,1
422,0.0237,0,0,0,0,0,1
423,1.377,0,0,0,0,0,1
424,-0.7583,0,0,0,0,0,1
425,1.7814,0,0,0,0,0,1
426,-0.314,0,0,0,0,0,1
427,1.954,0,0,0,0,0,1
428,0.6837,0,0,0,0,0,1
429,-0.391,0,0,0,0,0,1
430,-1.0,0,0,0,0,0,1
431,-1.0,0,0,0,0,0,0
432,-1.0,0,0,0,0,0,0
433,-0.389,0,0,0,0,0,0
434,-1.0,0,0,0,0,0,0
435,-1.0,0,0,0,0,0,0
436,-0.4397,0,0,0,0,0,0
437,0.2972,0,0,0,0,0,0
438,0.0265,0,0,0,0,0,0
439,3.0218,0,0,0,0,0,0
440,-0.8488,0,0,0,0,0,0
441,-0.7531,0,0,0,0,0,0
442,-1.0,0,0,0,0,0,0
443,-0.9389,0,0,0,0,0,0
444,-1.0,0,0,0,0,0,0
445,0.8483,0,0,0,0,0,0
446,0.7266,0,0,0,0,0,0
447,1.7305,0,0,0,0,0,0
448,0.9472,0,0,0,0,0,0
449,-1.0,0,0,0,0,0,0
450,0.5611,0,0,0,0,0,0
451,-1.0,0,0,0,0,0,0
452,-1.0,0,0,0,0,0,0
453,0.0,1,1,0,0,0,0
454,1.9215,0,1,0,0,0,0
455,0.3759,0,1,0,0,0,0
456,2.1044,0,1,0,0,0,1
457,3.0912,0,1,0,0,0,1
458,1.3894,0,1,0,1,0,1
459,-0.5709,0,1,0,0,0,1
460,1.5394,0,1,0,0,0,1
461,2.7024,0,1,0,0,0,1
462,-0.5797,0,0,0,0,0,1
463,1.7371,0,0,0,0,0,1
464,0.4044,0,0,0,0,0,1
465,-0.0812,0,0,0,0,0,1
466,1.4859,0,0,0,0,0,1
467,-1.0,0,0,0,0,0,1
468,0.149,0,0,0,0,0,1
469,-1.0,0,0,0,0,0,1
470,1.0648,0,0,0,0,0,1
471,-0.2865,0,0,0,0,0,1
472,-0.5194,0,0,0,0,0,1
473,-0.299,0,0,0,0,0,1
474,0.6207,0,0,0,0,0,0
475,-0.7798,0,0,0,0,0,0
476,-0.9575,0,0,0,0,0,1
477,2.9769,0,0,0,0,0,0
478,2.7918,0,0,0,0,0,0
479,0.7608,0,0,0,0,0,0
480,3.5932,0,0,0,0,0,0
481,1.9541,0,0,0,0,0,0
482,-0.4427,0,0,0,0,0,0
483,0.1976,0,0,0,0,0,0
484,-1.0,0,0,0,0,0,0
485,1.1821,0,0,0,0,0,0
486,0.2502,0,0,0,0,0,0
487,1.6336,0,0,0,0,0,0
488,-0.1133,0,0,0,0,0,0
489,-0.8626,0,0,0,0,0,0
490,1.7981,0,0,0,0,0,0
491,-1.0,0,0,0,0,0,0
492,-0.6217,0,0,0,0,0,0
493,0.959,0,0,0,0,0,0
494,-1.0,1,0,1,0,0,0
495,1.2519,0,0,1,0,0,0
496,-0.495,0,0,1,0,0,0
497,1.4627,0,0,1,0,0,0
498,-1.0,0,0,1,0,0,0
499,-1.0,0,0,1,0,0,0
500,1.5139,0,0,1,0,1,1
501,2.603,0,0,1,0,1,1
502,-1.0,0,0,1,0,1,1
503,3.8028,0,0,0,0,1,1
504,0.7435,0,0,0,0,1,1
505,-1.0,0,0,0,0,1,1
506,1.7146,0,0,0,0,1,1
507,-0.7328,0,0,0,0,1,1
508,2.3203,0,0,0,0,1,1
509,1.9042,0,0,0,0,1,1
510,-0.0555,0,0,0,0,0,0
511,0.9955,0,0,0,0,0,0
512,4.4735,0,0,0,0,0,0
513,4.8771,0,0,0,0,0,0
514,3.7531,0,0,0,0,1,1
515,0.7622,0,0,0,0,1,1
516,2.8522,0,0,0,0,0,0
517,1.4751,0,0,0,0,0,0
518,0.0,0,0,0,0,0,0
519,0.0582,0,0,0,0,0,0
520,1.0006,0,0,0,0,0,0
521,0.9883,0,0,0,0,0,0
522,3.2245,0,0,0,0,0,0
523,-1.0,0,0,0,0,0,0
524,1.5338,0,0,0,0,0,0
525,2.3027,0,0,0,0,0,0
526,2.8568,0,0,0,0,0,0
527,1.4137,0,0,0,0,0,0
528,1.6297,0,0,0,0,0,0
529,-1.0,0,0,0,0,0,0
530,1.6832,0,0,0,0,0,0
531,-1.0,0,0,0,0,0,0
532,3.5523,0,0,0,0,0,0
533,-1.0,0,0,0,0,0,0
534,1.0141,0,0,0,0,0,0
535,0.8831,1,0,1,0,0,0
536,0.4564,0,0,1,0,0,0
537,-1.0,0,0,1,0,0,0
538,-0.2687,0,0,1,0,0,0
539,2.3979,0,0,1,0,0,1
540,-1.0,0,0,1,0,1,1
541,2.8677,0,0,1,0,1,1
542,1.9785,0,0,1,0,1,1
543,2.8109,0,0,1,0,1,1
544,1.8,0,0,0,0,1,1
545,2.4734,0,0,0,0,1,1
546,2.626,0,0,0,0,1,1
547,0.1595,0,0,0,0,1,1
548,2.3307,0,0,0,0,0,0
549,1.439,0,0,0,0,1,1
550,0.2979,0,0,0,0,1,1
551,0.0396,0,0,0,0,1,1
552,0.6965,0,0,0,0,1,1
553,-0.3216,0,0,0,0,0,0
554,-1.0,0,0,0,0,0,0
555,-0.4262,0,0,0,0,1,1
556,-0.2276,0,0,0,0,1,1
557,-1.0,0,0,0,0,1,1
558,2.7938,0,0,0,0,0,0
559,3.8238,0,0,0,0,0,0
560,-1.0,0,0,0,0,0,0
561,-0.4405,0,0,0,0,0,0
562,0.9877,0,0,0,0,0,0
563,0.7472,0,0,0,0,0,0
564,-1.0,0,0,0,0,0,0
565,0.0085,0,0,0,0,0,0
566,-0.8228,0,0,0,0,0,0
567,0.4915,0,0,0,0,0,0
568,0.3657,0,0,0,0,0,0
569,-0.1362,0,0,0,0,0,0
570,0.79,0,0,0,0,0,0
571,-1.0,0,0,0,0,0,0
572,-0.0789,0,0,0,0,0,0
573,-0.1277,0,0,0,0,0,0
574,-0.1688,0,0,0,0,0,0
575,-1.0,0,0,0,0,0,0
576,0.8119,1,0,1,0,0,0
577,-0.9412,0,0,1,0,0,0
578,-0.3322,0,0,1,0,0,0
579,-1.0,0,0,1,0,0,0
580,-1.0,0,0,1,0,0,0
581,-0.8663,0,0,1,0,0,0
582,-1.0,0,0,1,0,0,0
583,0.071,0,0,1,0,0,0
584,0.7184,0,0,1,0,0,0
585,2.3681,0,0,0,0,0,0
586,-1.0,0,0,0,0,0,0
587,-1.0,0,0,0,0,0,0
588,-0.9303,0,0,0,0,0,0
589,-1.0,0,0,0,0,0,0
590,-1.0,0,0,0,0,0,0
591,-1.0,0,0,0,0,0,0
592,-1.0,0,0,0,0,0,0
593,-1.0,0,0,0,0,0,0
594,1.2794,0,0,0,0,0,0
595,1.2927,0,0,0,0,0,0
596,-0.8154,0,0,0,0,0,0
597,-0.8682,0,0,0,0,0,0
598,-0.9649,0,0,0,0,0,0
599,-0.8648,0,0,0,0,0,0
600,-1.0,0,0,0,0,0,0
601,-1.0,0,0,0,0,0,0
602,-1.0,0,0,0,0,0,0
603,-0.0757,0,0,0,0,0,0
604,1.1083,0,0,0,0,0,0
605,-0.3764,0,0,0,0,0,0
606,-0.265,0,0,0,0,0,0
607,-0.9466,0,0,0,0,0,0
608,-0.4888,0,0,0,0,0,0
609,1.1652,0,0,0,0,0,0
610,-0.7083,0,0,0,0,0,0
611,0.0351,0,0,0,0,0,0
612,-1.0,0,0,0,0,0,0
613,-1.0,0,0,0,0,0,0
614,-0.1142,0,0,0,0,0,0
615,-0.7055,0,0,0,0,0,0
616,-1.0,0,0,0,0,0,0
617,-0.6422,1,1,0,0,0,0
618,-0.9454,0,1,0,0,0,0
619,-1.0,0,1,0,0,0,0
620,1.1324,0,1,0,0,0,0
621,0.4612,0,1,0,0,0,1
622,1.3051,0,1,0,1,0,1
623,2.4443,0,1,0,0,0,1
624,4.0338,0,1,0,0,0,1
625,0.6615,0,1,0,0,0,0
626,-1.0,0,0,0,0,0,0
627,0.8765,0,0,0,0,0,0
628,3.2042,0,0,0,0,0,1
629,-0.584,0,0,0,0,0,1
630,0.6757,0,0,0,0,0,1
631,1.3416,0,0,0,0,0,1
632,1.0096,0,0,0,0,0,1
633,-0.6996,0,0,0,0,0,1
634,0.631,0,0,0,0,0,0
635,-0.2453,0,0,0,0,0,1
636,1.4124,0,0,0,0,0,1
637,-1.0,0,0,0,0,0,1
638,-0.2959,0,0,0,0,0,1
639,-0.9644,0,0,0,0,0,1
640,-0.0212,0,0,0,0,0,0
641,0.4335,0,0,0,0,0,0
642,0.479,0,0,0,0,0,0
643,1.1237,0,0,0,0,0,0
644,3.2126,0,0,0,0,0,0
645,-0.7428,0,0,0,0,0,0
646,1.9975,0,0,0,0,0,0
647,0.7458,0,0,0,0,0,0
648,-0.7257,0,0,0,0,0,0
649,0.6728,0,0,0,0,0,0
650,-0.9643,0,0,0,0,0,0
651,-0.7667,0,0,0,0,0,0
652,-1.0,0,0,0,0,0,0
653,0.2602,0,0,0,0,0,0
654,-0.1061,0,0,0,0,0,0
655,-0.266,0,0,0,0,0,0
656,-0.4219,0,0,0,0,0,0
657,-1.0,0,0,0,0,0,0
658,1.7596,1,1,0,0,0,0
659,-0.3186,0,1,0,0,0,0
660,6.1845,0,1,0,0,0,0
661,-0.6088,0,1,0,0,0,0
662,-1.0,0,1,0,0,0,0
663,-0.2779,0,1,0,1,0,1
664,0.1347,0,1,0,0,0,1
665,4.6872,0,1,0,0,0,1
666,4.5886,0,1,0,0,0,1
667,8.3615,0,0,0,0,0,1
668,0.7352,0,0,0,0,0,1
669,2.3999,0,0,0,0,0,1
670,-1.0,0,0,0,0,0,1
671,0.6606,0,0,0,0,0,1
672,3.2283,0,0,0,0,0,1
673,-0.1282,0,0,0,0,0,1
674,0.9082,0,0,0,0,0,1
675,-0.2152,0,0,0,0,0,0
676,-0.1098,0,0,0,0,0,0
677,0.9186,0,0,0,0,0,0
678,-0.0026,0,0,0,0,0,0
679,0.1953,0,0,0,0,0,0
680,2.4052,0,0,0,0,0,0
681,-0.9816,0,0,0,0,0,0
682,1.8758,0,0,0,0,0,0
683,4.0527,0,0,0,0,0,0
684,-0.9653,0,0,0,0,0,0
685,0.318,0,0,0,0,0,0
686,2.1896,0,0,0,0,0,0
687,1.8402,0,0,0,0,0,0
688,3.0561,0,0,0,0,0,0
689,-0.6271,0,0,0,0,0,0
690,2.0556,0,0,0,0,0,0
691,3.6163,0,0,0,0,0,0
692,-0.3241,0,0,0,0,0,0
693,0.6516,0,0,0,0,0,0
694,3.9644,0,0,0,0,0,0
695,1.2126,0,0,0,0,0,0
696,2.8036,0,0,0,0,0,0
697,-1.0,0,0,0,0,0,0
698,1.6877,0,0,0,0,0,0
699,-0.9478,1,1,0,0,0,0
700,-0.9008,0,1,0,0,0,0
701,1.1647,0,1,0,0,0,0
702,1.6111,0,1,0,0,0,0
703,-0.9363,0,1,0,0,0,0
704,-0.4095,0,1,0,0,0,0
705,-1.0,0,1,0,0,0,0
706,-0.4274,0,1,0,0,0,0
707,-1.0,0,1,0,0,0,0
708,-1.0,0,0,0,0,0,0
709,-0.2945,0,0,0,0,0,0
710,-0.6714,0,0,0,0,0,0
711,-1.0,0,0,0,0,0,0
712,-0.4401,0,0,0,0,0,0
713,0.0575,0,0,0,0,0,0
714,-1.0,0,0,0,0,0,0
715,0.2154,0,0,0,0,0,0
716,-0.5896,0,0,0,0,0,0
717,-1.0,0,0,0,0,0,0
718,-1.0,0,0,0,0,0,0
719,-0.757,0,0,0,0,0,0
720,0.2414,0,0,0,0,0,0
721,2.417,0,0,0,0,0,0
722,-1.0,0,0,0,0,0,0
723,1.0435,0,0,0,0,0,0
724,-1.0,0,0,0,0,0,0
725,-1.0,0,0,0,0,0,0
726,-0.9559,0,0,0,0,0,0
727,0.7656,0,0,0,0,0,0
728,-1.0,0,0,0,0,0,0
729,0.2083,0,0,0,0,0,0
730,-0.0684,0,0,0,0,0,0
731,-1.0,0,0,0,0,0,0
732,0.448,0,0,0,0,0,0
733,-0.7224,0,0,0,0,0,0
734,-1.0,0,0,0,0,0,0
735,-0.5122,0,0,0,0,0,0
736,-1.0,0,0,0,0,0,0
737,-1.0,0,0,0,0,0,0
738,0.1123,0,0,0,0,0,0
739,2.7017,0,0,0,0,0,0
740,1.1797,1,0,1,0,0,0
741,-1.0,0,0,1,0,0,0
742,-0.375,0,0,1,0,0,0
743,-1.0,0,0,1,0,0,0
744,-1.0,0,0,1,0,0,0
745,-1.0,0,0,1,0,0,0
746,-1.0,0,0,1,0,0,0
747,0.978,0,0,1,0,1,1
748,7.8421,0,0,1,0,1,1
749,0.9768,0,0,0,0,1,1
750,0.8566,0,0,0,0,1,1
751,3.7288,0,0,0,0,1,1
752,1.4143,0,0,0,0,1,1
753,4.9249,0,0,0,0,1,1
754,4.8065,0,0,0,0,1,1
755,1.2956,0,0,0,0,1,1
756,-1.0,0,0,0,0,1,1
757,1.0814,0,0,0,0,1,1
758,1.713,0,0,0,0,1,1
759,0.3542,0,0,0,0,1,1
760,5.1985,0,0,0,0,1,1
761,-0.2313,0,0,0,0,1,1
762,-0.4716,0,0,0,0,1,1
763,2.0948,0,0,0,0,1,1
764,4.5161,0,0,0,0,0,0
765,1.4227,0,0,0,0,0,0
766,1.3516,0,0,0,0,0,0
767,2.3353,0,0,0,0,0,0
768,2.5258,0,0,0,0,0,0
769,3.9077,0,0,0,0,0,0
770,0.0572,0,0,0,0,0,0
771,2.1107,0,0,0,0,0,0
772,-1.0,0,0,0,0,0,0
773,0.9088,0,0,0,0,0,0
774,3.6034,0,0,0,0,0,0
775,2.6204,0,0,0,0,0,0
776,2.1715,0,0,0,0,0,0
777,0.4434,0,0,0,0,0,0
778,0.8927,0,0,0,0,0,0
779,-0.6008,0,0,0,0,0,0
780,-1.0,0,0,0,0,0,0
781,-0.1139,1,0,1,0,0,0
782,1.4123,0,0,1,0,0,0
783,-1.0,0,0,1,0,0,0
784,-1.0,0,0,1,0,0,0
785,1.8122,0,0,1,0,0,0
786,-1.0,0,0,1,0,0,0
787,0.0748,0,0,1,0,0,0
788,0.9474,0,0,1,0,1,1
789,6.1308,0,0,1,0,1,1
790,0.7178,0,0,0,0,1,1
791,1.3452,0,0,0,0,1,1
792,1.1507,0,0,0,0,1,1
793,3.1116,0,0,0,0,1,1
794,3.1546,0,0,0,0,1,1
795,0.9703,0,0,0,0,1,1
796,-1.0,0,0,0,0,1,1
797,0.9727,0,0,0,0,0,0
798,-1.0,0,0,0,0,1,1
799,-0.2406,0,0,0,0,1,1
800,-1.0,0,0,0,0,0,0
801,-1.0,0,0,0,0,1,1
802,-0.2552,0,0,0,0,1,1
803,-0.7214,0,0,0,0,1,1
804,-0.8924,0,0,0,0,1,1
805,1.4885,0,0,0,0,0,0
806,-0.1447,0,0,0,0,0,0
807,0.8118,0,0,0,0,0,0
808,0.7265,0,0,0,0,0,0
809,1.2405,0,0,0,0,0,0
810,0.7604,0,0,0,0,0,0
811,0.0304,0,0,0,0,0,0
812,1.0967,0,0,0,0,0,0
813,-1.0,0,0,0,0,0,0
814,-0.2082,0,0,0,0,0,0
815,-0.5834,0,0,0,0,0,0
816,-1.0,0,0,0,0,0,0
817,-0.3426,0,0,0,0,0,0
818,-1.0,0,0,0,0,0,0
819,-1.0,0,0,0,0,0,0
820,-1.0,0,0,0,0,0,0
821,-1.0,0,0,0,0,0,0
822,-0.5306,1,0,1,0,0,0
823,-0.1114,0,0,1,0,0,0
824,-0.0921,0,0,1,0,0,0
825,2.2733,0,0,1,0,0,0
826,1.1722,0,0,1,0,0,0
827,0.7369,0,0,1,0,0,0
828,0.4765,0,0,1,0,0,0
829,0.9833,0,0,1,0,0,0
830,-1.0,0,0,1,0,0,0
831,0.6198,0,0,0,0,0,0
832,0.4553,0,0,0,0,0,0
833,1.0411,0,0,0,0,0,0
834,-1.0,0,0,0,0,0,0
835,-1.0,0,0,0,0,0,0
836,-1.0,0,0,0,0,0,0
837,-1.0,0,0,0,0,0,0
838,-0.5136,0,0,0,0,0,0
839,-1.0,0,0,0,0,0,0
840,0.8864,0,0,0,0,0,0
841,-0.3237,0,0,0,0,0,0
842,-1.0,0,0,0,0,0,0
843,-1.0,0,0,0,0,0,0
844,-1.0,0,0,0,0,0,0
845,-0.7539,0,0,0,0,0,0
846,0.8773,0,0,0,0,0,0
847,-0.5486,0,0,0,0,0,0
848,-1.0,0,0,0,0,0,0
849,-0.4598,0,0,0,0,0,0
850,-1.0,0,0,0,0,0,0
851,-1.0,0,0,0,0,0,0
852,-1.0,0,0,0,0,0,0
853,-0.9163,0,0,0,0,0,0
854,-1.0,0,0,0,0,0,0
855,-1.0,0,0,0,0,0,0
856,-0.9759,0,0,0,0,0,0
857,1.1877,0,0,0,0,0,0
858,1.4984,0,0,0,0,0,0
859,-0.264,0,0,0,0,0,0
860,2.7185,0,0,0,0,0,0
861,-0.8658,0,0,0,0,0,0
862,0.6392,0,0,0,0,0,0
863,2.6237,1,1,0,0,0,0
864,-0.604,0,1,0,0,0,0
865,-1.0,0,1,0,0,0,0
866,1.0108,0,1,0,0,0,0
867,2.2112,0,1,0,0,0,1
868,2.317,0,1,0,1,0,1
869,2.9288,0,1,0,0,0,1
870,1.8047,0,1,0,0,0,1
871,1.2489,0,1,0,0,0,1
872,3.7479,0,0,0,0,0,1
873,5.5274,0,0,0,0,0,1
874,3.9898,0,0,0,0,0,1
875,3.9302,0,0,0,0,0,1
876,-0.0474,0,0,0,0,0,1
877,4.1912,0,0,0,0,0,1
878,0.8846,0,0,0,0,0,1
879,-1.0,0,0,0,0,0,0
880,6.3212,0,0,0,0,0,1
881,-0.0675,0,0,0,0,0,1
882,3.4137,0,0,0,0,0,0
883,3.1143,0,0,0,0,0,0
884,0.9975,0,0,0,0,0,0
885,5.6104,0,0,0,0,0,0
886,0.0571,0,0,0,0,0,0
887,2.9391,0,0,0,0,0,0
888,-1.0,0,0,0,0,0,0
889,-1.0,0,0,0,0,0,0
890,0.4653,0,0,0,0,0,0
891,0.5188,0,0,0,0,0,0
892,0.1839,0,0,0,0,0,0
893,-0.04,0,0,0,0,0,0
894,-0.9944,0,0,0,0,0,0
895,1.2081,0,0,0,0,0,0
896,-0.7886,0,0,0,0,0,0
897,-0.2475,0,0,0,0,0,0
898,-1.0,0,0,0,0,0,0
899,0.152,0,0,0,0,0,0
900,3.8318,0,0,0,0,0,0
901,5.3161,0,0,0,0,0,0
902,0.2506,0,0,0,0,0,0
903,-1.0,0,0,0,0,0,0
904,-1.0,1,1,0,0,0,0
905,-1.0,0,1,0,0,0,0
906,-1.0,0,1,0,0,0,0
907,-1.0,0,1,0,0,0,0
908,2.8195,0,1,0,0,0,0
909,0.1208,0,1,0,0,0,0
910,-0.5277,0,1,0,0,0,0
911,-1.0,0,1,0,0,0,0
912,-1.0,0,1,0,0,0,0
913,-0.1869,0,0,0,0,0,0
914,-1.0,0,0,0,0,0,0
915,-1.0,0,0,0,0,0,0
916,-0.6374,0,0,0,0,0,0
917,0.5429,0,0,0,0,0,0
918,-1.0,0,0,0,0,0,0
919,-1.0,0,0,0,0,0,0
920,1.6203,0,0,0,0,0,0
921,-1.0,0,0,0,0,0,0
922,-1.0,0,0,0,0,0,0
923,-0.0803,0,0,0,0,0,0
924,4.4257,0,0,0,0,0,0
925,0.7277,0,0,0,0,0,0
926,-1.0,0,0,0,0,0,0
927,-1.0,0,0,0,0,0,0
928,0.3505,0,0,0,0,0,0
929,3.0574,0,0,0,0,0,0
930,1.8974,0,0,0,0,0,0
931,-1.0,0,0,0,0,0,0
932,3.0624,0,0,0,0,0,0
933,0.2714,0,0,0,0,0,0
934,0.1124,0,0,0,0,0,0
935,-1.0,0,0,0,0,0,0
936,1.3611,0,0,0,0,0,0
937,-1.0,0,0,0,0,0,0
938,-1.0,0,0,0,0,0,0
939,-0.8073,0,0,0,0,0,0
940,-0.421,0,0,0,0,0,0
941,1.8278,0,0,0,0,0,0
942,-1.0,0,0,0,0,0,0
943,-1.0,0,0,0,0,0,0
944,-1.0,0,0,0,0,0,0
945,-0.9104,1,1,0,0,0,0
946,-0.8312,0,1,0,0,0,0
947,-1.0,0,1,0,0,0,0
948,-1.0,0,1,0,0,0,0
949,3.0332,0,1,0,0,0,0
950,-1.0,0,1,0,0,0,0
951,-1.0,0,1,0,0,0,0
952,-1.0,0,1,0,0,0,0
953,-0.3932,0,1,0,0,0,0
954,1.0793,0,0,0,0,0,0
955,2.4778,0,0,0,0,0,0
956,-0.7399,0,0,0,0,0,0
957,-1.0,0,0,0,0,0,0
958,-1.0,0,0,0,0,0,0
959,0.3168,0,0,0,0,0,0
960,-1.0,0,0,0,0,0,0
961,1.0903,0,0,0,0,0,0
962,-1.0,0,0,0,0,0,0
963,-1.0,0,0,0,0,0,0
964,0.0355,0,0,0,0,0,0
965,-0.3538,0,0,0,0,0,0
966,-1.0,0,0,0,0,0,0
967,-1.0,0,0,0,0,0,0
968,0.4405,0,0,0,0,0,0
969,-1.0,0,0,0,0,0,0
970,-0.646,0,0,0,0,0,0
971,3.6893,0,0,0,0,0,0
972,-1.0,0,0,0,0,0,0
973,4.4011,0,0,0,0,0,0
974,1.0476,0,0,0,0,0,0
975,-1.0,0,0,0,0,0,0
976,0.0197,0,0,0,0,0,0
977,-0.0141,0,0,0,0,0,0
978,-0.4584,0,0,0,0,0,0
979,-1.0,0,0,0,0,0,0
980,3.5461,0,0,0,0,0,0
981,0.2578,0,0,0,0,0,0
982,-1.0,0,0,0,0,0,0
983,-1.0,0,0,0,0,0,0
984,-1.0,0,0,0,0,0,0
985,0.8414,0,0,0,0,0,0
986,2.2669,1,0,1,0,0,0
987,-1.0,0,0,1,0,0,0
988,2.5815,0,0,1,0,0,0
989,0.1249,0,0,1,0,0,0
990,-1.0,0,0,1,0,0,0
991,-0.5112,0,0,1,0,0,0
992,-1.0,0,0,1,0,0,0
993,0.5865,0,0,1,0,0,0
994,-1.0,0,0,1,0,0,0
995,2.6431,0,0,0,0,0,0
996,-1.0,0,0,0,0,0,0
997,3.8758,0,0,0,0,0,0
998,1.8808,0,0,0,0,0,0
999,0.03,0,0,0,0,0,0
1000,-0.1869,0,0,0,0,0,0
1001,-0.9037,0,0,0,0,0,0
1002,0.6963,0,0,0,0,0,0
1003,5.4856,0,0,0,0,0,0
1004,2.7881,0,0,0,0,0,0
1005,4.3476,0,0,0,0,0,0
1006,0.5043,0,0,0,0,0,0
1007,-0.5645,0,0,0,0,0,0
1008,1.2051,0,0,0,0,0,0
1009,4.0372,0,0,0,0,0,0
1010,2.78,0,0,0,0,0,0
1011,0.571,0,0,0,0,0,0
1012,3.2818,0,0,0,0,0,0
1013,-0.5835,0,0,0,0,0,0
1014,2.3436,0,0,0,0,0,0
1015,-1.0,0,0,0,0,0,0
1016,0.3194,0,0,0,0,0,0
1017,0.3248,0,0,0,0,0,0
1018,0.1606,0,0,0,0,0,0
1019,0.6386,0,0,0,0,0,0
1020,4.1134,0,0,0,0,0,0
1021,-1.0,0,0,0,0,0,0
1022,-1.0,0,0,0,0,0,0
1023,-1.0,0,0,0,0,0,0
1024,-1.0,0,0,0,0,0,0
1025,0.0918,0,0,0,0,0,0
1026,4.1701,0,0,0,0,0,0
1027,-0.0542,1,1,0,0,0,0
1028,-1.0,0,1,0,0,0,0
1029,-1.0,0,1,0,0,0,0
1030,-1.0,0,1,0,0,0,0
1031,2.148,0,1,0,0,0,0
1032,7.7427,0,1,0,1,0,1
1033,3.4035,0,1,0,0,0,1
1034,11.1289,0,1,0,0,0,1
1035,9.5013,0,1,0,0,0,1
1036,0.0599,0,0,0,0,0,1
1037,2.7469,0,0,0,0,0,1
1038,6.5776,0,0,0,0,0,1
1039,4.3583,0,0,0,0,0,1
1040,5.7047,0,0,0,0,0,1
1041,0.424,0,0,0,0,0,0
1042,-0.3107,0,0,0,0,0,0
1043,0.9396,0,0,0,0,0,0
1044,-1.0,0,0,0,0,0,0
1045,3.4583,0,0,0,0,0,0
1046,-0.6798,0,0,0,0,0,0
1047,-0.1183,0,0,0,0,0,0
1048,-0.3899,0,0,0,0,0,0
1049,2.9869,0,0,0,0,0,0
1050,0.4745,0,0,0,0,0,0
1051,1.5267,0,0,0,0,0,0
1052,-1.0,0,0,0,0,0,0
1053,-0.7137,0,0,0,0,0,0
1054,0.1802,0,0,0,0,0,0
1055,0.4654,0,0,0,0,0,0
1056,3.4147,0,0,0,0,0,0
1057,-1.0,0,0,0,0,0,0
1058,0.8263,0,0,0,0,0,0
1059,2.9371,0,0,0,0,0,0
1060,-1.0,0,0,0,0,0,0
1061,3.3133,0,0,0,0,0,0
1062,-1.0,0,0,0,0,0,0
1063,-0.5939,0,0,0,0,0,0
1064,-1.0,0,0,0,0,0,0
1065,-1.0,0,0,0,0,0,0
1066,1.1813,0,0,0,0,0,0
1067,-1.0,0,0,0,0,0,0
1068,6.6578,1,1,0,0,0,0
1069,1.6372,0,1,0,0,0,0
1070,-0.6003,0,1,0,0,0,0
1071,-0.6003,0,1,0,0,0,0
1072,0.5833,0,1,0,0,0,0
1073,1.4703,0,1,0,0,0,0
1074,0.4514,0,1,0,0,0,0
1075,0.0143,0,1,0,0,0,0
1076,0.6043,0,1,0,0,0,0
1077,1.328,0,0,0,0,0,0
1078,2.3436,0,0,0,0,0,0
1079,6.5252,0,0,0,0,0,0
1080,3.1386,0,0,0,0,0,0
1081,1.1711,0,0,0,0,0,0
1082,3.362,0,0,0,0,0,0
1083,2.3589,0,0,0,0,0,0
1084,2.2021,0,0,0,0,0,0
1085,2.1386,0,0,0,0,0,0
1086,2.1368,0,0,0,0,0,0
1087,6.2071,0,0,0,0,0,0
1088,2.077,0,0,0,0,0,0
1089,1.0541,0,0,0,0,0,0
1090,3.0747,0,0,0,0,0,0
1091,1.3,0,0,0,0,0,0
1092,2.1186,0,0,0,0,0,0
1093,5.1352,0,0,0,0,0,0
1094,4.2374,0,0,0,0,0,0
1095,3.0172,0,0,0,0,0,0
1096,0.8831,0,0,0,0,0,0
1097,2.3752,0,0,0,0,0,0
1098,1.073,0,0,0,0,0,0
1099,1.2323,0,0,0,0,0,0
1100,2.4545,0,0,0,0,0,0
1101,2.2506,0,0,0,0,0,0
1102,2.564,0,0,0,0,0,0
1103,4.563,0,0,0,0,0,0
1104,1.9686,0,0,0,0,0,0
1105,0.7767,0,0,0,0,0,0
1106,2.5599,0,0,0,0,0,0
1107,0.449,0,0,0,0,0,0
1108,-1.0,0,0,0,0,0,0
1109,-1.0,1,0,1,0,0,0
1110,0.3289,0,0,1,0,0,0
1111,-0.2097,0,0,1,0,0,0
1112,-0.4999,0,0,1,0,0,0
1113,-1.0,0,0,1,0,0,0
1114,-1.0,0,0,1,0,0,0
1115,2.5211,0,0,1,0,0,0
1116,0.6046,0,0,1,0,0,0
1117,-0.4855,0,0,1,0,0,0
1118,0.7331,0,0,0,0,0,0
1119,-0.8695,0,0,0,0,0,0
1120,-0.0859,0,0,0,0,0,0
1121,-0.9727,0,0,0,0,0,0
1122,-1.0,0,0,0,0,0,0
1123,0.4026,0,0,0,0,0,0
1124,-0.0359,0,0,0,0,0,0
1125,0.8952,0,0,0,0,0,0
1126,0.6749,0,0,0,0,0,0
1127,-1.0,0,0,0,0,0,0
1128,-0.8715,0,0,0,0,0,0
1129,-1.0,0,0,0,0,0,0
1130,-0.3059,0,0,0,0,0,0
1131,-1.0,0,0,0,0,0,0
1132,-1.0,0,0,0,0,0,0
1133,-1.0,0,0,0,0,0,0
1134,-1.0,0,0,0,0,0,0
1135,-0.2779,0,0,0,0,0,0
1136,-1.0,0,0,0,0,0,0
1137,-1.0,0,0,0,0,0,0
1138,-1.0,0,0,0,0,0,0
1139,-0.5731,0,0,0,0,0,0
1140,-0.2665,0,0,0,0,0,0
1141,-1.0,0,0,0,0,0,0
1142,-1.0,0,0,0,0,0,0
1143,-0.1283,0,0,0,0,0,0
1144,-0.1299,0,0,0,0,0,0
1145,-1.0,0,0,0,0,0,0
1146,-0.8219,0,0,0,0,0,0
1147,0.5873,0,0,0,0,0,0
1148,-0.5345,0,0,0,0,0,0
1149,-1.0,0,0,0,0,0,0
1150,-0.1824,1,1,0,0,0,0
1151,-1.0,0,1,0,0,0,0
1152,-1.0,0,1,0,0,0,0
1153,-1.0,0,1,0,0,0,0
1154,1.1064,0,1,0,0,0,0
1155,-1.0,0,1,0,1,0,1
1156,0.5335,0,1,0,0,0,1
1157,-0.3243,0,1,0,0,0,1
1158,1.4914,0,1,0,0,0,1
1159,1.2119,0,0,0,0,0,1
1160,0.0201,0,0,0,0,0,1
1161,1.4564,0,0,0,0,0,1
1162,3.1065,0,0,0,0,0,1
1163,2.1761,0,0,0,0,0,1
1164,0.1987,0,0,0,0,0,1
1165,1.3053,0,0,0,0,0,0
1166,0.5806,0,0,0,0,0,0
1167,0.6802,0,0,0,0,0,0
1168,1.2335,0,0,0,0,0,0
1169,0.6982,0,0,0,0,0,0
1170,3.2001,0,0,0,0,0,0
1171,3.8572,0,0,0,0,0,0
1172,0.2088,0,0,0,0,0,0
1173,0.4362,0,0,0,0,0,0
1174,1.476,0,0,0,0,0,0
1175,-0.6514,0,0,0,0,0,0
1176,1.1291,0,0,0,0,0,0
1177,-0.2169,0,0,0,0,0,0
1178,-0.1244,0,0,0,0,0,0
1179,-0.3992,0,0,0,0,0,0
1180,0.5018,0,0,0,0,0,0
1181,1.7196,0,0,0,0,0,0
1182,1.678,0,0,0,0,0,0
1183,1.0426,0,0,0,0,0,0
1184,0.347,0,0,0,0,0,0
1185,-1.0,0,0,0,0,0,0
1186,-0.0276,0,0,0,0,0,0
1187,0.6068,0,0,0,0,0,0
1188,0.0428,0,0,0,0,0,0
1189,-0.1628,0,0,0,0,0,0
1190,-0.6724,0,0,0,0,0,0
1191,0.5999,1,0,1,0,0,0
1192,1.5972,0,0,1,0,0,0
1193,0.1709,0,0,1,0,0,0
1194,-0.0357,0,0,1,0,0,0
1195,4.5139,0,0,1,0,0,0
1196,0.8981,0,0,1,0,0,0
1197,0.113,0,0,1,0,0,0
1198,0.6732,0,0,1,0,0,0
1199,2.7428,0,0,1,0,0,0
1200,0.6012,0,0,0,0,0,0
1201,-1.0,0,0,0,0,0,0
1202,0.5867,0,0,0,0,0,0
1203,-1.0,0,0,0,0,0,0
1204,-0.059,0,0,0,0,0,0
1205,2.2353,0,0,0,0,0,0
1206,0.7911,0,0,0,0,0,0
1207,-1.0,0,0,0,0,0,0
1208,-0.6716,0,0,0,0,0,0
1209,0.1037,0,0,0,0,0,0
1210,1.539,0,0,0,0,0,0
1211,0.7249,0,0,0,0,0,0
1212,-1.0,0,0,0,0,0,0
1213,0.2429,0,0,0,0,0,0
1214,-1.0,0,0,0,0,0,0
1215,0.9778,0,0,0,0,0,0
1216,-0.1309,0,0,0,0,0,0
1217,1.6822,0,0,0,0,0,0
1218,-1.0,0,0,0,0,0,0
1219,-1.0,0,0,0,0,0,0
1220,0.2828,0,0,0,0,0,0
1221,-0.238,0,0,0,0,0,0
1222,0.8425,0,0,0,0,0,0
1223,-0.7427,0,0,0,0,0,0
1224,-1.0,0,0,0,0,0,0
1225,-0.4415,0,0,0,0,0,0
1226,-0.5631,0,0,0,0,0,0
1227,-1.0,0,0,0,0,0,0
1228,-1.0,0,0,0,0,0,0
1229,0.1833,0,0,0,0,0,0
1230,-1.0,0,0,0,0,0,0
1231,-0.6244,0,0,0,0,0,0
1232,0.4927,1,1,0,0,0,0
1233,-0.1593,0,1,0,0,0,0
1234,1.268,0,1,0,0,0,0
1235,-1.0,0,1,0,0,0,0
1236,-1.0,0,1,0,0,0,1
1237,1.9132,0,1,0,1,0,1
1238,5.961,0,1,0,0,0,1
1239,-0.1614,0,1,0,0,0,1
1240,1.0446,0,1,0,0,0,1
1241,2.273,0,0,0,0,0,1
1242,0.0,0,0,0,0,0,1
1243,-0.5408,0,0,0,0,0,1
1244,0.6616,0,0,0,0,0,1
1245,0.6227,0,0,0,0,0,1
1246,-1.0,0,0,0,0,0,0
1247,-1.0,0,0,0,0,0,0
1248,0.4862,0,0,0,0,0,0
1249,-1.0,0,0,0,0,0,0
1250,0.432,0,0,0,0,0,0
1251,-1.0,0,0,0,0,0,0
1252,-0.6856,0,0,0,0,0,0
1253,-0.0189,0,0,0,0,0,0
1254,-0.1924,0,0,0,0,0,0
1255,-1.0,0,0,0,0,0,0
1256,0.3061,0,0,0,0,0,0
1257,-1.0,0,0,0,0,0,0
1258,0.2005,0,0,0,0,0,0
1259,-1.0,0,0,0,0,0,0
1260,-0.9013,0,0,0,0,0,0
1261,-1.0,0,0,0,0,0,0
1262,-1.0,0,0,0,0,0,0
1263,-1.0,0,0,0,0,0,0
1264,1.7032,0,0,0,0,0,0
1265,-1.0,0,0,0,0,0,0
1266,-1.0,0,0,0,0,0,0
1267,0.5265,0,0,0,0,0,0
1268,0.6515,0,0,0,0,0,0
1269,0.1726,0,0,0,0,0,0
1270,0.2202,0,0,0,0,0,0
1271,-1.0,0,0,0,0,0,0
1272,-1.0,0,0,0,0,0,0
1273,-0.0526,1,1,0,0,0,0
1274,-0.7894,0,1,0,0,0,0
1275,-0.0702,0,1,0,0,0,0
1276,0.0233,0,1,0,0,0,0
1277,-0.3047,0,1,0,0,0,1
1278,1.8307,0,1,0,1,0,1
1279,-0.4848,0,1,0,0,0,1
1280,-0.0706,0,1,0,0,0,1
1281,0.4816,0,1,0,0,0,1
1282,2.2095,0,0,0,0,0,1
1283,0.8809,0,0,0,0,0,1
1284,2.2479,0,0,0,0,0,1
1285,-1.0,0,0,0,0,0,1
1286,-1.0,0,0,0,0,0,1
1287,2.9232,0,0,0,0,0,1
1288,-1.0,0,0,0,0,0,1
1289,0.2265,0,0,0,0,0,1
1290,-1.0,0,0,0,0,0,0
1291,-1.0,0,0,0,0,0,0
1292,-0.8326,0,0,0,0,0,0
1293,1.4367,0,0,0,0,0,0
1294,-0.0878,0,0,0,0,0,0
1295,1.567,0,0,0,0,0,0
1296,-1.0,0,0,0,0,0,0
1297,0.8715,0,0,0,0,0,0
1298,-1.0,0,0,0,0,0,0
1299,1.1422,0,0,0,0,0,0
1300,1.2296,0,0,0,0,0,0
1301,-0.505,0,0,0,0,0,0
1302,-1.0,0,0,0,0,0,0
1303,0.5127,0,0,0,0,0,0
1304,0.5398,0,0,0,0,0,0
1305,-1.0,0,0,0,0,0,0
1306,-1.0,0,0,0,0,0,0
1307,1.5526,0,0,0,0,0,0
1308,-1.0,0,0,0,0,0,0
1309,-1.0,0,0,0,0,0,0
1310,3.1751,0,0,0,0,0,0
1311,-0.3472,0,0,0,0,0,0
1312,-1.0,0,0,0,0,0,0
1313,-1.0,0,0,0,0,0,0
1314,2.098,1,0,1,0,0,0
1315,-0.717,0,0,1,0,0,0
1316,-1.0,0,0,1,0,0,0
1317,-1.0,0,0,1,0,0,0
1318,-1.0,0,0,1,0,0,0
1319,-1.0,0,0,1,0,0,0
1320,9.3007,0,0,1,0,1,1
1321,4.5024,0,0,1,0,1,1
1322,-0.934,0,0,1,0,1,1
1323,-1.0,0,0,0,0,1,1
1324,3.0099,0,0,0,0,1,1
1325,-0.832,0,0,0,0,1,1
1326,2.6138,0,0,0,0,1,1
1327,1.5225,0,0,0,0,1,1
1328,-1.0,0,0,0,0,1,1
1329,2.7045,0,0,0,0,1,1
1330,-0.625,0,0,0,0,1,1
1331,12.9785,0,0,0,0,1,1
1332,6.3588,0,0,0,0,0,0
1333,0.5288,0,0,0,0,0,0
1334,5.3197,0,0,0,0,1,1
1335,3.3609,0,0,0,0,1,1
1336,5.5147,0,0,0,0,0,0
1337,2.6152,0,0,0,0,0,0
1338,2.247,0,0,0,0,0,0
1339,3.4784,0,0,0,0,0,0
1340,2.1948,0,0,0,0,0,0
1341,6.5276,0,0,0,0,0,0
1342,2.7805,0,0,0,0,0,0
1343,5.2889,0,0,0,0,0,0
1344,3.0607,0,0,0,0,0,0
1345,0.2586,0,0,0,0,0,0
1346,-1.0,0,0,0,0,0,0
1347,5.7166,0,0,0,0,0,0
1348,1.4916,0,0,0,0,0,0
1349,0.1755,0,0,0,0,0,0
1350,-0.3728,0,0,0,0,0,0
1351,2.909,0,0,0,0,0,0
1352,-0.7285,0,0,0,0,0,0
1353,2.204,0,0,0,0,0,0
1354,0.2985,0,0,0,0,0,0
1355,1.1044,1,1,0,0,0,0
1356,-0.6693,0,1,0,0,0,0
1357,-1.0,0,1,0,0,0,0
1358,-0.0093,0,1,0,0,0,0
1359,0.47,0,1,0,0,0,0
1360,1.6276,0,1,0,1,0,1
1361,5.6333,0,1,0,0,0,1
1362,1.5594,0,1,0,0,0,1
1363,6.8979,0,1,0,0,0,1
1364,-1.0,0,0,0,0,0,1
1365,3.6812,0,0,0,0,0,1
1366,4.9168,0,0,0,0,0,1
1367,1.2207,0,0,0,0,0,1
1368,-0.0994,0,0,0,0,0,1
1369,3.6396,0,0,0,0,0,1
1370,3.681,0,0,0,0,0,1
1371,-1.0,0,0,0,0,0,1
1372,2.4317,0,0,0,0,0,1
1373,-0.2912,0,0,0,0,0,1
1374,-1.0,0,0,0,0,0,1
1375,-1.0,0,0,0,0,0,0
1376,0.8557,0,0,0,0,0,0
1377,0.3516,0,0,0,0,0,0
1378,1.6802,0,0,0,0,0,0
1379,-1.0,0,0,0,0,0,0
1380,-0.7502,0,0,0,0,0,0
1381,2.1892,0,0,0,0,0,0
1382,-1.0,0,0,0,0,0,0
1383,-0.1063,0,0,0,0,0,0
1384,-1.0,0,0,0,0,0,0
1385,0.6748,0,0,0,0,0,0
1386,4.022,0,0,0,0,0,0
1387,-0.6638,0,0,0,0,0,0
1388,2.099,0,0,0,0,0,0
1389,0.1446,0,0,0,0,0,0
1390,0.2862,0,0,0,0,0,0
1391,-1.0,0,0,0,0,0,0
1392,2.7605,0,0,0,0,0,0
1393,-0.9759,0,0,0,0,0,0
1394,1.5212,0,0,0,0,0,0
1395,1.7172,0,0,0,0,0,0
1396,-0.0217,1,1,0,0,0,0
1397,1.0817,0,1,0,0,0,0
1398,1.1198,0,1,0,0,0,0
1399,0.2117,0,1,0,0,0,0
1400,1.2771,0,1,0,0,0,1
1401,5.5096,0,1,0,1,0,1
1402,1.5975,0,1,0,0,0,1
1403,3.1796,0,1,0,0,0,1
1404,0.0,0,1,0,0,0,1
1405,3.4423,0,0,0,0,0,1
1406,1.598,0,0,0,0,0,1
1407,-0.4464,0,0,0,0,0,1
1408,-0.1317,0,0,0,0,0,1
1409,-0.1848,0,0,0,0,0,1
1410,-1.0,0,0,0,0,0,1
1411,0.4114,0,0,0,0,0,1
1412,-1.0,0,0,0,0,0,1
1413,-0.4853,0,0,0,0,0,1
1414,-1.0,0,0,0,0,0,1
1415,-0.7849,0,0,0,0,0,1
1416,2.5438,0,0,0,0,0,1
1417,-0.651,0,0,0,0,0,0
1418,-1.0,0,0,0,0,0,0
1419,-1.0,0,0,0,0,0,0
1420,1.0376,0,0,0,0,0,0
1421,0.097,0,0,0,0,0,0
1422,-0.4313,0,0,0,0,0,0
1423,-1.0,0,0,0,0,0,0
1424,-1.0,0,0,0,0,0,0
1425,0.8987,0,0,0,0,0,0
1426,-1.0,0,0,0,0,0,0
1427,0.104,0,0,0,0,0,0
1428,2.379,0,0,0,0,0,0
1429,-1.0,0,0,0,0,0,0
1430,-1.0,0,0,0,0,0,0
1431,-1.0,0,0,0,0,0,0
1432,-0.5774,0,0,0,0,0,0
1433,-1.0,0,0,0,0,0,0
1434,-1.0,0,0,0,0,0,0
1435,0.4602,0,0,0,0,0,0
1436,-1.0,0,0,0,0,0,0
1437,-0.862,1,1,0,0,0,0
1438,-1.0,0,1,0,0,0,0
1439,-1.0,0,1,0,0,0,0
1440,-1.0,0,1,0,0,0,1
1441,-0.0023,0,1,0,0,0,1
1442,2.1629,0,1,0,1,0,1
1443,-0.4086,0,1,0,0,0,1
1444,2.2489,0,1,0,0,0,1
1445,5.0948,0,1,0,0,0,1
1446,-0.7455,0,0,0,0,0,1
1447,2.2232,0,0,0,0,0,1
1448,2.9041,0,0,0,0,0,1
1449,0.6192,0,0,0,0,0,1
1450,0.6515,0,0,0,0,0,1
1451,0.7603,0,0,0,0,0,1
1452,0.4608,0,0,0,0,0,1
1453,1.2331,0,0,0,0,0,1
1454,2.6853,0,0,0,0,0,1
1455,2.8999,0,0,0,0,0,1
1456,1.9048,0,0,0,0,0,1
1457,-0.2207,0,0,0,0,0,1
1458,0.4976,0,0,0,0,0,1
1459,-0.85,0,0,0,0,0,0
1460,-0.7151,0,0,0,0,0,1
1461,-0.9212,0,0,0,0,0,0
1462,-0.2848,0,0,0,0,0,0
1463,0.2208,0,0,0,0,0,0
1464,1.0135,0,0,0,0,0,0
1465,-0.0068,0,0,0,0,0,0
1466,-0.5367,0,0,0,0,0,0
1467,-1.0,0,0,0,0,0,0
1468,1.7228,0,0,0,0,0,0
1469,1.7233,0,0,0,0,0,0
1470,0.4022,0,0,0,0,0,0
1471,1.4128,0,0,0,0,0,0
1472,-1.0,0,0,0,0,0,0
1473,-0.7655,0,0,0,0,0,0
1474,-1.0,0,0,0,0,0,0
1475,-1.0,0,0,0,0,0,0
1476,0.0,0,0,0,0,0,1
1477,0.1806,0,0,0,0,0,1
1478,2.3932,1,0,1,0,0,1
1479,-1.0,0,0,1,0,0,1
1480,3.5469,0,0,1,0,0,1
1481,-1.0,0,0,1,0,0,1
1482,5.7676,0,0,1,0,0,1
1483,3.833,0,0,1,0,0,0
1484,0.0507,0,0,1,0,1,1
1485,4.4478,0,0,1,0,1,1
1486,0.2194,0,0,1,0,1,1
1487,5.5145,0,0,0,0,1,1
1488,3.1247,0,0,0,0,0,0
1489,3.1367,0,0,0,0,0,0
1490,0.3323,0,0,0,0,0,0
1491,5.3563,0,0,0,0,0,0
1492,1.1541,0,0,0,0,0,0
1493,1.8339,0,0,0,0,0,0
1494,1.9961,0,0,0,0,0,0
1495,0.133,0,0,0,0,0,0
1496,0.749,0,0,0,0,0,0
1497,0.8648,0,0,0,0,0,0
1498,5.2555,0,0,0,0,0,0
1499,2.6699,0,0,0,0,0,0
1500,-0.0583,0,0,0,0,0,0
1501,0.6933,0,0,0,0,0,0
1502,2.9987,0,0,0,0,0,0
1503,1.4728,0,0,0,0,0,0
1504,2.6888,0,0,0,0,0,0
1505,2.9583,0,0,0,0,0,0
1506,-0.4952,0,0,0,0,0,0
1507,0.1164,0,0,0,0,0,0
1508,0.099,0,0,0,0,0,0
1509,2.2422,0,0,0,0,0,0
1510,-0.7167,0,0,0,0,0,0
1511,-1.0,0,0,0,0,0,0
1512,1.4175,0,0,0,0,0,0
1513,-0.7733,0,0,0,0,0,0
1514,-0.8733,0,0,0,0,0,0
1515,2.8223,0,0,0,0,0,0
1516,0.5164,0,0,0,0,0,0
1517,0.7776,0,0,0,0,0,0
1518,0.0311,0,0,0,0,0,0
1519,1.0774,1,1,0,0,0,0
1520,0.7262,0,1,0,0,0,0
1521,1.6725,0,1,0,0,0,0
1522,-1.0,0,1,0,0,0,0
1523,-1.0,0,1,0,0,0,1
1524,-0.1623,0,1,0,1,0,1
1525,-0.9645,0,1,0,0,0,1
1526,0.2969,0,1,0,0,0,1
1527,1.2668,0,1,0,0,0,1
1528,2.1735,0,0,0,0,0,1
1529,3.3607,0,0,0,0,0,1
1530,1.1393,0,0,0,0,0,1
1531,2.2356,0,0,0,0,0,1
1532,1.6478,0,0,0,0,0,1
1533,0.2399,0,0,0,0,0,1
1534,-1.0,0,0,0,0,0,1
1535,-1.0,0,0,0,0,0,1
1536,-1.0,0,0,0,0,0,1
1537,0.416,0,0,0,0,0,1
1538,0.6515,0,0,0,0,0,1
1539,0.5436,0,0,0,0,0,1
1540,-1.0,0,0,0,0,0,1
1541,-0.2163,0,0,0,0,0,1
1542,-1.0,0,0,0,0,0,0
1543,-0.1827,0,0,0,0,0,0
1544,-1.0,0,0,0,0,0,0
1545,-1.0,0,0,0,0,0,0
1546,1.7117,0,0,0,0,0,0
1547,1.1554,0,0,0,0,0,0
1548,0.3892,0,0,0,0,0,0
1549,-1.0,0,0,0,0,0,0
1550,-0.1195,0,0,0,0,0,0
1551,-1.0,0,0,0,0,0,0
1552,0.4829,0,0,0,0,0,0
1553,-0.4987,0,0,0,0,0,0
1554,0.2382,0,0,0,0,0,0
1555,-1.0,0,0,0,0,0,0
1556,-1.0,0,0,0,0,0,0
1557,-0.5656,0,0,0,0,0,0
1558,-1.0,0,0,0,0,0,0
1559,-0.2116,0,0,0,0,0,0
1560,-1.0,1,1,0,0,0,0
1561,-1.0,0,1,0,0,0,0
1562,-1.0,0,1,0,0,0,0
1563,2.2771,0,1,0,0,0,1
1564,0.7343,0,1,0,0,0,1
1565,2.2381,0,1,0,1,0,1
1566,2.5087,0,1,0,0,0,1
1567,0.5372,0,1,0,0,0,1
1568,-1.0,0,1,0,0,0,1
1569,-0.9438,0,0,0,0,0,1
1570,0.0443,0,0,0,0,0,1
1571,-1.0,0,0,0,0,0,1
1572,-1.0,0,0,0,0,0,1
1573,-0.4067,0,0,0,0,0,1
1574,-1.0,0,0,0,0,0,1
1575,0.8559,0,0,0,0,0,1
1576,-1.0,0,0,0,0,0,1
1577,1.6334,0,0,0,0,0,1
1578,-0.7274,0,0,0,0,0,1
1579,-0.5747,0,0,0,0,0,1
1580,-0.1736,0,0,0,0,0,1
1581,-0.5146,0,0,0,0,0,1
1582,-1.0,0,0,0,0,0,1
1583,-1.0,0,0,0,0,0,0
1584,-1.0,0,0,0,0,0,0
1585,-1.0,0,0,0,0,0,0
1586,-0.6982,0,0,0,0,0,0
1587,0.743,0,0,0,0,0,0
1588,-1.0,0,0,0,0,0,0
1589,-0.4116,0,0,0,0,0,0
1590,1.1366,0,0,0,0,0,0
1591,0.015,0,0,0,0,0,0
1592,-1.0,0,0,0,0,0,0
1593,-1.0,0,0,0,0,0,0
1594,-0.8146,0,0,0,0,0,0
1595,3.4355,0,0,0,0,0,0
1596,-0.3898,0,0,0,0,0,0
1597,-1.0,0,0,0,0,0,0
1598,2.2172,0,0,0,0,0,0
1599,-0.815,0,0,0,0,0,1
1600,0.362,0,0,0,0,0,1
1601,3.5235,1,1,0,0,0,1
1602,0.6578,0,1,0,0,0,1
1603,3.1759,0,1,0,0,0,1
1604,-1.0,0,1,0,0,0,1
1605,4.2148,0,1,0,0,0,1
1606,-0.1773,0,1,0,1,0,1
1607,1.4033,0,1,0,0,0,1
1608,4.0341,0,1,0,0,0,1
1609,-1.0,0,1,0,0,0,1
1610,-0.6695,0,0,0,0,0,1
1611,3.4888,0,0,0,0,0,1
1612,-1.0,0,0,0,0,0,1
1613,7.0718,0,0,0,0,0,1
1614,6.5102,0,0,0,0,0,1
1615,1.2753,0,0,0,0,0,1
1616,6.1329,0,0,0,0,0,1
1617,0.8475,0,0,0,0,0,1
1618,1.267,0,0,0,0,0,1
1619,1.707,0,0,0,0,0,1
1620,-0.5239,0,0,0,0,0,1
1621,-0.514,0,0,0,0,0,1
1622,0.6037,0,0,0,0,0,1
1623,-0.6141,0,0,0,0,0,1
1624,10.1939,0,0,0,0,0,1
1625,-0.1826,0,0,0,0,0,0
1626,-0.584,0,0,0,0,0,0
1627,0.5719,0,0,0,0,0,0
1628,-1.0,0,0,0,0,0,0
1629,-1.0,0,0,0,0,0,0
1630,4.7924,0,0,0,0,0,0
1631,-0.8741,0,0,0,0,0,0
1632,4.1212,0,0,0,0,0,0
1633,-1.0,0,0,0,0,0,0
1634,4.9171,0,0,0,0,0,0
1635,3.6211,0,0,0,0,0,0
1636,-1.0,0,0,0,0,0,0
1637,0.1516,0,0,0,0,0,0
1638,2.5077,0,0,0,0,0,0
1639,1.4289,0,0,0,0,0,0
1640,1.2114,0,0,0,0,0,1
1641,-0.105,0,0,0,0,0,1
1642,11.4831,1,0,1,0,0,1
1643,2.9825,0,0,1,0,0,1
1644,7.8056,0,0,1,0,0,1
1645,8.294,0,0,1,0,0,1
1646,3.3211,0,0,1,0,0,1
1647,9.9582,0,0,1,0,1,1
1648,10.6905,0,0,1,0,1,1
1649,-1.0,0,0,1,0,1,1
1650,-1.0,0,0,1,0,1,1
1651,2.2666,0,0,0,0,1,1
1652,2.1724,0,0,0,0,1,1
1653,0.9373,0,0,0,0,1,1
1654,-1.0,0,0,0,0,1,1
1655,1.3851,0,0,0,0,1,1
1656,3.7889,0,0,0,0,1,1
1657,6.3114,0,0,0,0,1,1
1658,1.1304,0,0,0,0,1,1
1659,1.3138,0,0,0,0,0,0
1660,-1.0,0,0,0,0,1,1
1661,2.851,0,0,0,0,1,1
1662,3.4542,0,0,0,0,1,1
1663,0.3895,0,0,0,0,1,1
1664,5.9593,0,0,0,0,1,1
1665,0.5868,0,0,0,0,1,1
1666,6.3093,0,0,0,0,0,0
1667,3.7013,0,0,0,0,0,0
1668,1.987,0,0,0,0,0,0
1669,3.4464,0,0,0,0,0,0
1670,0.8953,0,0,0,0,0,0
1671,0.2243,0,0,0,0,0,0
1672,2.3661,0,0,0,0,0,0
1673,3.3797,0,0,0,0,0,0
1674,2.5904,0,0,0,0,0,0
1675,-1.0,0,0,0,0,0,0
1676,3.327,0,0,0,0,0,0
1677,4.0804,0,0,0,0,0,0
1678,2.8332,0,0,0,0,0,0
1679,0.7508,0,0,0,0,0,0
1680,2.9138,0,0,0,0,0,0
1681,-0.4485,0,0,0,0,0,0
1682,-1.0,0,0,0,0,0,0
1683,-0.2613,1,0,1,0,0,0
1684,-0.6168,0,0,1,0,0,0
1685,-1.0,0,0,1,0,0,0
1686,0.3064,0,0,1,0,0,0
1687,0.3155,0,0,1,0,0,0
1688,0.9634,0,0,1,0,1,1
1689,3.2127,0,0,1,0,1,1
1690,1.6744,0,0,1,0,1,1
1691,0.6102,0,0,1,0,1,1
1692,1.5209,0,0,0,0,1,1
1693,0.2705,0,0,0,0,1,1
1694,1.6874,0,0,0,0,1,1
1695,-0.1188,0,0,0,0,1,1
1696,-0.3071,0,0,0,0,1,1
1697,0.5684,0,0,0,0,1,1
1698,0.0428,0,0,0,0,1,1
1699,1.6232,0,0,0,0,1,1
1700,0.9828,0,0,0,0,1,1
1701,-0.7377,0,0,0,0,1,1
1702,-0.3563,0,0,0,0,1,1
1703,-0.4652,0,0,0,0,1,1
1704,-1.0,0,0,0,0,0,0
1705,1.9367,0,0,0,0,0,0
1706,-1.0,0,0,0,0,0,0
1707,0.1995,0,0,0,0,0,0
1708,-0.9518,0,0,0,0,0,0
1709,-0.4951,0,0,0,0,0,0
1710,-1.0,0,0,0,0,0,0
1711,-0.6501,0,0,0,0,0,0
1712,1.1298,0,0,0,0,0,0
1713,-0.696,0,0,0,0,0,0
1714,0.0144,0,0,0,0,0,0
1715,0.4066,0,0,0,0,0,0
1716,-0.996,0,0,0,0,0,0
1717,-0.9441,0,0,0,0,0,0
1718,-0.8287,0,0,0,0,0,0
1719,-0.0375,0,0,0,0,0,0
1720,0.2203,0,0,0,0,0,0
1721,-1.0,0,0,0,0,0,0
1722,-0.7038,0,0,0,0,0,0
1723,-0.2382,0,0,0,0,0,0
1724,-0.1494,1,1,0,0,0,0
1725,-0.9521,0,1,0,0,0,0
1726,-1.0,0,1,0,0,0,0
1727,-0.8113,0,1,0,0,0,0
1728,-0.0633,0,1,0,0,0,1
1729,0.8375,0,1,0,1,0,1
1730,1.3741,0,1,0,0,0,1
1731,0.5131,0,1,0,0,0,1
1732,1.1055,0,1,0,0,0,1
1733,-1.0,0,0,0,0,0,1
1734,1.2544,0,0,0,0,0,1
1735,0.4638,0,0,0,0,0,1
1736,1.0126,0,0,0,0,0,1
1737,0.2703,0,0,0,0,0,1
1738,-0.533,0,0,0,0,0,1
1739,-0.1527,0,0,0,0,0,1
1740,0.3327,0,0,0,0,0,1
1741,-0.545,0,0,0,0,0,1
1742,-1.0,0,0,0,0,0,1
1743,-0.8211,0,0,0,0,0,1
1744,0.149,0,0,0,0,0,1
1745,-0.8277,0,0,0,0,0,1
1746,1.884,0,0,0,0,0,0
1747,-0.7398,0,0,0,0,0,0
1748,-0.008,0,0,0,0,0,0
1749,0.4934,0,0,0,0,0,0
1750,0.8765,0,0,0,0,0,0
1751,-1.0,0,0,0,0,0,0
1752,-1.0,0,0,0,0,0,0
1753,-1.0,0,0,0,0,0,0
1754,1.1289,0,0,0,0,0,0
1755,-1.0,0,0,0,0,0,0
1756,-1.0,0,0,0,0,0,0
1757,0.9343,0,0,0,0,0,0
1758,-0.7228,0,0,0,0,0,0
1759,-0.7564,0,0,0,0,0,0
1760,-1.0,0,0,0,0,0,0
1761,-1.0,0,0,0,0,0,0
1762,-1.0,0,0,0,0,0,0
1763,1.4094,0,0,0,0,0,1
1764,0.5947,0,0,0,0,0,1
1765,1.0248,1,0,1,0,0,1
1766,-0.4635,0,0,1,0,0,1
1767,0.2258,0,0,1,0,0,1
1768,1.7767,0,0,1,0,0,1
1769,-0.7175,0,0,1,0,0,1
1770,-1.0,0,0,1,0,1,1
1771,1.639,0,0,1,0,1,1
1772,1.9864,0,0,1,0,1,1
1773,2.0455,0,0,1,0,1,1
1774,3.5898,0,0,0,0,1,1
1775,1.9291,0,0,0,0,1,1
1776,-1.0,0,0,0,0,1,1
1777,0.9526,0,0,0,0,1,1
1778,1.9628,0,0,0,0,1,1
1779,-1.0,0,0,0,0,1,1
1780,-1.0,0,0,0,0,1,1
1781,0.1219,0,0,0,0,1,1
1782,1.9051,0,0,0,0,1,1
1783,2.2686,0,0,0,0,0,0
1784,3.0261,0,0,0,0,0,0
1785,-0.4572,0,0,0,0,0,0
1786,0.4322,0,0,0,0,0,0
1787,0.2359,0,0,0,0,0,0
1788,1.6974,0,0,0,0,0,0
1789,1.2844,0,0,0,0,0,0
1790,2.8079,0,0,0,0,0,0
1791,1.3489,0,0,0,0,0,0
1792,3.3862,0,0,0,0,0,0
1793,2.5791,0,0,0,0,0,0
1794,0.1987,0,0,0,0,0,0
1795,-0.3458,0,0,0,0,0,0
1796,-0.3325,0,0,0,0,0,0
1797,1.776,0,0,0,0,0,0
1798,0.5699,0,0,0,0,0,0
1799,1.6211,0,0,0,0,0,0
1800,4.718,0,0,0,0,0,0
1801,2.3421,0,0,0,0,0,0
1802,-0.5689,0,0,0,0,0,0
1803,2.6753,0,0,0,0,0,0
1804,-1.0,0,0,0,0,0,0
1805,-0.1925,0,0,0,0,0,0
1806,-0.2422,1,0,1,0,0,0
1807,0.4202,0,0,1,0,0,0
1808,-1.0,0,0,1,0,0,0
1809,0.0514,0,0,1,0,0,0
1810,1.3229,0,0,1,0,0,0
1811,-0.4379,0,0,1,0,0,0
1812,-0.5141,0,0,1,0,0,0
1813,0.6846,0,0,1,0,0,0
1814,-1.0,0,0,1,0,0,0
1815,-0.5539,0,0,0,0,0,0
1816,-0.5313,0,0,0,0,0,0
1817,-0.8294,0,0,0,0,0,0
1818,0.0557,0,0,0,0,0,0
1819,-0.1947,0,0,0,0,0,0
1820,-0.081,0,0,0,0,0,0
1821,-1.0,0,0,0,0,0,0
1822,-1.0,0,0,0,0,0,0
1823,-0.1592,0,0,0,0,0,0
1824,-0.0457,0,0,0,0,0,0
1825,0.546,0,0,0,0,0,0
1826,0.0782,0,0,0,0,0,0
1827,0.7606,0,0,0,0,0,0
1828,-0.2935,0,0,0,0,0,0
1829,0.64,0,0,0,0,0,0
1830,2.072,0,0,0,0,0,0
1831,-1.0,0,0,0,0,0,0
1832,1.526,0,0,0,0,0,0
1833,-1.0,0,0,0,0,0,0
1834,1.0091,0,0,0,0,0,0
1835,-0.714,0,0,0,0,0,0
1836,-1.0,0,0,0,0,0,0
1837,1.3236,0,0,0,0,0,0
1838,-1.0,0,0,0,0,0,0
1839,0.1697,0,0,0,0,0,0
1840,0.285,0,0,0,0,0,0
1841,1.0607,0,0,0,0,0,0
1842,0.3337,0,0,0,0,0,0
1843,-0.658,0,0,0,0,0,0
1844,0.5192,0,0,0,0,0,0
1845,1.7457,0,0,0,0,0,0
1846,2.0054,0,0,0,0,0,0
1847,2.4523,1,1,0,0,0,0
1848,1.0485,0,1,0,0,0,0
1849,-0.0194,0,1,0,0,0,0
1850,3.1213,0,1,0,0,0,0
1851,1.8738,0,1,0,0,0,0
1852,3.4739,0,1,0,0,0,0
1853,-1.0,0,1,0,0,0,0
1854,2.804,0,1,0,0,0,0
1855,-0.8057,0,1,0,0,0,0
1856,0.5923,0,0,0,0,0,0
1857,0.868,0,0,0,0,0,0
1858,-0.5969,0,0,0,0,0,0
1859,-0.1678,0,0,0,0,0,0
1860,1.7086,0,0,0,0,0,0
1861,0.9217,0,0,0,0,0,0
1862,-0.0638,0,0,0,0,0,0
1863,1.0298,0,0,0,0,0,0
1864,0.9065,0,0,0,0,0,0
1865,-0.2836,0,0,0,0,0,0
1866,-1.0,0,0,0,0,0,0
1867,-0.5312,0,0,0,0,0,0
1868,-1.0,0,0,0,0,0,0
1869,-0.0637,0,0,0,0,0,0
1870,1.0804,0,0,0,0,0,0
1871,-1.0,0,0,0,0,0,0
1872,-0.6742,0,0,0,0,0,0
1873,-0.8806,0,0,0,0,0,0
1874,2.5723,0,0,0,0,0,0
1875,-1.0,0,0,0,0,0,0
1876,1.7661,0,0,0,0,0,0
1877,0.9331,0,0,0,0,0,0
1878,-1.0,0,0,0,0,0,0
1879,1.0545,0,0,0,0,0,0
1880,-1.0,0,0,0,0,0,0
1881,0.2583,0,0,0,0,0,0
1882,-1.0,0,0,0,0,0,0
1883,-1.0,0,0,0,0,0,0
1884,-0.3746,0,0,0,0,0,0
1885,-0.0908,0,0,0,0,0,0
1886,-0.4857,0,0,0,0,0,0
1887,-1.0,0,0,0,0,0,0
1888,-0.7364,1,0,1,0,0,0
1889,-1.0,0,0,1,0,0,0
1890,-0.9472,0,0,1,0,0,0
1891,0.1583,0,0,1,0,0,0
1892,2.9632,0,0,1,0,0,0
1893,-0.4924,0,0,1,0,0,0
1894,0.15,0,0,1,0,1,1
1895,1.0156,0,0,1,0,1,1
1896,0.7066,0,0,1,0,1,1
1897,1.7801,0,0,0,0,1,1
1898,2.394,0,0,0,0,1,1
1899,1.8836,0,0,0,0,1,1
1900,1.6879,0,0,0,0,1,1
1901,1.5932,0,0,0,0,1,1
1902,6.0237,0,0,0,0,1,1
1903,2.4518,0,0,0,0,1,1
1904,0.2433,0,0,0,0,1,1
1905,1.1852,0,0,0,0,1,1
1906,-0.1511,0,0,0,0,1,1
1907,-0.978,0,0,0,0,1,1
1908,-0.3043,0,0,0,0,0,0
1909,-0.2751,0,0,0,0,1,1
1910,-1.0,0,0,0,0,1,1
1911,0.0,0,0,0,0,0,0
1912,0.1921,0,0,0,0,0,0
1913,1.0156,0,0,0,0,0,0
1914,-0.4162,0,0,0,0,0,0
1915,-0.1452,0,0,0,0,0,0
1916,-0.5955,0,0,0,0,0,0
1917,0.2359,0,0,0,0,0,0
1918,0.7248,0,0,0,0,0,0
1919,-1.0,0,0,0,0,0,0
1920,-0.3253,0,0,0,0,0,0
1921,0.2466,0,0,0,0,0,0
1922,0.7686,0,0,0,0,0,0
1923,0.9392,0,0,0,0,0,0
1924,0.3434,0,0,0,0,0,0
1925,-1.0,0,0,0,0,0,0
1926,-1.0,0,0,0,0,0,0
1927,-0.796,0,0,0,0,0,0
1928,-1.0,0,0,0,0,0,0
1929,-1.0,1,0,1,0,0,0
1930,-1.0,0,0,1,0,0,0
1931,-1.0,0,0,1,0,0,0
1932,2.7478,0,0,1,0,0,1
1933,-0.3811,0,0,1,0,0,1
1934,0.8047,0,0,1,0,1,1
1935,2.9664,0,0,1,0,1,1
1936,3.7415,0,0,1,0,1,1
1937,-0.0463,0,0,1,0,1,1
1938,2.3013,0,0,0,0,1,1
1939,1.9125,0,0,0,0,0,0
1940,1.8751,0,0,0,0,1,1
1941,-1.0,0,0,0,0,1,1
1942,2.0269,0,0,0,0,0,0
1943,2.2375,0,0,0,0,0,0
1944,3.4555,0,0,0,0,0,0
1945,0.1512,0,0,0,0,0,0
1946,2.18,0,0,0,0,0,0
1947,2.3659,0,0,0,0,0,0
1948,-0.5257,0,0,0,0,0,0
1949,-1.0,0,0,0,0,0,0
1950,-1.0,0,0,0,0,0,0
1951,-1.0,0,0,0,0,0,0
1952,0.9684,0,0,0,0,0,0
1953,1.1995,0,0,0,0,0,0
1954,0.0513,0,0,0,0,0,0
1955,0.0015,0,0,0,0,0,0
1956,-0.4029,0,0,0,0,0,0
1957,-0.4776,0,0,0,0,0,0
1958,0.3053,0,0,0,0,0,0
1959,-0.9177,0,0,0,0,0,0
1960,0.1105,0,0,0,0,0,0
1961,1.524,0,0,0,0,0,0
1962,-1.0,0,0,0,0,0,0
1963,-0.3805,0,0,0,0,0,0
1964,0.2835,0,0,0,0,0,0
1965,1.4898,0,0,0,0,0,0
1966,-1.0,0,0,0,0,0,0
1967,-1.0,0,0,0,0,0,0
1968,-0.3202,0,0,0,0,0,0
1969,-0.1502,0,0,0,0,0,0
1970,-0.0906,1,1,0,0,0,0
1971,0.0,0,1,0,0,0,0
1972,-1.0,0,1,0,0,0,0
1973,0.2753,0,1,0,0,0,0
1974,2.1508,0,1,0,0,0,1
1975,1.0315,0,1,0,1,0,1
1976,5.1842,0,1,0,0,0,1
1977,2.4041,0,1,0,0,0,1
1978,-0.0624,0,1,0,0,0,1
1979,0.3865,0,0,0,0,0,1
1980,2.9571,0,0,0,0,0,1
1981,3.4905,0,0,0,0,0,1
1982,0.8273,0,0,0,0,0,1
1983,1.1603,0,0,0,0,0,1
1984,-1.0,0,0,0,0,0,1
1985,-0.1872,0,0,0,0,0,1
1986,-1.0,0,0,0,0,0,1
1987,-0.3489,0,0,0,0,0,1
1988,-1.0,0,0,0,0,0,1
1989,-0.1965,0,0,0,0,0,1
1990,-0.0782,0,0,0,0,0,1
1991,0.0,0,0,0,0,0,1
1992,0.1976,0,0,0,0,0,0
1993,-1.0,0,0,0,0,0,0
1994,-1.0,0,0,0,0,0,0
1995,3.6675,0,0,0,0,0,0
1996,-1.0,0,0,0,0,0,0
1997,0.6983,0,0,0,0,0,0
1998,-1.0,0,0,0,0,0,0
1999,-0.0759,0,0,0,0,0,0
2000,2.2544,0,0,0,0,0,0
2001,1.3977,0,0,0,0,0,0
2002,-1.0,0,0,0,0,0,0
2003,-1.0,0,0,0,0,0,0
2004,-1.0,0,0,0,0,0,0
2005,-0.3403,0,0,0,0,0,0
2006,0.5286,0,0,0,0,0,0
2007,-1.0,0,0,0,0,0,0
2008,-1.0,0,0,0,0,0,0
2009,-1.0,0,0,0,0,0,0
2010,-0.9382,0,0,0,0,0,0
2011,-1.0,1,0,1,0,0,0
2012,-0.0997,0,0,1,0,0,0
2013,0.4149,0,0,1,0,0,0
2014,-1.0,0,0,1,0,0,0
2015,0.5717,0,0,1,0,0,1
2016,3.5439,0,0,1,0,1,1
2017,8.7962,0,0,1,0,1,1
2018,2.1313,0,0,1,0,1,1
2019,5.3617,0,0,1,0,1,1
2020,0.822,0,0,0,0,1,1
2021,0.3978,0,0,0,0,1,1
2022,-1.0,0,0,0,0,1,1
2023,0.9367,0,0,0,0,1,1
2024,0.0496,0,0,0,0,1,1
2025,1.3386,0,0,0,0,1,1
2026,0.9943,0,0,0,0,1,1
2027,-1.0,0,0,0,0,1,1
2028,-1.0,0,0,0,0,1,1
2029,-1.0,0,0,0,0,1,1
2030,-1.0,0,0,0,0,1,1
2031,0.353,0,0,0,0,1,1
2032,0.5287,0,0,0,0,1,1
2033,-1.0,0,0,0,0,1,1
2034,-0.9739,0,0,0,0,1,1
2035,-1.0,0,0,0,0,0,0
2036,1.8884,0,0,0,0,0,0
2037,-1.0,0,0,0,0,0,0
2038,2.3326,0,0,0,0,0,0
2039,-0.2052,0,0,0,0,0,0
2040,2.4732,0,0,0,0,0,0
2041,-1.0,0,0,0,0,0,0
2042,-1.0,0,0,0,0,0,0
2043,0.9567,0,0,0,0,0,0
2044,0.3588,0,0,0,0,0,0
2045,0.7194,0,0,0,0,0,0
2046,0.0602,0,0,0,0,0,0
2047,0.9038,0,0,0,0,0,0
2048,0.9785,0,0,0,0,0,0
2049,-0.4807,0,0,0,0,0,0
2050,1.4305,0,0,0,0,0,0
2051,0.163,0,0,0,0,0,0
2052,-1.0,1,1,0,0,0,0
2053,-1.0,0,1,0,0,0,0
2054,-1.0,0,1,0,0,0,0
2055,4.0857,0,1,0,0,0,0
2056,-0.1543,0,1,0,0,0,1
2057,2.6595,0,1,0,1,0,1
2058,2.1766,0,1,0,0,0,1
2059,-0.2732,0,1,0,0,0,1
2060,1.3383,0,1,0,0,0,1
2061,0.1132,0,0,0,0,0,1
2062,3.5769,0,0,0,0,0,1
2063,0.6807,0,0,0,0,0,1
2064,-1.0,0,0,0,0,0,1
2065,1.3176,0,0,0,0,0,1
2066,3.6626,0,0,0,0,0,1
2067,-0.4445,0,0,0,0,0,1
2068,-1.0,0,0,0,0,0,1
2069,0.0,0,0,0,0,0,1
2070,-1.0,0,0,0,0,0,1
2071,3.5975,0,0,0,0,0,1
2072,0.3819,0,0,0,0,0,0
2073,-0.8919,0,0,0,0,0,0
2074,1.0132,0,0,0,0,0,0
2075,1.8458,0,0,0,0,0,0
2076,-0.6823,0,0,0,0,0,0
2077,0.4033,0,0,0,0,0,0
2078,2.9134,0,0,0,0,0,0
2079,-0.3923,0,0,0,0,0,0
2080,0.1054,0,0,0,0,0,0
2081,0.0,0,0,0,0,0,0
2082,0.4105,0,0,0,0,0,0
2083,1.7395,0,0,0,0,0,0
2084,2.4338,0,0,0,0,0,0
2085,2.2161,0,0,0,0,0,0
2086,0.3864,0,0,0,0,0,0
2087,1.1237,0,0,0,0,0,0
2088,0.3479,0,0,0,0,0,0
2089,-1.0,0,0,0,0,0,0
2090,-0.4907,0,0,0,0,0,0
2091,-1.0,0,0,0,0,0,1
2092,1.9487,0,0,0,0,0,1
2093,2.015,1,0,1,0,0,1
2094,-0.4075,0,0,1,0,0,1
2095,-1.0,0,0,1,0,0,1
2096,0.6252,0,0,1,0,0,1
2097,0.6503,0,0,1,0,0,1
2098,-1.0,0,0,1,0,1,1
2099,1.8858,0,0,1,0,1,1
2100,1.4651,0,0,1,0,1,1
2101,1.5617,0,0,1,0,1,1
2102,-0.1669,0,0,0,0,1,1
2103,4.1543,0,0,0,0,1,1
2104,3.44,0,0,0,0,1,1
2105,2.3984,0,0,0,0,1,1
2106,9.1357,0,0,0,0,1,1
2107,3.5504,0,0,0,0,1,1
2108,2.3912,0,0,0,0,0,0
2109,0.0073,0,0,0,0,1,1
2110,3.2856,0,0,0,0,1,1
2111,3.3269,0,0,0,0,1,1
2112,3.7355,0,0,0,0,1,1
2113,1.9425,0,0,0,0,1,1
2114,1.1673,0,0,0,0,0,0
2115,0.8138,0,0,0,0,0,0
2116,6.8923,0,0,0,0,0,0
2117,0.7914,0,0,0,0,0,0
2118,1.8246,0,0,0,0,0,0
2119,0.7186,0,0,0,0,0,0
2120,-0.7126,0,0,0,0,0,0
2121,1.7434,0,0,0,0,0,0
2122,3.4624,0,0,0,0,0,0
2123,1.8595,0,0,0,0,0,0
2124,4.3061,0,0,0,0,0,0
2125,-1.0,0,0,0,0,0,0
2126,0.7283,0,0,0,0,0,0
2127,1.1146,0,0,0,0,0,0
2128,3.272,0,0,0,0,0,0
2129,1.0979,0,0,0,0,0,0
2130,3.5322,0,0,0,0,0,0
2131,3.7504,0,0,0,0,0,0
2132,-0.0246,0,0,0,0,0,0
2133,-1.0,0,0,0,0,0,0
2134,-0.1851,1,1,0,0,0,0
2135,-1.0,0,1,0,0,0,0
2136,-0.5427,0,1,0,0,0,0
2137,-0.8507,0,1,0,0,0,0
2138,0.2656,0,1,0,0,0,0
2139,0.6732,0,1,0,0,0,0
2140,-0.0464,0,1,0,0,0,0
2141,0.7698,0,1,0,0,0,0
2142,1.5354,0,1,0,0,0,0
2143,-0.4955,0,0,0,0,0,0
2144,-0.8937,0,0,0,0,0,0
2145,3.2926,0,0,0,0,0,0
2146,0.4614,0,0,0,0,0,0
2147,0.2449,0,0,0,0,0,0
2148,0.215,0,0,0,0,0,0
2149,-0.0178,0,0,0,0,0,0
2150,-1.0,0,0,0,0,0,0
2151,0.3858,0,0,0,0,0,0
2152,-1.0,0,0,0,0,0,0
2153,-0.6139,0,0,0,0,0,0
2154,2.1086,0,0,0,0,0,0
2155,2.2687,0,0,0,0,0,0
2156,-0.4556,0,0,0,0,0,0
2157,-0.3638,0,0,0,0,0,0
2158,0.2016,0,0,0,0,0,0
2159,-1.0,0,0,0,0,0,0
2160,-0.735,0,0,0,0,0,0
2161,-0.9376,0,0,0,0,0,0
2162,-0.0411,0,0,0,0,0,0
2163,0.073,0,0,0,0,0,0
2164,1.7581,0,0,0,0,0,0
2165,-1.0,0,0,0,0,0,0
2166,2.1379,0,0,0,0,0,0
2167,-0.7834,0,0,0,0,0,0
2168,-1.0,0,0,0,0,0,0
2169,3.1244,0,0,0,0,0,0
2170,-0.8679,0,0,0,0,0,0
2171,-0.6603,0,0,0,0,0,0
2172,1.3285,0,0,0,0,0,0
2173,-1.0,0,0,0,0,0,1
2174,-0.8116,0,0,0,0,0,1
2175,-1.0,1,1,0,0,0,0
2176,-1.0,0,1,0,0,0,1
2177,-0.2483,0,1,0,0,0,1
2178,0.2566,0,1,0,0,0,0
2179,-0.5947,0,1,0,0,0,0
2180,-0.1188,0,1,0,1,0,1
2181,0.1961,0,1,0,0,0,1
2182,0.3564,0,1,0,0,0,1
2183,1.0639,0,1,0,0,0,1
2184,2.303,0,0,0,0,0,1
2185,0.5543,0,0,0,0,0,1
2186,-1.0,0,0,0,0,0,1
2187,-0.4153,0,0,0,0,0,1
2188,0.8264,0,0,0,0,0,1
2189,2.7244,0,0,0,0,0,1
2190,0.1135,0,0,0,0,0,1
2191,-1.0,0,0,0,0,0,1
2192,-1.0,0,0,0,0,0,1
2193,0.6552,0,0,0,0,0,1
2194,1.072,0,0,0,0,0,1
2195,0.9107,0,0,0,0,0,1
2196,0.0988,0,0,0,0,0,1
2197,0.4748,0,0,0,0,0,1
2198,2.6876,0,0,0,0,0,1
2199,1.9593,0,0,0,0,0,0
2200,0.0,0,0,0,0,0,0
2201,1.2838,0,0,0,0,0,0
2202,1.7288,0,0,0,0,0,0
2203,-0.3091,0,0,0,0,0,0
2204,0.131,0,0,0,0,0,0
2205,-1.0,0,0,0,0,0,0
2206,-0.7412,0,0,0,0,0,0
2207,0.0,0,0,0,0,0,0
2208,0.2892,0,0,0,0,0,0
2209,0.5536,0,0,0,0,0,0
2210,-1.0,0,0,0,0,0,0
2211,-0.9901,0,0,0,0,0,0
2212,-0.753,0,0,0,0,0,0
2213,0.8061,0,0,0,0,0,0
2214,-0.342,0,0,0,0,0,0
2215,1.4556,0,0,0,0,0,0
2216,-0.343,1,0,1,0,0,0
2217,1.1593,0,0,1,0,0,0
2218,0.3286,0,0,1,0,0,0
2219,-1.0,0,0,1,0,0,0
2220,0.4699,0,0,1,0,0,0
2221,-1.0,0,0,1,0,0,0
2222,-0.6907,0,0,1,0,0,0
2223,-0.143,0,0,1,0,1,1
2224,4.3959,0,0,1,0,1,1
2225,1.8472,0,0,0,0,1,1
2226,1.9796,0,0,0,0,1,1
2227,-0.4253,0,0,0,0,1,1
2228,-0.854,0,0,0,0,1,1
2229,1.3942,0,0,0,0,1,1
2230,-0.9353,0,0,0,0,1,1
2231,0.9117,0,0,0,0,1,1
2232,1.8358,0,0,0,0,1,1
2233,1.0545,0,0,0,0,1,1
2234,0.4702,0,0,0,0,0,0
2235,-0.1225,0,0,0,0,1,1
2236,-0.1121,0,0,0,0,1,1
2237,-1.0,0,0,0,0,0,0
2238,-1.0,0,0,0,0,0,0
2239,0.6664,0,0,0,0,0,0
2240,-1.0,0,0,0,0,0,0
2241,-0.3488,0,0,0,0,0,0
2242,0.745,0,0,0,0,0,0
2243,0.3167,0,0,0,0,0,0
2244,0.6019,0,0,0,0,0,0
2245,1.1695,0,0,0,0,0,0
2246,-1.0,0,0,0,0,0,0
2247,0.7379,0,0,0,0,0,0
2248,-1.0,0,0,0,0,0,0
2249,-1.0,0,0,0,0,0,0
2250,-0.4074,0,0,0,0,0,0
2251,-1.0,0,0,0,0,0,0
2252,-1.0,0,0,0,0,0,0
2253,0.0,0,0,0,0,0,0
2254,-0.5944,0,0,0,0,0,0
2255,-1.0,0,0,0,0,0,0
2256,-0.8611,0,0,0,0,0,0
2257,-0.6026,1,1,0,0,0,0
2258,-1.0,0,1,0,0,0,0
2259,-1.0,0,1,0,0,0,0
2260,0.1044,0,1,0,0,0,0
2261,1.9913,0,1,0,0,0,0
2262,-0.1712,0,1,0,1,0,1
2263,1.471,0,1,0,0,0,1
2264,0.2839,0,1,0,0,0,1
2265,0.6616,0,1,0,0,0,1
2266,-1.0,0,0,0,0,0,1
2267,0.7584,0,0,0,0,0,1
2268,-1.0,0,0,0,0,0,1
2269,-1.0,0,0,0,0,0,1
2270,-0.1538,0,0,0,0,0,1
2271,0.9764,0,0,0,0,0,1
2272,-1.0,0,0,0,0,0,1
2273,1.5868,0,0,0,0,0,1
2274,-0.7625,0,0,0,0,0,1
2275,0.5003,0,0,0,0,0,1
2276,1.8436,0,0,0,0,0,1
2277,1.7052,0,0,0,0,0,1
2278,-1.0,0,0,0,0,0,1
2279,-1.0,0,0,0,0,0,1
2280,0.7316,0,0,0,0,0,1
2281,-1.0,0,0,0,0,0,0
2282,-1.0,0,0,0,0,0,0
2283,-0.8237,0,0,0,0,0,0
2284,0.5567,0,0,0,0,0,0
2285,0.774,0,0,0,0,0,0
2286,-0.4246,0,0,0,0,0,0
2287,0.426,0,0,0,0,0,0
2288,1.7949,0,0,0,0,0,0
2289,-0.7883,0,0,0,0,0,0
2290,0.8316,0,0,0,0,0,0
2291,0.7885,0,0,0,0,0,0
2292,0.5627,0,0,0,0,0,0
2293,0.9175,0,0,0,0,0,0
2294,-1.0,0,0,0,0,0,0
2295,1.1681,0,0,0,0,0,0
2296,-1.0,0,0,0,0,0,0
2297,-0.2618,0,0,0,0,0,0
2298,1.6384,1,0,1,0,0,0
2299,0.3608,0,0,1,0,0,0
2300,-0.5786,0,0,1,0,0,0
2301,-0.6852,0,0,1,0,0,0
2302,-1.0,0,0,1,0,0,1
2303,-0.2401,0,0,1,0,1,1
2304,3.3589,0,0,1,0,1,1
2305,0.0179,0,0,1,0,1,1
2306,0.8754,0,0,1,0,1,1
2307,2.966,0,0,0,0,1,1
2308,0.3132,0,0,0,0,1,1
2309,-0.6027,0,0,0,0,1,1
2310,-1.0,0,0,0,0,1,1
2311,-0.9805,0,0,0,0,1,1
2312,0.4103,0,0,0,0,1,1
2313,1.105,0,0,0,0,1,1
2314,1.5387,0,0,0,0,1,1
2315,1.2003,0,0,0,0,1,1
2316,1.7208,0,0,0,0,0,0
2317,-1.0,0,0,0,0,1,1
2318,-0.7302,0,0,0,0,1,1
2319,1.4332,0,0,0,0,0,0
2320,-0.7696,0,0,0,0,0,0
2321,2.338,0,0,0,0,0,0
2322,-1.0,0,0,0,0,0,0
2323,1.4793,0,0,0,0,0,0
2324,0.3405,0,0,0,0,0,0
2325,3.5114,0,0,0,0,0,0
2326,1.7161,0,0,0,0,0,0
2327,-0.5003,0,0,0,0,0,0
2328,-0.1949,0,0,0,0,0,0
2329,-0.7811,0,0,0,0,0,0
2330,-0.0024,0,0,0,0,0,0
2331,-1.0,0,0,0,0,0,0
2332,-0.2262,0,0,0,0,0,0
2333,-0.8147,0,0,0,0,0,0
2334,0.0408,0,0,0,0,0,0
2335,1.6837,0,0,0,0,0,0
2336,0.0693,0,0,0,0,0,0
2337,-1.0,0,0,0,0,0,0
2338,0.0721,0,0,0,0,0,0
2339,-0.478,1,1,0,0,0,0
2340,-0.8631,0,1,0,0,0,0
2341,-0.9666,0,1,0,0,0,0
2342,2.3175,0,1,0,0,0,0
2343,1.5953,0,1,0,0,0,1
2344,1.1309,0,1,0,1,0,1
2345,1.5455,0,1,0,0,0,1
2346,-0.1314,0,1,0,0,0,1
2347,1.2919,0,1,0,0,0,1
2348,-1.0,0,0,0,0,0,1
2349,-0.7163,0,0,0,0,0,1
2350,-1.0,0,0,0,0,0,1
2351,-0.7706,0,0,0,0,0,1
2352,0.6695,0,0,0,0,0,1
2353,-1.0,0,0,0,0,0,1
2354,-0.6942,0,0,0,0,0,1
2355,1.6679,0,0,0,0,0,1
2356,-0.9607,0,0,0,0,0,1
2357,0.3408,0,0,0,0,0,1
2358,-1.0,0,0,0,0,0,1
2359,-0.8817,0,0,0,0,0,1
2360,0.0,0,0,0,0,0,1
2361,-0.6228,0,0,0,0,0,1
2362,1.4964,0,0,0,0,0,0
2363,-1.0,0,0,0,0,0,0
2364,-1.0,0,0,0,0,0,0
2365,-0.1704,0,0,0,0,0,0
2366,-0.211,0,0,0,0,0,0
2367,-1.0,0,0,0,0,0,0
2368,0.2294,0,0,0,0,0,0
2369,0.4555,0,0,0,0,0,0
2370,-0.2659,0,0,0,0,0,0
2371,-1.0,0,0,0,0,0,0
2372,-0.934,0,0,0,0,0,0
2373,-1.0,0,0,0,0,0,0
2374,0.9978,0,0,0,0,0,0
2375,-0.7228,0,0,0,0,0,0
2376,-0.8981,0,0,0,0,0,0
2377,-1.0,0,0,0,0,0,0
2378,3.1472,0,0,0,0,0,1
2379,4.2552,0,0,0,0,0,1
2380,2.949,1,1,0,0,0,1
2381,-0.0214,0,1,0,0,0,1
2382,1.2039,0,1,0,0,0,1
2383,0.4364,0,1,0,0,0,1
2384,1.3231,0,1,0,0,0,1
2385,0.9315,0,1,0,1,0,1
2386,1.5395,0,1,0,0,0,1
2387,0.7947,0,1,0,0,0,1
2388,-0.6054,0,1,0,0,0,1
2389,1.4789,0,0,0,0,0,1
2390,0.3741,0,0,0,0,0,1
2391,1.0083,0,0,0,0,0,1
2392,0.0568,0,0,0,0,0,1
2393,-0.2834,0,0,0,0,0,1
2394,0.0,0,0,0,0,0,1
2395,-1.0,0,0,0,0,0,1
2396,-0.2844,0,0,0,0,0,1
2397,0.7008,0,0,0,0,0,1
2398,0.3978,0,0,0,0,0,1
2399,-0.8904,0,0,0,0,0,1
2400,-0.8188,0,0,0,0,0,1
2401,1.4327,0,0,0,0,0,1
2402,-1.0,0,0,0,0,0,1
2403,-1.0,0,0,0,0,0,1
2404,0.1775,0,0,0,0,0,0
2405,0.716,0,0,0,0,0,0
2406,1.147,0,0,0,0,0,0
2407,0.746,0,0,0,0,0,0
2408,0.6356,0,0,0,0,0,0
2409,2.9182,0,0,0,0,0,0
2410,0.2425,0,0,0,0,0,0
2411,-0.4186,0,0,0,0,0,0
2412,-0.1023,0,0,0,0,0,0
2413,2.7559,0,0,0,0,0,0
2414,0.0252,0,0,0,0,0,0
2415,-0.8743,0,0,0,0,0,0
2416,2.6319,0,0,0,0,0,0
2417,-1.0,0,0,0,0,0,0
2418,3.0461,0,0,0,0,0,0
2419,-1.0,0,0,0,0,0,0
2420,1.4618,0,0,0,0,0,0
2421,-0.6642,1,1,0,0,0,1
2422,2.4531,0,1,0,0,0,1
2423,6.2492,0,1,0,0,0,1
2424,3.8153,0,1,0,0,0,1
2425,2.0425,0,1,0,0,0,1
2426,3.2499,0,1,0,1,0,1
2427,0.1692,0,1,0,0,0,1
2428,1.7548,0,1,0,0,0,1
2429,-0.2197,0,1,0,0,0,1
2430,2.8619,0,0,0,0,0,1
2431,3.2397,0,0,0,0,0,1
2432,-1.0,0,0,0,0,0,1
2433,1.994,0,0,0,0,0,1
2434,3.2712,0,0,0,0,0,1
2435,-1.0,0,0,0,0,0,1
2436,-0.1259,0,0,0,0,0,1
2437,3.1904,0,0,0,0,0,1
2438,0.3563,0,0,0,0,0,1
2439,-0.1566,0,0,0,0,0,1
2440,-1.0,0,0,0,0,0,1
2441,-1.0,0,0,0,0,0,1
2442,-0.6312,0,0,0,0,0,1
2443,2.4164,0,0,0,0,0,1
2444,0.8194,0,0,0,0,0,1
2445,-0.1903,0,0,0,0,0,0
2446,1.4144,0,0,0,0,0,0
2447,0.0832,0,0,0,0,0,0
2448,-0.1849,0,0,0,0,0,0
2449,-0.9021,0,0,0,0,0,0
2450,1.385,0,0,0,0,0,0
2451,-0.5822,0,0,0,0,0,0
2452,1.4669,0,0,0,0,0,0
2453,0.328,0,0,0,0,0,0
2454,0.8662,0,0,0,0,0,0
2455,0.411,0,0,0,0,0,0
2456,4.2799,0,0,0,0,0,0
2457,2.1572,0,0,0,0,0,0
2458,4.769,0,0,0,0,0,0
2459,5.4619,0,0,0,0,0,0
2460,-1.0,0,0,0,0,0,0
2461,0.0251,0,0,0,0,0,0
2462,2.5395,1,0,1,0,0,0
2463,1.0254,0,0,1,0,0,0
2464,-1.0,0,0,1,0,0,0
2465,0.9431,0,0,1,0,0,0
2466,-0.7,0,0,1,0,0,0
2467,-0.4536,0,0,1,0,0,0
2468,1.3756,0,0,1,0,0,0
2469,4.9755,0,0,1,0,0,0
2470,0.7431,0,0,1,0,0,0
2471,1.421,0,0,0,0,0,0
2472,0.7028,0,0,0,0,0,0
2473,-1.0,0,0,0,0,0,0
2474,-1.0,0,0,0,0,0,0
2475,-0.6465,0,0,0,0,0,0
2476,-0.5418,0,0,0,0,0,0
2477,1.6394,0,0,0,0,0,0
2478,-1.0,0,0,0,0,0,0
2479,0.3464,0,0,0,0,0,0
2480,0.3865,0,0,0,0,0,0
2481,-1.0,0,0,0,0,0,0
2482,-1.0,0,0,0,0,0,0
2483,-0.1543,0,0,0,0,0,0
2484,0.4552,0,0,0,0,0,0
2485,-1.0,0,0,0,0,0,0
2486,0.4764,0,0,0,0,0,0
2487,0.1761,0,0,0,0,0,0
2488,-0.6168,0,0,0,0,0,0
2489,-0.7955,0,0,0,0,0,0
2490,-0.2662,0,0,0,0,0,0
2491,-0.3669,0,0,0,0,0,0
2492,-0.4188,0,0,0,0,0,0
2493,0.2132,0,0,0,0,0,0
2494,0.8369,0,0,0,0,0,0
2495,0.0853,0,0,0,0,0,0
2496,-1.0,0,0,0,0,0,0
2497,0.7626,0,0,0,0,0,0
2498,-1.0,0,0,0,0,0,0
2499,-1.0,0,0,0,0,0,0
2500,1.3343,0,0,0,0,0,0
2501,2.1638,0,0,0,0,0,0
2502,-1.0,0,0,0,0,0,0
2503,-0.5548,1,1,0,0,0,0
2504,-0.9258,0,1,0,0,0,0
2505,-0.9447,0,1,0,0,0,0
2506,-0.8649,0,1,0,0,0,0
2507,-1.0,0,1,0,0,0,1
2508,0.1673,0,1,0,1,0,1
2509,0.1102,0,1,0,0,0,1
2510,-0.954,0,1,0,0,0,1
2511,0.0388,0,1,0,0,0,1
2512,0.6057,0,0,0,0,0,1
2513,0.028,0,0,0,0,0,1
2514,1.1143,0,0,0,0,0,1
2515,0.0911,0,0,0,0,0,1
2516,0.7296,0,0,0,0,0,1
2517,1.5529,0,0,0,0,0,1
2518,1.3338,0,0,0,0,0,1
2519,-0.1786,0,0,0,0,0,1
2520,-0.9495,0,0,0,0,0,1
2521,0.1671,0,0,0,0,0,1
2522,3.0436,0,0,0,0,0,1
2523,0.6183,0,0,0,0,0,1
2524,-0.3979,0,0,0,0,0,1
2525,-0.6491,0,0,0,0,0,1
2526,0.744,0,0,0,0,0,1
2527,-0.2378,0,0,0,0,0,0
2528,0.8067,0,0,0,0,0,0
2529,0.3514,0,0,0,0,0,0
2530,0.6319,0,0,0,0,0,0
2531,1.5055,0,0,0,0,0,0
2532,-0.2778,0,0,0,0,0,0
2533,1.3272,0,0,0,0,0,0
2534,0.2853,0,0,0,0,0,0
2535,-1.0,0,0,0,0,0,0
2536,-0.3981,0,0,0,0,0,0
2537,0.7196,0,0,0,0,0,0
2538,1.8105,0,0,0,0,0,0
2539,-0.5327,0,0,0,0,0,0
2540,-1.0,0,0,0,0,0,0
2541,0.3318,0,0,0,0,0,0
2542,-0.5752,0,0,0,0,0,0
2543,0.912,0,0,0,0,0,0
2544,-0.986,1,1,0,0,0,0
2545,0.9278,0,1,0,0,0,0
2546,-0.3556,0,1,0,0,0,0
2547,-1.0,0,1,0,0,0,1
2548,-1.0,0,1,0,0,0,1
2549,-0.4057,0,1,0,1,0,1
2550,-0.147,0,1,0,0,0,1
2551,-0.0334,0,1,0,0,0,1
2552,0.9375,0,1,0,0,0,1
2553,-0.5217,0,0,0,0,0,1
2554,0.0389,0,0,0,0,0,1
2555,-1.0,0,0,0,0,0,1
2556,0.2249,0,0,0,0,0,1
2557,-0.5262,0,0,0,0,0,1
2558,0.2797,0,0,0,0,0,1
2559,0.7944,0,0,0,0,0,1
2560,-0.5145,0,0,0,0,0,1
2561,0.0,0,0,0,0,0,1
2562,0.1474,0,0,0,0,0,1
2563,-1.0,0,0,0,0,0,1
2564,-1.0,0,0,0,0,0,1
2565,0.1904,0,0,0,0,0,1
2566,-1.0,0,0,0,0,0,1
2567,0.7037,0,0,0,0,0,1
2568,-1.0,0,0,0,0,0,0
2569,-0.1894,0,0,0,0,0,0
2570,-0.4816,0,0,0,0,0,0
2571,-0.4899,0,0,0,0,0,0
2572,1.6137,0,0,0,0,0,0
2573,-0.1484,0,0,0,0,0,0
2574,-1.0,0,0,0,0,0,0
2575,-1.0,0,0,0,0,0,0
2576,-1.0,0,0,0,0,0,0
2577,2.7328,0,0,0,0,0,0
2578,-1.0,0,0,0,0,0,0
2579,-1.0,0,0,0,0,0,0
2580,2.0966,0,0,0,0,0,0
2581,-1.0,0,0,0,0,0,0
2582,2.7646,0,0,0,0,0,0
2583,-1.0,0,0,0,0,0,0
2584,1.3448,0,0,0,0,0,0
2585,-0.8746,1,0,1,0,0,0
2586,-0.5432,0,0,1,0,0,0
2587,-1.0,0,0,1,0,0,1
2588,-1.0,0,0,1,0,0,1
2589,3.0023,0,0,1,0,0,1
2590,-0.5009,0,0,1,0,1,1
2591,0.0,0,0,1,0,1,1
2592,2.3928,0,0,1,0,1,1
2593,2.3534,0,0,1,0,1,1
2594,6.095,0,0,0,0,1,1
2595,2.9514,0,0,0,0,1,1
2596,4.1229,0,0,0,0,1,1
2597,1.7816,0,0,0,0,1,1
2598,4.1194,0,0,0,0,1,1
2599,3.3875,0,0,0,0,1,1
2600,0.8975,0,0,0,0,1,1
2601,2.3252,0,0,0,0,1,1
2602,-0.3472,0,0,0,0,1,1
2603,2.4636,0,0,0,0,1,1
2604,2.7234,0,0,0,0,1,1
2605,0.8235,0,0,0,0,1,1
2606,0.054,0,0,0,0,1,1
2607,4.1922,0,0,0,0,1,1
2608,2.0643,0,0,0,0,1,1
2609,4.3331,0,0,0,0,0,0
2610,4.9661,0,0,0,0,0,0
2611,3.0505,0,0,0,0,0,0
2612,3.2692,0,0,0,0,0,0
2613,-1.0,0,0,0,0,0,0
2614,1.8506,0,0,0,0,0,0
2615,0.1144,0,0,0,0,0,0
2616,2.6862,0,0,0,0,0,0
2617,2.8702,0,0,0,0,0,0
2618,3.5043,0,0,0,0,0,0
2619,2.8241,0,0,0,0,0,0
2620,2.3701,0,0,0,0,0,0
2621,1.3553,0,0,0,0,0,0
2622,-0.432,0,0,0,0,0,0
2623,3.0716,0,0,0,0,0,0
2624,1.3415,0,0,0,0,0,0
2625,-0.0843,0,0,0,0,0,0
2626,-0.3174,1,1,0,0,0,0
2627,-0.9963,0,1,0,0,0,0
2628,-0.7288,0,1,0,0,0,0
2629,-0.6215,0,1,0,0,0,0
2630,-1.0,0,1,0,0,0,0
2631,-1.0,0,1,0,0,0,0
2632,0.03,0,1,0,0,0,0
2633,0.59,0,1,0,0,0,0
2634,0.1898,0,1,0,0,0,0
2635,-0.5986,0,0,0,0,0,0
2636,-0.0821,0,0,0,0,0,0
2637,0.3333,0,0,0,0,0,0
2638,-1.0,0,0,0,0,0,0
2639,-1.0,0,0,0,0,0,0
2640,-1.0,0,0,0,0,0,0
2641,0.6039,0,0,0,0,0,0
2642,-0.7685,0,0,0,0,0,0
2643,0.5506,0,0,0,0,0,0
2644,-0.6672,0,0,0,0,0,0
2645,-1.0,0,0,0,0,0,0
2646,-1.0,0,0,0,0,0,0
2647,-0.2366,0,0,0,0,0,0
2648,2.6335,0,0,0,0,0,0
2649,-1.0,0,0,0,0,0,0
2650,-1.0,0,0,0,0,0,0
2651,1.3806,0,0,0,0,0,0
2652,-0.7056,0,0,0,0,0,0
2653,-1.0,0,0,0,0,0,0
2654,-0.8121,0,0,0,0,0,0
2655,0.571,0,0,0,0,0,0
2656,0.6886,0,0,0,0,0,0
2657,1.1347,0,0,0,0,0,0
2658,-0.103,0,0,0,0,0,0
2659,0.2695,0,0,0,0,0,0
2660,-0.4165,0,0,0,0,0,0
2661,-0.0992,0,0,0,0,0,0
2662,2.5093,0,0,0,0,0,0
2663,-0.4889,0,0,0,0,0,0
2664,1.84,0,0,0,0,0,0
2665,0.4304,0,0,0,0,0,0
2666,1.387,0,0,0,0,0,0
2667,4.4827,1,1,0,0,0,0
2668,4.8323,0,1,0,0,0,0
2669,2.4983,0,1,0,0,0,0
2670,2.6796,0,1,0,0,0,0
2671,4.8982,0,1,0,0,0,0
2672,1.053,0,1,0,1,0,1
2673,0.7911,0,1,0,0,0,1
2674,-0.2531,0,1,0,0,0,0
2675,-0.4438,0,1,0,0,0,0
2676,-0.2542,0,0,0,0,0,0
2677,0.518,0,0,0,0,0,0
2678,0.2052,0,0,0,0,0,0
2679,0.935,0,0,0,0,0,0
2680,-0.0838,0,0,0,0,0,0
2681,-0.7006,0,0,0,0,0,0
2682,-0.5898,0,0,0,0,0,0
2683,-1.0,0,0,0,0,0,0
2684,0.0429,0,0,0,0,0,0
2685,0.9136,0,0,0,0,0,0
2686,-1.0,0,0,0,0,0,0
2687,-1.0,0,0,0,0,0,0
2688,-0.56,0,0,0,0,0,0
2689,-1.0,0,0,0,0,0,0
2690,-0.6801,0,0,0,0,0,0
2691,-0.7946,0,0,0,0,0,0
2692,-0.7976,0,0,0,0,0,0
2693,0.2431,0,0,0,0,0,0
2694,0.5002,0,0,0,0,0,0
2695,-1.0,0,0,0,0,0,0
2696,-0.2966,0,0,0,0,0,0
2697,0.7736,0,0,0,0,0,0
2698,0.4047,0,0,0,0,0,0
2699,0.6254,0,0,0,0,0,0
2700,-0.6391,0,0,0,0,0,0
2701,-0.6902,0,0,0,0,0,0
2702,0.2536,0,0,0,0,0,0
2703,-0.7594,0,0,0,0,0,0
2704,-0.2339,0,0,0,0,0,0
2705,0.6751,0,0,0,0,0,0
2706,-1.0,0,0,0,0,0,0
2707,-0.6562,0,0,0,0,0,0
2708,-0.9324,1,0,1,0,0,0
2709,-0.8846,0,0,1,0,0,0
2710,0.2812,0,0,1,0,0,0
2711,2.1854,0,0,1,0,0,0
2712,0.4771,0,0,1,0,0,1
2713,-1.0,0,0,1,0,1,1
2714,0.0,0,0,1,0,1,1
2715,-0.6585,0,0,1,0,1,1
2716,3.3574,0,0,1,0,1,1
2717,-0.5041,0,0,0,0,1,1
2718,2.0907,0,0,0,0,1,1
2719,1.9778,0,0,0,0,1,1
2720,4.549,0,0,0,0,1,1
2721,0.5951,0,0,0,0,1,1
2722,-0.1535,0,0,0,0,1,1
2723,3.4887,0,0,0,0,1,1
2724,2.761,0,0,0,0,1,1
2725,1.4928,0,0,0,0,1,1
2726,-0.7983,0,0,0,0,1,1
2727,-1.0,0,0,0,0,0,0
2728,-1.0,0,0,0,0,0,0
2729,-0.2347,0,0,0,0,0,0
2730,1.4062,0,0,0,0,0,0
2731,-1.0,0,0,0,0,0,0
2732,0.3711,0,0,0,0,0,0
2733,-0.8705,0,0,0,0,0,0
2734,3.2146,0,0,0,0,0,0
2735,-0.5674,0,0,0,0,0,0
2736,1.6826,0,0,0,0,0,0
2737,2.9304,0,0,0,0,0,0
2738,0.1752,0,0,0,0,0,0
2739,2.3027,0,0,0,0,0,0
2740,-1.0,0,0,0,0,0,0
2741,0.4601,0,0,0,0,0,0
2742,-1.0,0,0,0,0,0,0
2743,-1.0,0,0,0,0,0,0
2744,-1.0,0,0,0,0,0,0
2745,-0.5184,0,0,0,0,0,0
2746,0.2004,0,0,0,0,0,0
2747,-1.0,0,0,0,0,0,0
2748,-1.0,0,0,0,0,0,0
2749,-1.0,1,0,1,0,0,0
2750,0.7943,0,0,1,0,0,0
2751,-0.779,0,0,1,0,0,0
2752,-0.6589,0,0,1,0,0,0
2753,0.777,0,0,1,0,0,1
2754,1.4471,0,0,1,0,1,1
2755,0.0928,0,0,1,0,1,1
2756,0.9444,0,0,1,0,1,1
2757,-1.0,0,0,1,0,1,1
2758,3.6205,0,0,0,0,1,1
2759,-0.9221,0,0,0,0,1,1
2760,1.36,0,0,0,0,1,1
2761,2.7223,0,0,0,0,1,1
2762,2.8175,0,0,0,0,1,1
2763,0.9345,0,0,0,0,1,1
2764,-1.0,0,0,0,0,1,1
2765,0.3817,0,0,0,0,0,0
2766,0.1788,0,0,0,0,0,0
2767,-0.0904,0,0,0,0,0,0
2768,0.1631,0,0,0,0,0,0
2769,0.72,0,0,0,0,0,0
2770,2.5311,0,0,0,0,0,0
2771,-0.8207,0,0,0,0,0,0
2772,-0.4599,0,0,0,0,0,0
2773,-0.7511,0,0,0,0,0,0
2774,0.1378,0,0,0,0,0,0
2775,-1.0,0,0,0,0,0,0
2776,-1.0,0,0,0,0,0,0
2777,-1.0,0,0,0,0,0,0
2778,1.7649,0,0,0,0,0,0
2779,0.2607,0,0,0,0,0,0
2780,1.8914,0,0,0,0,0,0
2781,0.6328,0,0,0,0,0,0
2782,-1.0,0,0,0,0,0,0
2783,-0.5462,0,0,0,0,0,0
2784,-1.0,0,0,0,0,0,0
2785,-1.0,0,0,0,0,0,0
2786,-1.0,0,0,0,0,0,0
2787,-0.7581,0,0,0,0,0,0
2788,-1.0,0,0,0,0,0,0
2789,-1.0,0,0,0,0,0,0
2790,0.7557,1,1,0,0,0,0
2791,0.4389,0,1,0,0,0,0
2792,2.2851,0,1,0,0,0,0
2793,0.5288,0,1,0,0,0,0
2794,-0.8099,0,1,0,0,0,0
2795,-0.369,0,1,0,1,0,1
2796,0.2749,0,1,0,0,0,1
2797,0.1791,0,1,0,0,0,1
2798,0.48,0,1,0,0,0,1
2799,-1.0,0,0,0,0,0,1
2800,-1.0,0,0,0,0,0,1
2801,-0.7614,0,0,0,0,0,1
2802,-1.0,0,0,0,0,0,1
2803,-1.0,0,0,0,0,0,1
2804,2.3257,0,0,0,0,0,1
2805,0.0,0,0,0,0,0,1
2806,-1.0,0,0,0,0,0,1
2807,1.6257,0,0,0,0,0,1
2808,-1.0,0,0,0,0,0,1
2809,1.0494,0,0,0,0,0,1
2810,0.8763,0,0,0,0,0,0
2811,2.2955,0,0,0,0,0,0
2812,1.887,0,0,0,0,0,0
2813,1.5698,0,0,0,0,0,0
2814,-0.9733,0,0,0,0,0,0
2815,-0.4597,0,0,0,0,0,0
2816,-1.0,0,0,0,0,0,0
2817,0.7732,0,0,0,0,0,0
2818,-1.0,0,0,0,0,0,0
2819,-1.0,0,0,0,0,0,0
2820,-1.0,0,0,0,0,0,0
2821,0.6332,0,0,0,0,0,0
2822,0.9089,0,0,0,0,0,0
2823,1.3076,0,0,0,0,0,0
2824,-0.0447,0,0,0,0,0,0
2825,-1.0,0,0,0,0,0,0
2826,-0.7053,0,0,0,0,0,0
2827,1.3551,0,0,0,0,0,0
2828,1.2328,0,0,0,0,0,0
2829,0.2374,0,0,0,0,0,0
2830,0.1035,0,0,0,0,0,0
2831,-0.5329,1,1,0,0,0,0
2832,-1.0,0,1,0,0,0,0
2833,-1.0,0,1,0,0,0,0
2834,3.6777,0,1,0,0,0,0
2835,-0.2669,0,1,0,0,0,1
2836,3.8667,0,1,0,1,0,1
2837,1.4693,0,1,0,0,0,1
2838,3.5406,0,1,0,0,0,1
2839,0.8125,0,1,0,0,0,1
2840,2.799,0,0,0,0,0,1
2841,0.6456,0,0,0,0,0,1
2842,-0.4001,0,0,0,0,0,1
2843,1.4073,0,0,0,0,0,1
2844,1.7465,0,0,0,0,0,1
2845,1.4673,0,0,0,0,0,1
2846,-0.8478,0,0,0,0,0,1
2847,-1.0,0,0,0,0,0,1
2848,2.5607,0,0,0,0,0,1
2849,1.2102,0,0,0,0,0,1
2850,1.18,0,0,0,0,0,1
2851,-1.0,0,0,0,0,0,1
2852,-0.2399,0,0,0,0,0,1
2853,0.1217,0,0,0,0,0,1
2854,0.8246,0,0,0,0,0,0
2855,2.0079,0,0,0,0,0,0
2856,0.3914,0,0,0,0,0,0
2857,3.0836,0,0,0,0,0,0
2858,-0.5682,0,0,0,0,0,0
2859,2.0266,0,0,0,0,0,0
2860,0.5586,0,0,0,0,0,0
2861,2.0839,0,0,0,0,0,0
2862,-1.0,0,0,0,0,0,0
2863,-0.8877,0,0,0,0,0,0
2864,-1.0,0,0,0,0,0,0
2865,2.0321,0,0,0,0,0,0
2866,0.6205,0,0,0,0,0,0
2867,-1.0,0,0,0,0,0,0
2868,-1.0,0,0,0,0,0,0
2869,0.2755,0,0,0,0,0,0
2870,-0.1863,0,0,0,0,0,1
2871,1.9311,0,0,0,0,0,1
2872,2.111,1,1,0,0,0,1
2873,-0.22,0,1,0,0,0,1
2874,2.3261,0,1,0,0,0,1
2875,0.5938,0,1,0,0,0,1
2876,1.2744,0,1,0,0,0,1
2877,2.4532,0,1,0,1,0,1
2878,3.0616,0,1,0,0,0,1
2879,1.5456,0,1,0,0,0,1
2880,-0.052,0,1,0,0,0,1
2881,0.6008,0,0,0,0,0,0
2882,1.3754,0,0,0,0,0,0
2883,2.4022,0,0,0,0,0,0
2884,-0.5914,0,0,0,0,0,0
2885,2.7162,0,0,0,0,0,0
2886,2.1361,0,0,0,0,0,1
2887,0.2005,0,0,0,0,0,1
2888,0.0,0,0,0,0,0,1
2889,-1.0,0,0,0,0,0,1
2890,-0.1351,0,0,0,0,0,1
2891,-0.0061,0,0,0,0,0,1
2892,-0.1236,0,0,0,0,0,1
2893,-1.0,0,0,0,0,0,1
2894,1.0526,0,0,0,0,0,1
2895,-1.0,0,0,0,0,0,1
2896,-0.0899,0,0,0,0,0,0
2897,-1.0,0,0,0,0,0,0
2898,2.8846,0,0,0,0,0,0
2899,0.2998,0,0,0,0,0,0
2900,-1.0,0,0,0,0,0,0
2901,-1.0,0,0,0,0,0,0
2902,-1.0,0,0,0,0,0,0
2903,-1.0,0,0,0,0,0,0
2904,1.3247,0,0,0,0,0,0
2905,-0.699,0,0,0,0,0,0
2906,-0.0104,0,0,0,0,0,0
2907,-1.0,0,0,0,0,0,0
2908,-0.3433,0,0,0,0,0,0
2909,2.1293,0,0,0,0,0,0
2910,-0.789,0,0,0,0,0,0
2911,-0.6989,0,0,0,0,0,0
2912,-0.5538,0,0,0,0,0,0
2913,-0.2359,1,0,1,0,0,0
2914,-1.0,0,0,1,0,0,0
2915,-0.3931,0,0,1,0,0,0
2916,-0.2507,0,0,1,0,0,0
2917,1.9187,0,0,1,0,0,1
2918,-0.2443,0,0,1,0,1,1
2919,-1.0,0,0,1,0,1,1
2920,0.786,0,0,1,0,1,1
2921,0.5118,0,0,1,0,1,1
2922,-0.4325,0,0,0,0,1,1
2923,-0.9873,0,0,0,0,1,1
2924,-0.3191,0,0,0,0,1,1
2925,1.0983,0,0,0,0,1,1
2926,2.2136,0,0,0,0,1,1
2927,0.8418,0,0,0,0,1,1
2928,1.116,0,0,0,0,1,1
2929,0.6302,0,0,0,0,1,1
2930,0.1413,0,0,0,0,1,1
2931,1.2683,0,0,0,0,1,1
2932,0.2966,0,0,0,0,1,1
2933,0.6688,0,0,0,0,1,1
2934,-0.2644,0,0,0,0,1,1
2935,2.2113,0,0,0,0,1,1
2936,3.1374,0,0,0,0,1,1
2937,-0.7444,0,0,0,0,0,0
2938,-0.7289,0,0,0,0,0,0
2939,-1.0,0,0,0,0,0,0
2940,0.7124,0,0,0,0,0,0
2941,0.8719,0,0,0,0,0,0
2942,0.2693,0,0,0,0,0,0
2943,-1.0,0,0,0,0,0,0
2944,-0.9909,0,0,0,0,0,0
2945,-0.356,0,0,0,0,0,0
2946,0.9996,0,0,0,0,0,0
2947,0.1361,0,0,0,0,0,0
2948,-1.0,0,0,0,0,0,0
2949,0.0,0,0,0,0,0,0
2950,-1.0,0,0,0,0,0,0
2951,0.1251,0,0,0,0,0,0
2952,-0.1291,0,0,0,0,0,0
2953,-1.0,0,0,0,0,0,0
2954,-1.0,1,1,0,0,0,0
2955,-1.0,0,1,0,0,0,0
2956,-0.4561,0,1,0,0,0,0
2957,-0.8315,0,1,0,0,0,0
2958,0.8914,0,1,0,0,0,1
2959,0.14,0,1,0,1,0,1
2960,2.7023,0,1,0,0,0,1
2961,1.9868,0,1,0,0,0,1
2962,0.1161,0,1,0,0,0,1
2963,-0.9931,0,0,0,0,0,1
2964,-0.3845,0,0,0,0,0,1
2965,-1.0,0,0,0,0,0,1
2966,1.1452,0,0,0,0,0,1
2967,-1.0,0,0,0,0,0,1
2968,1.1562,0,0,0,0,0,1
2969,-1.0,0,0,0,0,0,1
2970,-0.3101,0,0,0,0,0,1
2971,1.0182,0,0,0,0,0,1
2972,-0.9704,0,0,0,0,0,1
2973,1.7824,0,0,0,0,0,0
2974,-0.9333,0,0,0,0,0,0
2975,-1.0,0,0,0,0,0,0
2976,-1.0,0,0,0,0,0,0
2977,-0.4557,0,0,0,0,0,0
2978,-1.0,0,0,0,0,0,0
2979,0.9638,0,0,0,0,0,0
2980,-1.0,0,0,0,0,0,0
2981,1.039,0,0,0,0,0,0
2982,2.0846,0,0,0,0,0,0
2983,0.6979,0,0,0,0,0,0
2984,-1.0,0,0,0,0,0,0
2985,1.1529,0,0,0,0,0,0
2986,-1.0,0,0,0,0,0,0
2987,2.6203,0,0,0,0,0,0
2988,-0.1332,0,0,0,0,0,0
2989,-0.6944,0,0,0,0,0,0
2990,0.0,0,0,0,0,0,0
2991,0.8773,0,0,0,0,0,0
2992,1.8015,0,0,0,0,0,0
2993,-0.1426,0,0,0,0,0,0
2994,0.253,0,0,0,0,0,0
2995,0.4531,1,0,1,0,0,0
2996,0.7282,0,0,1,0,0,0
2997,-0.7215,0,0,1,0,0,0
2998,3.0844,0,0,1,0,0,0
2999,0.6734,0,0,1,0,0,1
3000,1.4084,0,0,1,0,1,1
3001,0.1394,0,0,1,0,1,1
3002,-1.0,0,0,1,0,1,1
3003,1.3444,0,0,1,0,1,1
3004,0.763,0,0,0,0,1,1
3005,-1.0,0,0,0,0,1,1
3006,1.9857,0,0,0,0,1,1
3007,1.6575,0,0,0,0,1,1
3008,-1.0,0,0,0,0,1,1
3009,1.808,0,0,0,0,1,1
3010,1.7867,0,0,0,0,1,1
3011,0.156,0,0,0,0,1,1
3012,1.3081,0,0,0,0,1,1
3013,-0.4483,0,0,0,0,1,1
3014,1.0553,0,0,0,0,1,1
3015,-0.8533,0,0,0,0,1,1
3016,-0.3968,0,0,0,0,0,0
3017,-0.9915,0,0,0,0,1,1
3018,-1.0,0,0,0,0,1,1
3019,0.5593,0,0,0,0,0,0
3020,0.5722,0,0,0,0,0,0
3021,-0.5218,0,0,0,0,0,0
3022,-0.8067,0,0,0,0,0,0
3023,-1.0,0,0,0,0,0,0
3024,0.7243,0,0,0,0,0,0
3025,0.6662,0,0,0,0,0,0
3026,-1.0,0,0,0,0,0,0
3027,2.1148,0,0,0,0,0,0
3028,-0.838,0,0,0,0,0,0
3029,0.6842,0,0,0,0,0,0
3030,-1.0,0,0,0,0,0,0
3031,-1.0,0,0,0,0,0,0
3032,-0.8201,0,0,0,0,0,0
3033,-0.1959,0,0,0,0,0,0
3034,3.254,0,0,0,0,0,0
3035,1.5434,0,0,0,0,0,0
3036,0.5351,1,0,1,0,0,0
3037,-1.0,0,0,1,0,0,0
3038,-0.4746,0,0,1,0,0,0
3039,1.4596,0,0,1,0,0,0
3040,0.3701,0,0,1,0,0,1
3041,1.5855,0,0,1,0,1,1
3042,1.5461,0,0,1,0,1,1
3043,0.1642,0,0,1,0,1,1
3044,-0.0267,0,0,1,0,1,1
3045,1.3436,0,0,0,0,1,1
3046,5.8453,0,0,0,0,1,1
3047,0.1207,0,0,0,0,1,1
3048,0.8929,0,0,0,0,1,1
3049,-0.4637,0,0,0,0,1,1
3050,-1.0,0,0,0,0,1,1
3051,-1.0,0,0,0,0,1,1
3052,-0.4458,0,0,0,0,1,1
3053,0.1763,0,0,0,0,1,1
3054,3.9856,0,0,0,0,1,1
3055,1.5216,0,0,0,0,0,0
3056,6.6684,0,0,0,0,0,0
3057,-0.2341,0,0,0,0,0,0
3058,1.9671,0,0,0,0,0,0
3059,0.4921,0,0,0,0,0,0
3060,1.8946,0,0,0,0,0,0
3061,-0.0103,0,0,0,0,0,0
3062,2.2198,0,0,0,0,0,0
3063,0.2517,0,0,0,0,0,0
3064,-0.4121,0,0,0,0,0,0
3065,0.1757,0,0,0,0,0,0
3066,0.6888,0,0,0,0,0,0
3067,-1.0,0,0,0,0,0,0
3068,-0.7408,0,0,0,0,0,0
3069,-1.0,0,0,0,0,0,0
3070,-0.0145,0,0,0,0,0,0
3071,-1.0,0,0,0,0,0,0
3072,0.1973,0,0,0,0,0,0
3073,-0.9602,0,0,0,0,0,0
3074,-0.175,0,0,0,0,0,0
3075,1.2851,0,0,0,0,0,0
3076,-1.0,0,0,0,0,0,0
3077,2.1096,1,0,1,0,0,0
3078,-0.1331,0,0,1,0,0,0
3079,-1.0,0,0,1,0,0,0
3080,0.2473,0,0,1,0,0,0
3081,-0.3065,0,0,1,0,0,0
3082,1.073,0,0,1,0,1,1
3083,-0.4224,0,0,1,0,1,1
3084,0.1387,0,0,1,0,1,1
3085,0.9309,0,0,1,0,1,1
3086,-0.5649,0,0,0,0,1,1
3087,3.5433,0,0,0,0,1,1
3088,1.2268,0,0,0,0,1,1
3089,1.7019,0,0,0,0,1,1
3090,-0.8122,0,0,0,0,1,1
3091,-0.4794,0,0,0,0,1,1
3092,4.0464,0,0,0,0,1,1
3093,-0.4297,0,0,0,0,0,0
3094,-0.4053,0,0,0,0,0,0
3095,-1.0,0,0,0,0,0,0
3096,-0.1307,0,0,0,0,0,0
3097,-0.0441,0,0,0,0,0,0
3098,-0.3506,0,0,0,0,0,0
3099,-0.4014,0,0,0,0,0,0
3100,-0.2499,0,0,0,0,1,1
3101,-1.0,0,0,0,0,0,0
3102,-1.0,0,0,0,0,0,0
3103,-0.7236,0,0,0,0,0,0
3104,0.3465,0,0,0,0,0,0
3105,-1.0,0,0,0,0,0,0
3106,-0.2549,0,0,0,0,0,0
3107,0.1916,0,0,0,0,0,0
3108,-1.0,0,0,0,0,0,0
3109,2.8128,0,0,0,0,0,0
3110,-1.0,0,0,0,0,0,0
3111,3.4036,0,0,0,0,0,0
3112,2.0661,0,0,0,0,0,0
3113,-1.0,0,0,0,0,0,0
3114,-1.0,0,0,0,0,0,0
3115,0.5838,0,0,0,0,0,0
3116,8.4887,0,0,0,0,0,0
3117,-0.3389,0,0,0,0,0,0
3118,-1.0,1,1,0,0,0,0
3119,0.7438,0,1,0,0,0,0
3120,0.782,0,1,0,0,0,0
3121,-0.0579,0,1,0,0,0,0
3122,2.0792,0,1,0,0,0,1
3123,2.0591,0,1,0,1,0,1
3124,2.1388,0,1,0,0,0,1
3125,0.7965,0,1,0,0,0,1
3126,4.303,0,1,0,0,0,1
3127,-0.0042,0,0,0,0,0,1
3128,1.0549,0,0,0,0,0,1
3129,-1.0,0,0,0,0,0,1
3130,-0.3166,0,0,0,0,0,1
3131,-0.6501,0,0,0,0,0,1
3132,0.2263,0,0,0,0,0,1
3133,-0.1592,0,0,0,0,0,1
3134,-0.1743,0,0,0,0,0,1
3135,0.67,0,0,0,0,0,1
3136,-1.0,0,0,0,0,0,1
3137,-0.5561,0,0,0,0,0,1
3138,2.4255,0,0,0,0,0,1
3139,2.6695,0,0,0,0,0,0
3140,2.141,0,0,0,0,0,0
3141,1.4068,0,0,0,0,0,0
3142,2.4192,0,0,0,0,0,0
3143,7.5524,0,0,0,0,0,0
3144,5.6855,0,0,0,0,0,0
3145,1.2483,0,0,0,0,0,0
3146,0.2018,0,0,0,0,0,0
3147,2.623,0,0,0,0,0,0
3148,0.6567,0,0,0,0,0,0
3149,2.0152,0,0,0,0,0,0
3150,0.5338,0,0,0,0,0,0
3151,-1.0,0,0,0,0,0,0
3152,1.7373,0,0,0,0,0,0
3153,1.1331,0,0,0,0,0,0
3154,-0.3155,0,0,0,0,0,0
3155,-0.1657,0,0,0,0,0,0
3156,-0.0229,0,0,0,0,0,0
3157,1.8846,0,0,0,0,0,0
3158,1.9932,0,0,0,0,0,0
3159,-0.7825,1,0,1,0,0,0
3160,-1.0,0,0,1,0,0,0
3161,2.2685,0,0,1,0,0,0
3162,1.4595,0,0,1,0,0,0
3163,2.4342,0,0,1,0,0,0
3164,-1.0,0,0,1,0,0,0
3165,1.3433,0,0,1,0,0,0
3166,0.7012,0,0,1,0,1,1
3167,2.6524,0,0,1,0,1,1
3168,-0.5758,0,0,0,0,1,1
3169,2.5612,0,0,0,0,1,1
3170,-0.3769,0,0,0,0,1,1
3171,1.2864,0,0,0,0,1,1
3172,0.3816,0,0,0,0,1,1
3173,1.501,0,0,0,0,1,1
3174,3.6984,0,0,0,0,0,0
3175,0.5966,0,0,0,0,1,1
3176,2.4887,0,0,0,0,1,1
3177,-0.7716,0,0,0,0,0,0
3178,-1.0,0,0,0,0,0,0
3179,0.276,0,0,0,0,0,0
3180,3.1731,0,0,0,0,0,0
3181,-1.0,0,0,0,0,0,0
3182,0.6926,0,0,0,0,0,0
3183,0.6824,0,0,0,0,0,0
3184,-1.0,0,0,0,0,0,0
3185,-0.7077,0,0,0,0,0,0
3186,-0.7286,0,0,0,0,0,0
3187,-1.0,0,0,0,0,0,0
3188,0.0678,0,0,0,0,0,0
3189,0.8927,0,0,0,0,0,0
3190,-0.9719,0,0,0,0,0,0
3191,-0.5442,0,0,0,0,0,0
3192,0.2607,0,0,0,0,0,0
3193,-1.0,0,0,0,0,0,0
3194,-0.0314,0,0,0,0,0,0
3195,-0.1292,0,0,0,0,0,0
3196,0.9346,0,0,0,0,0,0
3197,0.4385,0,0,0,0,0,0
3198,3.5154,0,0,0,0,0,0
3199,2.3216,0,0,0,0,0,0
3200,-0.2908,1,1,0,0,0,0
3201,-0.1882,0,1,0,0,0,0
3202,-0.3835,0,1,0,0,0,0
3203,0.6619,0,1,0,0,0,0
3204,-0.9235,0,1,0,0,0,0
3205,-0.4654,0,1,0,1,0,1
3206,1.2879,0,1,0,0,0,1
3207,1.7086,0,1,0,0,0,1
3208,0.6941,0,1,0,0,0,1
3209,0.1546,0,0,0,0,0,1
3210,0.1831,0,0,0,0,0,1
3211,-1.0,0,0,0,0,0,1
3212,1.3007,0,0,0,0,0,1
3213,1.3706,0,0,0,0,0,1
3214,0.0933,0,0,0,0,0,1
3215,-0.1181,0,0,0,0,0,1
3216,-0.58,0,0,0,0,0,1
3217,-0.4372,0,0,0,0,0,1
3218,-1.0,0,0,0,0,0,1
3219,-0.7645,0,0,0,0,0,1
3220,0.8862,0,0,0,0,0,1
3221,0.11,0,0,0,0,0,1
3222,0.1943,0,0,0,0,0,1
3223,0.9703,0,0,0,0,0,0
3224,1.6119,0,0,0,0,0,0
3225,1.0512,0,0,0,0,0,0
3226,-1.0,0,0,0,0,0,0
3227,0.5251,0,0,0,0,0,0
3228,0.0094,0,0,0,0,0,0
3229,-1.0,0,0,0,0,0,0
3230,0.4992,0,0,0,0,0,0
3231,-0.7862,0,0,0,0,0,0
3232,-0.6553,0,0,0,0,0,0
3233,0.487,0,0,0,0,0,0
3234,-1.0,0,0,0,0,0,0
3235,-0.9233,0,0,0,0,0,0
3236,0.6347,0,0,0,0,0,0
3237,-0.2522,0,0,0,0,0,0
3238,-0.6291,0,0,0,0,0,0
3239,-0.3659,0,0,0,0,0,0
3240,0.3841,0,0,0,0,0,0
3241,-0.1701,1,1,0,0,0,0
3242,-1.0,0,1,0,0,0,0
3243,-0.0143,0,1,0,0,0,0
3244,0.1493,0,1,0,0,0,0
3245,2.1642,0,1,0,0,0,0
3246,0.4867,0,1,0,0,0,0
3247,0.4929,0,1,0,0,0,0
3248,0.4947,0,1,0,0,0,0
3249,-1.0,0,1,0,0,0,0
3250,-1.0,0,0,0,0,0,0
3251,-1.0,0,0,0,0,0,0
3252,-1.0,0,0,0,0,0,0
3253,2.3084,0,0,0,0,0,0
3254,0.0094,0,0,0,0,0,0
3255,2.5598,0,0,0,0,0,0
3256,-0.0571,0,0,0,0,0,0
3257,-0.516,0,0,0,0,0,0
3258,0.5872,0,0,0,0,0,0
3259,1.105,0,0,0,0,0,0
3260,0.2729,0,0,0,0,0,0
3261,-1.0,0,0,0,0,0,0
3262,-1.0,0,0,0,0,0,0
3263,-0.9078,0,0,0,0,0,0
3264,-1.0,0,0,0,0,0,0
3265,0.0797,0,0,0,0,0,0
3266,0.1935,0,0,0,0,0,0
3267,2.1395,0,0,0,0,0,0
3268,-0.8227,0,0,0,0,0,0
3269,-0.3458,0,0,0,0,0,0
3270,-0.019,0,0,0,0,0,0
3271,0.3465,0,0,0,0,0,0
3272,-0.8865,0,0,0,0,0,0
3273,-0.1773,0,0,0,0,0,0
3274,-0.5448,0,0,0,0,0,0
3275,0.479,0,0,0,0,0,0
3276,0.6738,0,0,0,0,0,0
3277,-0.4022,0,0,0,0,0,0
3278,-1.0,0,0,0,0,0,0
3279,-1.0,0,0,0,0,0,0
3280,0.3363,0,0,0,0,0,1
3281,6.4935,0,0,0,0,0,1
3282,1.069,1,1,0,0,0,0
3283,1.113,0,1,0,0,0,0
3284,0.3292,0,1,0,0,0,0
3285,0.1405,0,1,0,0,0,0
3286,-0.3463,0,1,0,0,0,0
3287,1.0899,0,1,0,1,0,1
3288,-0.3745,0,1,0,0,0,1
3289,-0.1693,0,1,0,0,0,0
3290,2.0118,0,1,0,0,0,0
3291,-1.0,0,0,0,0,0,0
3292,-0.6836,0,0,0,0,0,1
3293,-0.7748,0,0,0,0,0,0
3294,0.3013,0,0,0,0,0,0
3295,-0.0311,0,0,0,0,0,0
3296,-0.3387,0,0,0,0,0,0
3297,-1.0,0,0,0,0,0,0
3298,-0.6121,0,0,0,0,0,0
3299,0.8043,0,0,0,0,0,0
3300,-1.0,0,0,0,0,0,0
3301,1.4051,0,0,0,0,0,0
3302,1.269,0,0,0,0,0,0
3303,1.7625,0,0,0,0,0,0
3304,-0.7695,0,0,0,0,0,0
3305,-0.8261,0,0,0,0,0,0
3306,-0.5889,0,0,0,0,0,0
3307,1.7975,0,0,0,0,0,0
3308,0.6613,0,0,0,0,0,0
3309,1.4201,0,0,0,0,0,0
3310,1.2021,0,0,0,0,0,0
3311,-0.6619,0,0,0,0,0,0
3312,1.7963,0,0,0,0,0,0
3313,-0.8515,0,0,0,0,0,0
3314,-0.4315,0,0,0,0,0,0
3315,-0.7706,0,0,0,0,0,0
3316,-1.0,0,0,0,0,0,0
3317,-1.0,0,0,0,0,0,0
3318,-0.1873,0,0,0,0,0,0
3319,-1.0,0,0,0,0,0,0
3320,1.3714,0,0,0,0,0,0
3321,-1.0,0,0,0,0,0,0
3322,1.3472,0,0,0,0,0,0
3323,0.0582,1,0,1,0,0,0
3324,-0.3041,0,0,1,0,0,0
3325,-0.4308,0,0,1,0,0,0
3326,-0.8574,0,0,1,0,0,0
3327,0.1755,0,0,1,0,0,0
3328,-0.4105,0,0,1,0,0,0
3329,-1.0,0,0,1,0,0,0
3330,-1.0,0,0,1,0,0,0
3331,-1.0,0,0,1,0,0,0
3332,0.5491,0,0,0,0,0,0
3333,-0.1767,0,0,0,0,0,0
3334,0.5289,0,0,0,0,0,0
3335,-1.0,0,0,0,0,0,0
3336,0.5985,0,0,0,0,0,0
3337,-0.4706,0,0,0,0,0,0
3338,-0.8587,0,0,0,0,0,0
3339,-1.0,0,0,0,0,0,0
3340,0.3662,0,0,0,0,0,0
3341,-1.0,0,0,0,0,0,0
3342,-0.9434,0,0,0,0,0,0
3343,0.3174,0,0,0,0,0,0
3344,0.8142,0,0,0,0,0,0
3345,-1.0,0,0,0,0,0,0
3346,1.6479,0,0,0,0,0,0
3347,0.3411,0,0,0,0,0,0
3348,-1.0,0,0,0,0,0,0
3349,-0.1823,0,0,0,0,0,0
3350,1.3785,0,0,0,0,0,0
3351,-0.1005,0,0,0,0,0,0
3352,-1.0,0,0,0,0,0,0
3353,1.0615,0,0,0,0,0,0
3354,-1.0,0,0,0,0,0,0
3355,-0.3098,0,0,0,0,0,0
3356,0.4671,0,0,0,0,0,0
3357,-1.0,0,0,0,0,0,0
3358,0.1804,0,0,0,0,0,0
3359,-0.5202,0,0,0,0,0,0
3360,1.8626,0,0,0,0,0,0
3361,-0.8947,0,0,0,0,0,0
3362,-1.0,0,0,0,0,0,0
3363,-0.1692,0,0,0,0,0,0
3364,-0.2649,1,1,0,0,0,0
3365,1.7338,0,1,0,0,0,0
3366,-0.4135,0,1,0,0,0,0
3367,0.9781,0,1,0,0,0,0
3368,1.6,0,1,0,0,0,0
3369,1.095,0,1,0,1,0,1
3370,2.2773,0,1,0,0,0,1
3371,-0.9226,0,1,0,0,0,1
3372,-0.4799,0,1,0,0,0,1
3373,0.5349,0,0,0,0,0,1
3374,1.8851,0,0,0,0,0,1
3375,-0.8608,0,0,0,0,0,1
3376,-1.0,0,0,0,0,0,1
3377,-1.0,0,0,0,0,0,1
3378,-1.0,0,0,0,0,0,1
3379,1.401,0,0,0,0,0,1
3380,-1.0,0,0,0,0,0,1
3381,-0.3355,0,0,0,0,0,1
3382,0.1083,0,0,0,0,0,1
3383,-1.0,0,0,0,0,0,1
3384,-0.9462,0,0,0,0,0,1
3385,0.4399,0,0,0,0,0,1
3386,-0.0592,0,0,0,0,0,1
3387,0.2227,0,0,0,0,0,0
3388,-0.1289,0,0,0,0,0,0
3389,-0.5953,0,0,0,0,0,0
3390,-0.6103,0,0,0,0,0,0
3391,-1.0,0,0,0,0,0,0
3392,1.2873,0,0,0,0,0,0
3393,-0.4987,0,0,0,0,0,0
3394,0.7923,0,0,0,0,0,0
3395,-0.2694,0,0,0,0,0,0
3396,2.0385,0,0,0,0,0,0
3397,1.6758,0,0,0,0,0,0
3398,-1.0,0,0,0,0,0,0
3399,-1.0,0,0,0,0,0,0
3400,-0.5776,0,0,0,0,0,0
3401,-0.9947,0,0,0,0,0,0
3402,-0.4382,0,0,0,0,0,0
3403,-1.0,0,0,0,0,0,0
3404,-1.0,0,0,0,0,0,0
3405,-0.0568,1,1,0,0,0,0
3406,-1.0,0,1,0,0,0,0
3407,-1.0,0,1,0,0,0,0
3408,0.3712,0,1,0,0,0,0
3409,-0.5752,0,1,0,0,0,1
3410,0.3379,0,1,0,1,0,1
3411,0.9744,0,1,0,0,0,1
3412,-1.0,0,1,0,0,0,1
3413,3.1179,0,1,0,0,0,1
3414,0.3038,0,0,0,0,0,1
3415,1.751,0,0,0,0,0,1
3416,1.1047,0,0,0,0,0,1
3417,1.1391,0,0,0,0,0,1
3418,5.9679,0,0,0,0,0,1
3419,1.9472,0,0,0,0,0,1
3420,0.6914,0,0,0,0,0,1
3421,0.0474,0,0,0,0,0,1
3422,0.9098,0,0,0,0,0,1
3423,0.6785,0,0,0,0,0,1
3424,-0.7981,0,0,0,0,0,1
3425,-0.0051,0,0,0,0,0,1
3426,3.4151,0,0,0,0,0,1
3427,0.8309,0,0,0,0,0,1
3428,1.1828,0,0,0,0,0,1
3429,0.7479,0,0,0,0,0,0
3430,1.6491,0,0,0,0,0,0
3431,-1.0,0,0,0,0,0,0
3432,1.0931,0,0,0,0,0,0
3433,3.211,0,0,0,0,0,0
3434,0.595,0,0,0,0,0,0
3435,-1.0,0,0,0,0,0,0
3436,-0.9711,0,0,0,0,0,0
3437,0.8561,0,0,0,0,0,0
3438,2.8602,0,0,0,0,0,0
3439,1.7627,0,0,0,0,0,0
3440,1.5755,0,0,0,0,0,0
3441,0.8292,0,0,0,0,0,0
3442,-1.0,0,0,0,0,0,0
3443,-0.6328,0,0,0,0,0,0
3444,-0.0839,0,0,0,0,0,0
3445,3.8449,0,0,0,0,0,0
3446,-1.0,1,1,0,0,0,0
3447,-1.0,0,1,0,0,0,0
3448,0.1735,0,1,0,0,0,0
3449,-1.0,0,1,0,0,0,0
3450,1.1109,0,1,0,0,0,1
3451,0.9863,0,1,0,1,0,1
3452,-0.7885,0,1,0,0,0,1
3453,2.6657,0,1,0,0,0,1
3454,0.9597,0,1,0,0,0,1
3455,-1.0,0,0,0,0,0,1
3456,-0.2437,0,0,0,0,0,1
3457,2.1648,0,0,0,0,0,1
3458,0.3921,0,0,0,0,0,1
3459,-1.0,0,0,0,0,0,1
3460,1.935,0,0,0,0,0,1
3461,2.4704,0,0,0,0,0,1
3462,1.4456,0,0,0,0,0,1
3463,1.6316,0,0,0,0,0,1
3464,-0.1386,0,0,0,0,0,1
3465,2.7262,0,0,0,0,0,1
3466,-1.0,0,0,0,0,0,1
3467,-0.8779,0,0,0,0,0,1
3468,2.1414,0,0,0,0,0,1
3469,0.2619,0,0,0,0,0,0
3470,-0.6118,0,0,0,0,0,0
3471,1.2175,0,0,0,0,0,0
3472,-0.1909,0,0,0,0,0,0
3473,0.4134,0,0,0,0,0,0
3474,1.1323,0,0,0,0,0,0
3475,-1.0,0,0,0,0,0,0
3476,-1.0,0,0,0,0,0,0
3477,0.9873,0,0,0,0,0,0
3478,2.3668,0,0,0,0,0,0
3479,1.6292,0,0,0,0,0,0
3480,-0.5412,0,0,0,0,0,0
3481,0.9314,0,0,0,0,0,0
3482,-1.0,0,0,0,0,0,0
3483,-0.7947,0,0,0,0,0,0
3484,-0.8427,0,0,0,0,0,0
3485,-0.4172,0,0,0,0,0,0
3486,-0.7016,0,0,0,0,0,0
3487,0.6235,1,0,1,0,0,0
3488,-0.6721,0,0,1,0,0,0
3489,-0.8641,0,0,1,0,0,0
3490,0.6934,0,0,1,0,0,1
3491,-0.1271,0,0,1,0,0,1
3492,0.828,0,0,1,0,1,1
3493,0.5581,0,0,1,0,1,1
3494,-0.0633,0,0,1,0,1,1
3495,1.2014,0,0,1,0,1,1
3496,0.5392,0,0,0,0,1,1
3497,1.6725,0,0,0,0,1,1
3498,1.9773,0,0,0,0,1,1
3499,0.6963,0,0,0,0,1,1
3500,0.8239,0,0,0,0,0,0
3501,0.3139,0,0,0,0,0,0
3502,0.0761,0,0,0,0,1,1
3503,0.9569,0,0,0,0,1,1
3504,0.2404,0,0,0,0,0,0
3505,2.6142,0,0,0,0,0,0
3506,-0.1259,0,0,0,0,0,0
3507,-1.0,0,0,0,0,0,0
3508,-1.0,0,0,0,0,0,0
3509,-1.0,0,0,0,0,0,0
3510,2.8381,0,0,0,0,0,0
3511,0.0,0,0,0,0,0,0
3512,-1.0,0,0,0,0,0,0
3513,0.6057,0,0,0,0,0,0
3514,2.0787,0,0,0,0,0,0
3515,-1.0,0,0,0,0,0,0
3516,-0.2808,0,0,0,0,0,0
3517,0.6113,0,0,0,0,0,0
3518,2.0393,0,0,0,0,0,0
3519,0.7989,0,0,0,0,0,0
3520,0.6404,0,0,0,0,0,0
3521,-1.0,0,0,0,0,0,0
3522,-1.0,0,0,0,0,0,0
3523,0.9894,0,0,0,0,0,0
3524,-1.0,0,0,0,0,0,0
3525,0.8906,0,0,0,0,0,0
3526,-0.2982,0,0,0,0,0,0
3527,-0.1256,0,0,0,0,0,0
3528,-0.2617,1,1,0,0,0,0
3529,-0.8431,0,1,0,0,0,0
3530,-0.6836,0,1,0,0,0,0
3531,-1.0,0,1,0,0,0,0
3532,3.3632,0,1,0,0,0,1
3533,0.7631,0,1,0,1,0,1
3534,2.6092,0,1,0,0,0,1
3535,1.1241,0,1,0,0,0,1
3536,-1.0,0,1,0,0,0,1
3537,-1.0,0,0,0,0,0,1
3538,1.2014,0,0,0,0,0,1
3539,-1.0,0,0,0,0,0,1
3540,2.4178,0,0,0,0,0,1
3541,1.7234,0,0,0,0,0,1
3542,1.448,0,0,0,0,0,1
3543,3.1927,0,0,0,0,0,1
3544,0.3497,0,0,0,0,0,1
3545,-1.0,0,0,0,0,0,1
3546,1.2147,0,0,0,0,0,1
3547,0.7583,0,0,0,0,0,0
3548,-0.9028,0,0,0,0,0,0
3549,0.6206,0,0,0,0,0,0
3550,0.3233,0,0,0,0,0,0
3551,0.8382,0,0,0,0,0,0
3552,0.5624,0,0,0,0,0,0
3553,0.2736,0,0,0,0,0,0
3554,0.2433,0,0,0,0,0,0
3555,1.8045,0,0,0,0,0,0
3556,-1.0,0,0,0,0,0,0
3557,0.4757,0,0,0,0,0,0
3558,-1.0,0,0,0,0,0,0
3559,-1.0,0,0,0,0,0,0
3560,-0.6982,0,0,0,0,0,0
3561,0.3874,0,0,0,0,0,0
3562,0.1981,0,0,0,0,0,0
3563,0.0647,0,0,0,0,0,0
3564,1.0806,0,0,0,0,0,0
3565,-0.21,0,0,0,0,0,0
3566,-1.0,0,0,0,0,0,0
3567,-1.0,0,0,0,0,0,0
3568,-1.0,0,0,0,0,0,0
3569,0.3517,1,1,0,0,0,0
3570,-1.0,0,1,0,0,0,0
3571,-1.0,0,1,0,0,0,0
3572,0.2165,0,1,0,0,0,1
3573,1.2418,0,1,0,0,0,1
3574,-1.0,0,1,0,1,0,1
3575,0.0491,0,1,0,0,0,1
3576,0.7973,0,1,0,0,0,1
3577,0.1354,0,1,0,0,0,1
3578,0.8003,0,0,0,0,0,1
3579,0.6131,0,0,0,0,0,1
3580,-0.7541,0,0,0,0,0,1
3581,-0.7737,0,0,0,0,0,1
3582,0.069,0,0,0,0,0,1
3583,0.8814,0,0,0,0,0,1
3584,-0.8775,0,0,0,0,0,1
3585,-0.1441,0,0,0,0,0,1
3586,0.2829,0,0,0,0,0,1
3587,-1.0,0,0,0,0,0,1
3588,0.9993,0,0,0,0,0,1
3589,-0.3239,0,0,0,0,0,1
3590,-1.0,0,0,0,0,0,0
3591,1.0584,0,0,0,0,0,0
3592,-0.4987,0,0,0,0,0,0
3593,3.1616,0,0,0,0,0,0
3594,0.6056,0,0,0,0,0,0
3595,0.8856,0,0,0,0,0,0
3596,0.5246,0,0,0,0,0,0
3597,-0.6552,0,0,0,0,0,0
3598,0.6666,0,0,0,0,0,0
3599,-1.0,0,0,0,0,0,0
3600,-0.5167,0,0,0,0,0,0
3601,0.5217,0,0,0,0,0,0
3602,-0.0886,0,0,0,0,0,0
3603,-0.7852,0,0,0,0,0,0
3604,-0.5129,0,0,0,0,0,0
3605,-1.0,0,0,0,0,0,0
3606,0.776,0,0,0,0,0,0
3607,-1.0,0,0,0,0,0,0
3608,0.6258,0,0,0,0,0,0
3609,0.0616,0,0,0,0,0,0
3610,-0.963,1,0,1,0,0,0
3611,-0.6625,0,0,1,0,0,0
3612,0.0314,0,0,1,0,0,0
3613,-0.2681,0,0,1,0,0,1
3614,-0.0304,0,0,1,0,0,1
3615,0.0827,0,0,1,0,1,1
3616,-1.0,0,0,1,0,1,1
3617,-1.0,0,0,1,0,1,1
3618,-1.0,0,0,1,0,1,1
3619,2.0483,0,0,0,0,1,1
3620,-0.3508,0,0,0,0,1,1
3621,0.1782,0,0,0,0,1,1
3622,0.1929,0,0,0,0,1,1
3623,1.5292,0,0,0,0,1,1
3624,1.153,0,0,0,0,1,1
3625,1.0893,0,0,0,0,0,0
3626,1.9739,0,0,0,0,0,0
3627,1.4017,0,0,0,0,0,0
3628,-0.7504,0,0,0,0,0,0
3629,0.5052,0,0,0,0,0,0
3630,-1.0,0,0,0,0,0,0
3631,0.124,0,0,0,0,0,0
3632,0.4573,0,0,0,0,0,0
3633,-0.4322,0,0,0,0,0,0
3634,-0.1553,0,0,0,0,0,0
3635,1.1865,0,0,0,0,0,0
3636,-0.0573,0,0,0,0,0,0
3637,0.2584,0,0,0,0,0,0
3638,-0.985,0,0,0,0,0,0
3639,-1.0,0,0,0,0,0,0
3640,-0.168,0,0,0,0,0,0
3641,0.6834,0,0,0,0,0,0
3642,-0.2874,0,0,0,0,0,0
3643,0.0713,0,0,0,0,0,0
3644,-1.0,0,0,0,0,0,0
3645,1.907,0,0,0,0,0,0
3646,-0.9764,0,0,0,0,0,0
3647,-0.5388,0,0,0,0,0,0
3648,-0.1789,0,0,0,0,0,0
3649,0.5263,0,0,0,0,0,0
3650,1.2452,0,0,0,0,0,1
3651,-0.9895,1,0,1,0,0,1
3652,2.1627,0,0,1,0,0,1
3653,1.411,0,0,1,0,0,1
3654,0.6083,0,0,1,0,0,1
3655,-0.6514,0,0,1,0,0,1
3656,1.0251,0,0,1,0,0,0
3657,-0.2309,0,0,1,0,0,0
3658,1.1553,0,0,1,0,1,1
3659,-0.4503,0,0,1,0,1,1
3660,1.5429,0,0,0,0,1,1
3661,-0.987,0,0,0,0,1,1
3662,1.4243,0,0,0,0,1,1
3663,-1.0,0,0,0,0,1,1
3664,-0.6879,0,0,0,0,1,1
3665,0.6131,0,0,0,0,1,1
3666,-1.0,0,0,0,0,1,1
3667,0.6037,0,0,0,0,1,1
3668,1.0927,0,0,0,0,1,1
3669,0.7948,0,0,0,0,1,1
3670,-0.3885,0,0,0,0,1,1
3671,-1.0,0,0,0,0,0,0
3672,1.7683,0,0,0,0,0,0
3673,-0.6216,0,0,0,0,0,0
3674,-0.1785,0,0,0,0,0,0
3675,0.6298,0,0,0,0,0,0
3676,0.524,0,0,0,0,0,0
3677,0.0828,0,0,0,0,0,0
3678,-0.0774,0,0,0,0,0,0
3679,0.7956,0,0,0,0,0,0
3680,0.821,0,0,0,0,0,0
3681,0.9894,0,0,0,0,0,0
3682,2.2638,0,0,0,0,0,0
3683,2.2831,0,0,0,0,0,0
3684,0.5752,0,0,0,0,0,0
3685,-0.4211,0,0,0,0,0,0
3686,-1.0,0,0,0,0,0,0
3687,0.8815,0,0,0,0,0,0
3688,1.8751,0,0,0,0,0,0
3689,-0.3361,0,0,0,0,0,0
3690,1.6063,0,0,0,0,0,0
3691,-1.0,0,0,0,0,0,0
3692,-0.7909,1,0,1,0,0,0
3693,0.5003,0,0,1,0,0,0
3694,-1.0,0,0,1,0,0,0
3695,0.298,0,0,1,0,0,0
3696,-0.4984,0,0,1,0,0,1
3697,2.3924,0,0,1,0,1,1
3698,0.4613,0,0,1,0,1,1
3699,0.9667,0,0,1,0,1,1
3700,-1.0,0,0,1,0,1,1
3701,1.2009,0,0,0,0,1,1
3702,2.602,0,0,0,0,1,1
3703,4.4074,0,0,0,0,1,1
3704,2.1127,0,0,0,0,1,1
3705,0.3132,0,0,0,0,1,1
3706,0.6847,0,0,0,0,1,1
3707,-0.3115,0,0,0,0,1,1
3708,-0.6614,0,0,0,0,0,0
3709,0.5087,0,0,0,0,1,1
3710,0.8766,0,0,0,0,1,1
3711,-0.2877,0,0,0,0,0,0
3712,-0.991,0,0,0,0,0,0
3713,0.3787,0,0,0,0,0,0
3714,0.7287,0,0,0,0,0,0
3715,-1.0,0,0,0,0,0,0
3716,2.0774,0,0,0,0,0,0
3717,0.1335,0,0,0,0,0,0
3718,0.5822,0,0,0,0,0,0
3719,-0.0682,0,0,0,0,0,0
3720,-0.1973,0,0,0,0,0,0
3721,-1.0,0,0,0,0,0,0
3722,-0.7804,0,0,0,0,0,0
3723,0.9468,0,0,0,0,0,0
3724,0.3038,0,0,0,0,0,0
3725,0.1231,0,0,0,0,0,0
3726,3.0135,0,0,0,0,0,0
3727,-0.8422,0,0,0,0,0,0
3728,-0.5695,0,0,0,0,0,0
3729,0.8142,0,0,0,0,0,0
3730,-1.0,0,0,0,0,0,0
3731,-1.0,0,0,0,0,0,0
3732,-0.4781,0,0,0,0,0,0
3733,-1.0,1,1,0,0,0,0
3734,0.725,0,1,0,0,0,1
3735,1.1436,0,1,0,0,0,1
3736,0.837,0,1,0,0,0,1
3737,-1.0,0,1,0,0,0,1
3738,0.3177,0,1,0,1,0,1
3739,-0.0738,0,1,0,0,0,1
3740,0.4044,0,1,0,0,0,1
3741,-1.0,0,1,0,0,0,1
3742,-0.0202,0,0,0,0,0,1
3743,1.0919,0,0,0,0,0,1
3744,-0.049,0,0,0,0,0,1
3745,-0.5176,0,0,0,0,0,1
3746,1.5997,0,0,0,0,0,1
3747,0.1307,0,0,0,0,0,1
3748,-0.3543,0,0,0,0,0,1
3749,1.0182,0,0,0,0,0,1
3750,-0.17,0,0,0,0,0,1
3751,-1.0,0,0,0,0,0,1
3752,-0.1643,0,0,0,0,0,1
3753,0.1064,0,0,0,0,0,1
3754,-1.0,0,0,0,0,0,1
3755,-0.3174,0,0,0,0,0,1
3756,-0.3055,0,0,0,0,0,1
3757,-1.0,0,0,0,0,0,0
3758,-1.0,0,0,0,0,0,0
3759,1.7285,0,0,0,0,0,0
3760,-1.0,0,0,0,0,0,0
3761,0.6179,0,0,0,0,0,0
3762,0.7924,0,0,0,0,0,0
3763,-0.2174,0,0,0,0,0,0
3764,-0.0318,0,0,0,0,0,0
3765,-0.9001,0,0,0,0,0,0
3766,-1.0,0,0,0,0,0,0
3767,-1.0,0,0,0,0,0,0
3768,-0.0204,0,0,0,0,0,0
3769,0.7924,0,0,0,0,0,0
3770,0.5085,0,0,0,0,0,0
3771,-0.1122,0,0,0,0,0,0
3772,2.7012,0,0,0,0,0,0
3773,3.2007,0,0,0,0,0,0
3774,-0.5119,1,1,0,0,0,0
3775,-0.8868,0,1,0,0,0,0
3776,0.6436,0,1,0,0,0,0
3777,-0.0841,0,1,0,0,0,0
3778,1.0784,0,1,0,0,0,1
3779,-0.6085,0,1,0,1,0,1
3780,0.6069,0,1,0,0,0,1
3781,-1.0,0,1,0,0,0,1
3782,-0.7316,0,1,0,0,0,1
3783,-0.4362,0,0,0,0,0,1
3784,1.6045,0,0,0,0,0,1
3785,0.2517,0,0,0,0,0,1
3786,-0.8039,0,0,0,0,0,1
3787,-1.0,0,0,0,0,0,1
3788,1.3037,0,0,0,0,0,1
3789,-0.6318,0,0,0,0,0,1
3790,-0.0383,0,0,0,0,0,1
3791,2.8832,0,0,0,0,0,1
3792,1.4606,0,0,0,0,0,1
3793,-0.4952,0,0,0,0,0,1
3794,0.8775,0,0,0,0,0,1
3795,0.7338,0,0,0,0,0,1
3796,1.0585,0,0,0,0,0,1
3797,2.9831,0,0,0,0,0,1
3798,1.0354,0,0,0,0,0,0
3799,1.2405,0,0,0,0,0,0
3800,1.9732,0,0,0,0,0,0
3801,0.5771,0,0,0,0,0,0
3802,1.4208,0,0,0,0,0,0
3803,1.0372,0,0,0,0,0,0
3804,0.9792,0,0,0,0,0,0
3805,-0.6548,0,0,0,0,0,0
3806,0.5928,0,0,0,0,0,0
3807,-0.5222,0,0,0,0,0,0
3808,1.4852,0,0,0,0,0,0
3809,0.6858,0,0,0,0,0,0
3810,0.3805,0,0,0,0,0,0
3811,1.8632,0,0,0,0,0,0
3812,-1.0,0,0,0,0,0,0
3813,0.4084,0,0,0,0,0,0
3814,-0.9021,0,0,0,0,0,0
3815,1.6314,1,1,0,0,0,0
3816,-0.7525,0,1,0,0,0,0
3817,1.0067,0,1,0,0,0,0
3818,-0.6269,0,1,0,0,0,1
3819,1.8616,0,1,0,0,0,1
3820,0.681,0,1,0,1,0,1
3821,0.6821,0,1,0,0,0,1
3822,2.2773,0,1,0,0,0,1
3823,-1.0,0,1,0,0,0,1
3824,2.2511,0,0,0,0,0,1
3825,-1.0,0,0,0,0,0,1
3826,-1.0,0,0,0,0,0,1
3827,-0.157,0,0,0,0,0,1
3828,0.8078,0,0,0,0,0,1
3829,0.5065,0,0,0,0,0,1
3830,1.3223,0,0,0,0,0,1
3831,-1.0,0,0,0,0,0,1
3832,-0.2817,0,0,0,0,0,1
3833,0.6471,0,0,0,0,0,1
3834,1.3573,0,0,0,0,0,1
3835,-0.93,0,0,0,0,0,0
3836,2.5195,0,0,0,0,0,0
3837,0.3382,0,0,0,0,0,0
3838,0.0508,0,0,0,0,0,0
3839,-1.0,0,0,0,0,0,0
3840,0.5085,0,0,0,0,0,0
3841,-0.2809,0,0,0,0,0,0
3842,0.4881,0,0,0,0,0,0
3843,0.8047,0,0,0,0,0,0
3844,-1.0,0,0,0,0,0,0
3845,-0.1651,0,0,0,0,0,0
3846,-1.0,0,0,0,0,0,0
3847,2.3304,0,0,0,0,0,0
3848,1.6092,0,0,0,0,0,0
3849,-1.0,0,0,0,0,0,0
3850,-0.5667,0,0,0,0,0,0
3851,0.4494,0,0,0,0,0,0
3852,-0.7528,0,0,0,0,0,0
3853,0.3298,0,0,0,0,0,0
3854,-0.3744,0,0,0,0,0,0
3855,0.5796,0,0,0,0,0,0
3856,-1.0,1,0,1,0,0,0
3857,-0.7566,0,0,1,0,0,0
3858,2.0551,0,0,1,0,0,0
3859,-1.0,0,0,1,0,0,0
3860,-1.0,0,0,1,0,0,1
3861,-1.0,0,0,1,0,1,1
3862,-0.2784,0,0,1,0,1,1
3863,1.3119,0,0,1,0,1,1
3864,0.3681,0,0,1,0,1,1
3865,-1.0,0,0,0,0,1,1
3866,1.4895,0,0,0,0,1,1
3867,-0.8246,0,0,0,0,1,1
3868,1.3612,0,0,0,0,1,1
3869,1.2796,0,0,0,0,0,0
3870,-0.5456,0,0,0,0,0,0
3871,1.1846,0,0,0,0,0,0
3872,0.1731,0,0,0,0,0,0
3873,3.0616,0,0,0,0,0,0
3874,3.5669,0,0,0,0,0,0
3875,2.2683,0,0,0,0,0,0
3876,1.1822,0,0,0,0,0,0
3877,3.0982,0,0,0,0,0,0
3878,1.4324,0,0,0,0,0,0
3879,-0.9037,0,0,0,0,0,0
3880,2.6557,0,0,0,0,0,0
3881,2.0424,0,0,0,0,0,0
3882,2.2395,0,0,0,0,0,0
3883,-1.0,0,0,0,0,0,0
3884,1.5358,0,0,0,0,0,0
3885,-1.0,0,0,0,0,0,0
3886,1.8773,0,0,0,0,0,0
3887,0.8113,0,0,0,0,0,0
3888,-0.3808,0,0,0,0,0,0
3889,1.4244,0,0,0,0,0,0
3890,1.1591,0,0,0,0,0,0
3891,0.072,0,0,0,0,0,0
3892,-0.5734,0,0,0,0,0,0
3893,1.9797,0,0,0,0,0,0
3894,-0.2899,0,0,0,0,0,0
3895,1.4972,0,0,0,0,0,0
3896,1.3843,0,0,0,0,0,0
3897,0.4964,1,0,1,0,0,0
3898,0.0811,0,0,1,0,0,0
3899,0.5942,0,0,1,0,0,0
3900,0.7608,0,0,1,0,0,0
3901,-0.4459,0,0,1,0,0,1
3902,0.8563,0,0,1,0,1,1
3903,-0.4491,0,0,1,0,1,1
3904,0.6107,0,0,1,0,1,1
3905,-0.1528,0,0,1,0,1,1
3906,-1.0,0,0,0,0,1,1
3907,0.697,0,0,0,0,1,1
3908,0.8861,0,0,0,0,1,1
3909,0.8789,0,0,0,0,1,1
3910,-0.2456,0,0,0,0,0,0
3911,1.446,0,0,0,0,1,1
3912,0.7255,0,0,0,0,0,0
3913,2.5447,0,0,0,0,0,0
3914,0.2753,0,0,0,0,0,0
3915,0.7559,0,0,0,0,0,0
3916,-1.0,0,0,0,0,0,0
3917,-0.6376,0,0,0,0,0,0
3918,-0.5692,0,0,0,0,0,0
3919,-1.0,0,0,0,0,0,0
3920,-0.2088,0,0,0,0,0,0
3921,-1.0,0,0,0,0,0,0
3922,0.9236,0,0,0,0,0,0
3923,-1.0,0,0,0,0,0,0
3924,-1.0,0,0,0,0,0,0
3925,0.2629,0,0,0,0,0,0
3926,-0.7687,0,0,0,0,0,0
3927,-0.9829,0,0,0,0,0,0
3928,-0.3549,0,0,0,0,0,0
3929,-1.0,0,0,0,0,0,0
3930,0.1437,0,0,0,0,0,0
3931,0.0,0,0,0,0,0,0
3932,-0.7053,0,0,0,0,0,0
3933,1.1264,0,0,0,0,0,0
3934,-0.5437,0,0,0,0,0,0
3935,-0.2776,0,0,0,0,0,0
3936,-1.0,0,0,0,0,0,0
3937,-0.8203,0,0,0,0,0,0
3938,1.2322,1,0,1,0,0,0
3939,0.9255,0,0,1,0,0,0
3940,0.3855,0,0,1,0,0,0
3941,1.9425,0,0,1,0,0,0
3942,0.0572,0,0,1,0,0,0
3943,-0.0392,0,0,1,0,1,1
3944,0.6738,0,0,1,0,1,1
3945,1.7639,0,0,1,0,1,1
3946,3.8298,0,0,1,0,1,1
3947,2.721,0,0,0,0,0,0
3948,0.7441,0,0,0,0,0,0
3949,0.2754,0,0,0,0,0,0
3950,1.7167,0,0,0,0,0,0
3951,-0.1301,0,0,0,0,0,0
3952,1.4248,0,0,0,0,0,0
3953,0.578,0,0,0,0,0,0
3954,-1.0,0,0,0,0,0,0
3955,0.1959,0,0,0,0,0,0
3956,-0.5375,0,0,0,0,0,0
3957,1.4998,0,0,0,0,0,0
3958,-0.3298,0,0,0,0,0,0
3959,-0.722,0,0,0,0,0,0
3960,1.203,0,0,0,0,0,0
3961,0.0628,0,0,0,0,0,0
3962,0.8299,0,0,0,0,0,0
3963,-0.6882,0,0,0,0,0,0
3964,-0.1759,0,0,0,0,0,0
3965,-0.3351,0,0,0,0,0,0
3966,-0.6142,0,0,0,0,0,0
3967,1.7887,0,0,0,0,0,0
3968,0.5003,0,0,0,0,0,0
3969,-1.0,0,0,0,0,0,0
3970,0.8301,0,0,0,0,0,0
3971,0.2627,0,0,0,0,0,0
3972,-0.3485,0,0,0,0,0,0
3973,-1.0,0,0,0,0,0,0
3974,-0.5789,0,0,0,0,0,0
3975,-0.7099,0,0,0,0,0,0
3976,0.2095,0,0,0,0,0,0
3977,1.9839,0,0,0,0,0,0
3978,1.1255,0,0,0,0,0,0
3979,1.2036,1,1,0,0,0,0
3980,2.7994,0,1,0,0,0,0
3981,1.1028,0,1,0,0,0,0
3982,1.0079,0,1,0,0,0,0
3983,0.2847,0,1,0,0,0,0
3984,1.8789,0,1,0,1,0,1
3985,0.5252,0,1,0,0,0,1
3986,1.1181,0,1,0,0,0,1
3987,3.0081,0,1,0,0,0,1
3988,1.5269,0,0,0,0,0,1
3989,-0.6275,0,0,0,0,0,1
3990,-0.6456,0,0,0,0,0,1
3991,1.3203,0,0,0,0,0,1
3992,-0.4048,0,0,0,0,0,0
3993,-0.4308,0,0,0,0,0,0
3994,0.6749,0,0,0,0,0,0
3995,-0.036,0,0,0,0,0,0
3996,1.4977,0,0,0,0,0,0
3997,0.0342,0,0,0,0,0,0
3998,-0.0702,0,0,0,0,0,0
3999,0.6674,0,0,0,0,0,0
4000,0.3318,0,0,0,0,0,0
4001,2.2931,0,0,0,0,0,0
4002,5.0659,0,0,0,0,0,0
4003,0.9343,0,0,0,0,0,0
4004,0.0495,0,0,0,0,0,0
4005,-1.0,0,0,0,0,0,0
4006,0.629,0,0,0,0,0,0
4007,0.3953,0,0,0,0,0,0
4008,0.0291,0,0,0,0,0,0
4009,-0.1811,0,0,0,0,0,0
4010,-0.0174,0,0,0,0,0,0
4011,0.732,0,0,0,0,0,0
4012,0.6109,0,0,0,0,0,0
4013,0.1192,0,0,0,0,0,0
4014,2.7172,0,0,0,0,0,0
4015,0.9159,0,0,0,0,0,0
4016,-0.3137,0,0,0,0,0,0
4017,2.1991,0,0,0,0,0,0
4018,-0.7954,0,0,0,0,0,0
4019,-0.944,0,0,0,0,0,0
4020,-1.0,1,1,0,0,0,0
4021,-0.811,0,1,0,0,0,0
4022,1.1974,0,1,0,0,0,0
4023,0.3288,0,1,0,0,0,0
4024,0.6146,0,1,0,0,0,0
4025,-1.0,0,1,0,0,0,0
4026,-0.1868,0,1,0,0,0,0
4027,-1.0,0,1,0,0,0,0
4028,0.8509,0,1,0,0,0,0
4029,-0.9944,0,0,0,0,0,0
4030,-1.0,0,0,0,0,0,0
4031,-0.8233,0,0,0,0,0,0
4032,1.252,0,0,0,0,0,0
4033,-1.0,0,0,0,0,0,0
4034,-1.0,0,0,0,0,0,0
4035,-0.3545,0,0,0,0,0,0
4036,-1.0,0,0,0,0,0,0
4037,-1.0,0,0,0,0,0,0
4038,-0.5916,0,0,0,0,0,0
4039,0.0521,0,0,0,0,0,0
4040,1.2807,0,0,0,0,0,0
4041,-0.0986,0,0,0,0,0,0
4042,0.0549,0,0,0,0,0,0
4043,1.831,0,0,0,0,0,0
4044,-0.2045,0,0,0,0,0,0
4045,-1.0,0,0,0,0,0,0
4046,0.9506,0,0,0,0,0,0
4047,0.2831,0,0,0,0,0,0
4048,-0.2714,0,0,0,0,0,0
4049,-0.1052,0,0,0,0,0,0
4050,-1.0,0,0,0,0,0,0
4051,0.1963,0,0,0,0,0,0
4052,-0.511,0,0,0,0,0,0
4053,0.1357,0,0,0,0,0,0
4054,-0.7777,0,0,0,0,0,0
4055,0.4634,0,0,0,0,0,0
4056,-0.6076,0,0,0,0,0,0
4057,0.3598,0,0,0,0,0,0
4058,-0.2274,0,0,0,0,0,0
4059,-1.0,0,0,0,0,0,0
4060,-0.9348,0,0,0,0,0,0
4061,-1.0,1,0,1,0,0,0
4062,-0.356,0,0,1,0,0,0
4063,0.2868,0,0,1,0,0,0
4064,2.0227,0,0,1,0,0,0
4065,0.4794,0,0,1,0,0,1
4066,1.0134,0,0,1,0,1,1
4067,2.3555,0,0,1,0,1,1
4068,1.2896,0,0,1,0,1,1
4069,0.4974,0,0,1,0,1,1
4070,0.7229,0,0,0,0,1,1
4071,0.2243,0,0,0,0,1,1
4072,0.2818,0,0,0,0,1,1
4073,1.5723,0,0,0,0,0,0
4074,-1.0,0,0,0,0,0,0
4075,-0.4284,0,0,0,0,0,0
4076,3.0582,0,0,0,0,0,0
4077,-0.664,0,0,0,0,0,0
4078,0.1764,0,0,0,0,0,0
4079,-0.5626,0,0,0,0,0,0
4080,0.232,0,0,0,0,0,0
4081,-1.0,0,0,0,0,0,0
4082,0.2962,0,0,0,0,0,0
4083,-1.0,0,0,0,0,0,0
4084,-1.0,0,0,0,0,0,0
4085,0.0611,0,0,0,0,0,0
4086,-0.5242,0,0,0,0,0,0
4087,0.3956,0,0,0,0,0,0
4088,0.186,0,0,0,0,0,0
4089,-0.5379,0,0,0,0,0,0
4090,-0.0429,0,0,0,0,0,0
4091,-0.1424,0,0,0,0,0,0
4092,0.1034,0,0,0,0,0,0
4093,0.6308,0,0,0,0,0,0
4094,-1.0,0,0,0,0,0,0
4095,-0.7627,0,0,0,0,0,0
4096,-0.0452,0,0,0,0,0,0
4097,-0.1891,0,0,0,0,0,0
4098,-0.45,0,0,0,0,0,0
4099,-0.349,0,0,0,0,0,0
4100,0.2353,0,0,0,0,0,0
4101,-0.1081,0,0,0,0,0,0
4102,1.5594,1,0,1,0,0,0
4103,0.2194,0,0,1,0,0,0
4104,-0.524,0,0,1,0,0,0
4105,-0.9568,0,0,1,0,0,0
4106,-0.5671,0,0,1,0,0,1
4107,-0.1158,0,0,1,0,1,1
4108,0.1744,0,0,1,0,1,1
4109,1.6609,0,0,1,0,1,1
4110,1.0572,0,0,1,0,1,1
4111,-0.071,0,0,0,0,1,1
4112,1.5241,0,0,0,0,1,1
4113,1.8754,0,0,0,0,1,1
4114,0.6528,0,0,0,0,1,1
4115,3.0152,0,0,0,0,1,1
4116,-0.3995,0,0,0,0,1,1
4117,-0.0979,0,0,0,0,1,1
4118,0.2985,0,0,0,0,1,1
4119,0.3383,0,0,0,0,1,1
4120,0.9902,0,0,0,0,1,1
4121,-0.4252,0,0,0,0,1,1
4122,-1.0,0,0,0,0,1,1
4123,0.108,0,0,0,0,0,0
4124,0.9529,0,0,0,0,0,0
4125,-1.0,0,0,0,0,0,0
4126,-0.0915,0,0,0,0,0,0
4127,2.6997,0,0,0,0,0,0
4128,1.5546,0,0,0,0,0,0
4129,0.2633,0,0,0,0,0,0
4130,-1.0,0,0,0,0,0,0
4131,2.9307,0,0,0,0,0,0
4132,3.6489,0,0,0,0,0,0
4133,1.723,0,0,0,0,0,0
4134,1.5009,0,0,0,0,0,0
4135,1.3034,0,0,0,0,0,0
4136,0.2781,0,0,0,0,0,0
4137,0.2781,0,0,0,0,0,0
4138,2.3955,0,0,0,0,0,0
4139,0.4827,0,0,0,0,0,0
4140,0.7127,0,0,0,0,0,0
4141,-1.0,0,0,0,0,0,0
4142,-1.0,0,0,0,0,0,0
4143,0.1939,1,1,0,0,0,0
4144,-0.4963,0,1,0,0,0,0
4145,-0.2872,0,1,0,0,0,0
4146,-0.5025,0,1,0,0,0,0
4147,1.676,0,1,0,0,0,0
4148,-0.2979,0,1,0,0,0,0
4149,0.1132,0,1,0,0,0,0
4150,1.9134,0,1,0,0,0,0
4151,-0.1699,0,1,0,0,0,0
4152,-0.0726,0,0,0,0,0,0
4153,0.7617,0,0,0,0,0,0
4154,-0.3941,0,0,0,0,0,0
4155,2.4432,0,0,0,0,0,0
4156,-1.0,0,0,0,0,0,0
4157,-1.0,0,0,0,0,0,0
4158,-0.5549,0,0,0,0,0,0
4159,0.9671,0,0,0,0,0,0
4160,2.9776,0,0,0,0,0,0
4161,0.5115,0,0,0,0,0,0
4162,2.0185,0,0,0,0,0,0
4163,1.9181,0,0,0,0,0,0
4164,1.0598,0,0,0,0,0,0
4165,1.2229,0,0,0,0,0,0
4166,-0.8046,0,0,0,0,0,0
4167,0.4428,0,0,0,0,0,0
4168,-0.659,0,0,0,0,0,0
4169,-0.5902,0,0,0,0,0,0
4170,0.5767,0,0,0,0,0,0
4171,1.077,0,0,0,0,0,0
4172,-0.99,0,0,0,0,0,0
4173,0.1932,0,0,0,0,0,0
4174,-0.5989,0,0,0,0,0,0
4175,-1.0,0,0,0,0,0,0
4176,-1.0,0,0,0,0,0,0
4177,0.9306,0,0,0,0,0,0
4178,0.9891,0,0,0,0,0,0
4179,-0.9903,0,0,0,0,0,0
4180,-0.376,0,0,0,0,0,0
4181,-1.0,0,0,0,0,0,0
4182,0.0191,0,0,0,0,0,0
4183,-1.0,0,0,0,0,0,0
4184,1.5242,1,1,0,0,0,0
4185,0.4255,0,1,0,0,0,0
4186,-0.9711,0,1,0,0,0,0
4187,-0.3175,0,1,0,0,0,0
4188,0.3671,0,1,0,0,0,1
4189,0.8968,0,1,0,1,0,1
4190,3.1911,0,1,0,0,0,1
4191,2.1785,0,1,0,0,0,1
4192,2.2977,0,1,0,0,0,0
4193,1.0179,0,0,0,0,0,0
4194,2.1488,0,0,0,0,0,0
4195,1.9071,0,0,0,0,0,0
4196,-0.2192,0,0,0,0,0,0
4197,0.6951,0,0,0,0,0,0
4198,-0.2795,0,0,0,0,0,0
4199,0.0736,0,0,0,0,0,0
4200,-0.2231,0,0,0,0,0,0
4201,0.4665,0,0,0,0,0,0
4202,-1.0,0,0,0,0,0,0
4203,-0.4945,0,0,0,0,0,0
4204,-1.0,0,0,0,0,0,0
4205,1.415,0,0,0,0,0,0
4206,1.5412,0,0,0,0,0,0
4207,0.7053,0,0,0,0,0,0
4208,-0.32,0,0,0,0,0,0
4209,0.0232,0,0,0,0,0,0
4210,-1.0,0,0,0,0,0,0
4211,1.1431,0,0,0,0,0,0
4212,-0.6797,0,0,0,0,0,0
4213,0.3858,0,0,0,0,0,0
4214,0.8291,0,0,0,0,0,0
4215,0.5187,0,0,0,0,0,0
4216,1.4301,0,0,0,0,0,0
4217,-1.0,0,0,0,0,0,0
4218,-0.2606,0,0,0,0,0,0
4219,-0.768,0,0,0,0,0,0
4220,-1.0,0,0,0,0,0,0
4221,-0.1894,0,0,0,0,0,0
4222,-1.0,0,0,0,0,0,0
4223,-0.4767,0,0,0,0,0,0
4224,-1.0,0,0,0,0,0,0
4225,0.4363,1,1,0,0,0,0
4226,-0.5679,0,1,0,0,0,0
4227,-0.4458,0,1,0,0,0,0
4228,0.424,0,1,0,0,0,0
4229,-1.0,0,1,0,0,0,1
4230,0.1258,0,1,0,1,0,1
4231,0.9094,0,1,0,0,0,1
4232,0.8647,0,1,0,0,0,1
4233,0.4999,0,1,0,0,0,1
4234,-1.0,0,0,0,0,0,1
4235,0.2352,0,0,0,0,0,1
4236,0.9936,0,0,0,0,0,1
4237,0.746,0,0,0,0,0,1
4238,0.3834,0,0,0,0,0,1
4239,-0.0641,0,0,0,0,0,1
4240,1.0029,0,0,0,0,0,1
4241,-1.0,0,0,0,0,0,1
4242,-0.632,0,0,0,0,0,1
4243,0.5022,0,0,0,0,0,0
4244,-0.5686,0,0,0,0,0,0
4245,0.6879,0,0,0,0,0,0
4246,1.1287,0,0,0,0,0,0
4247,1.0606,0,0,0,0,0,0
4248,-0.141,0,0,0,0,0,0
4249,-0.6798,0,0,0,0,0,0
4250,-0.7083,0,0,0,0,0,0
4251,-0.5889,0,0,0,0,0,0
4252,-1.0,0,0,0,0,0,0
4253,1.9536,0,0,0,0,0,0
4254,-0.3336,0,0,0,0,0,0
4255,-1.0,0,0,0,0,0,0
4256,1.3355,0,0,0,0,0,0
4257,-0.2929,0,0,0,0,0,0
4258,-0.505,0,0,0,0,0,0
4259,0.8016,0,0,0,0,0,0
4260,-0.8344,0,0,0,0,0,0
4261,-0.3635,0,0,0,0,0,0
4262,0.1669,0,0,0,0,0,0
4263,-0.7629,0,0,0,0,0,0
4264,0.0646,0,0,0,0,0,0
4265,0.4663,0,0,0,0,0,0
4266,-1.0,1,0,1,0,0,0
4267,-1.0,0,0,1,0,0,0
4268,0.0229,0,0,1,0,0,0
4269,2.1112,0,0,1,0,0,0
4270,1.3445,0,0,1,0,0,1
4271,4.2787,0,0,1,0,1,1
4272,3.3651,0,0,1,0,1,1
4273,0.5573,0,0,1,0,1,1
4274,1.0247,0,0,1,0,1,1
4275,-0.5828,0,0,0,0,1,1
4276,2.2988,0,0,0,0,0,0
4277,1.0923,0,0,0,0,0,0
4278,-1.0,0,0,0,0,0,0
4279,0.5779,0,0,0,0,0,0
4280,-0.2659,0,0,0,0,0,0
4281,-0.4174,0,0,0,0,0,0
4282,0.2599,0,0,0,0,0,0
4283,1.0117,0,0,0,0,0,0
4284,0.6631,0,0,0,0,0,0
4285,0.0,0,0,0,0,0,0
4286,-0.7499,0,0,0,0,0,0
4287,1.3417,0,0,0,0,0,0
4288,-1.0,0,0,0,0,0,0
4289,-0.2311,0,0,0,0,0,0
4290,-1.0,0,0,0,0,0,0
4291,-1.0,0,0,0,0,0,0
4292,1.7075,0,0,0,0,0,0
4293,2.1368,0,0,0,0,0,0
4294,2.6314,0,0,0,0,0,0
4295,0.981,0,0,0,0,0,0
4296,0.9575,0,0,0,0,0,0
4297,2.5125,0,0,0,0,0,0
4298,-0.396,0,0,0,0,0,0
4299,-1.0,0,0,0,0,0,0
4300,0.7558,0,0,0,0,0,0
4301,-0.6339,0,0,0,0,0,0
4302,-0.1543,0,0,0,0,0,0
4303,0.9016,0,0,0,0,0,0
4304,-0.8548,0,0,0,0,0,0
4305,0.3778,0,0,0,0,0,0
4306,-0.8871,0,0,0,0,0,0
4307,-0.6154,1,0,1,0,0,0
4308,0.5404,0,0,1,0,0,0
4309,0.6318,0,0,1,0,0,0
4310,-0.6578,0,0,1,0,0,0
4311,-1.0,0,0,1,0,0,0
4312,-0.2845,0,0,1,0,0,0
4313,0.5108,0,0,1,0,0,0
4314,0.3467,0,0,1,0,0,0
4315,0.4586,0,0,1,0,0,0
4316,-1.0,0,0,0,0,0,0
4317,-1.0,0,0,0,0,0,0
4318,0.4833,0,0,0,0,0,0
4319,-1.0,0,0,0,0,0,0
4320,-1.0,0,0,0,0,0,0
4321,0.9625,0,0,0,0,0,0
4322,-0.18,0,0,0,0,0,0
4323,0.7916,0,0,0,0,0,0
4324,1.4137,0,0,0,0,0,0
4325,0.4528,0,0,0,0,0,0
4326,-0.7383,0,0,0,0,0,0
4327,-0.1565,0,0,0,0,0,0
4328,-1.0,0,0,0,0,0,0
4329,-0.3566,0,0,0,0,0,0
4330,-0.5833,0,0,0,0,0,0
4331,-0.5898,0,0,0,0,0,0
4332,-1.0,0,0,0,0,0,0
4333,0.8694,0,0,0,0,0,0
4334,-0.8203,0,0,0,0,0,0
4335,-1.0,0,0,0,0,0,0
4336,1.3999,0,0,0,0,0,0
4337,-0.3832,0,0,0,0,0,0
4338,0.3616,0,0,0,0,0,0
4339,0.4373,0,0,0,0,0,0
4340,-0.0528,0,0,0,0,0,0
4341,1.3758,0,0,0,0,0,0
4342,0.0,0,0,0,0,0,0
4343,-0.7356,0,0,0,0,0,0
4344,-0.2166,0,0,0,0,0,0
4345,1.4197,0,0,0,0,0,0
4346,-0.6364,0,0,0,0,0,0
4347,-1.0,0,0,0,0,0,0
4348,-0.4212,1,1,0,0,0,0
4349,1.0682,0,1,0,0,0,0
4350,-0.6663,0,1,0,0,0,0
4351,-0.845,0,1,0,0,0,0
4352,-1.0,0,1,0,0,0,0
4353,0.307,0,1,0,0,0,0
4354,-0.6922,0,1,0,0,0,0
4355,1.1861,0,1,0,0,0,0
4356,0.0571,0,1,0,0,0,0
4357,-1.0,0,0,0,0,0,0
4358,-0.8676,0,0,0,0,0,0
4359,-0.5116,0,0,0,0,0,0
4360,-0.3707,0,0,0,0,0,0
4361,0.4363,0,0,0,0,0,0
4362,0.3824,0,0,0,0,0,0
4363,-0.5753,0,0,0,0,0,0
4364,-0.5472,0,0,0,0,0,0
4365,0.7103,0,0,0,0,0,0
4366,-0.6971,0,0,0,0,0,0
4367,0.0494,0,0,0,0,0,0
4368,-0.7127,0,0,0,0,0,0
4369,-0.1875,0,0,0,0,0,0
4370,-1.0,0,0,0,0,0,0
4371,0.4882,0,0,0,0,0,0
4372,-0.6796,0,0,0,0,0,0
4373,-0.3423,0,0,0,0,0,0
4374,-0.6798,0,0,0,0,0,0
4375,-0.1968,0,0,0,0,0,0
4376,0.8804,0,0,0,0,0,0
4377,0.6271,0,0,0,0,0,0
4378,-0.8595,0,0,0,0,0,0
4379,-0.1137,0,0,0,0,0,0
4380,-1.0,0,0,0,0,0,0
4381,-0.9911,0,0,0,0,0,0
4382,-0.9509,0,0,0,0,0,0
4383,-0.2395,0,0,0,0,0,0
4384,0.5209,0,0,0,0,0,0
4385,-1.0,0,0,0,0,0,0
4386,-1.0,0,0,0,0,0,0
4387,-0.7359,0,0,0,0,0,0
4388,3.2942,0,0,0,0,0,0
4389,0.0134,1,0,1,0,0,0
4390,-1.0,0,0,1,0,0,0
4391,0.2551,0,0,1,0,0,0
4392,0.3573,0,0,1,0,0,0
4393,-0.5792,0,0,1,0,0,0
4394,1.385,0,0,1,0,0,0
4395,0.6017,0,0,1,0,0,0
4396,-0.3749,0,0,1,0,0,0
4397,1.2741,0,0,1,0,0,0
4398,0.1537,0,0,0,0,0,0
4399,-0.3335,0,0,0,0,0,0
4400,-0.6621,0,0,0,0,0,0
4401,-0.3774,0,0,0,0,0,0
4402,-1.0,0,0,0,0,0,0
4403,-0.3827,0,0,0,0,0,0
4404,1.7423,0,0,0,0,0,0
4405,-0.8279,0,0,0,0,0,0
4406,-1.0,0,0,0,0,0,0
4407,0.9016,0,0,0,0,0,0
4408,-1.0,0,0,0,0,0,0
4409,-0.8915,0,0,0,0,0,0
4410,-0.9383,0,0,0,0,0,0
4411,0.5573,0,0,0,0,0,0
4412,-1.0,0,0,0,0,0,0
4413,-1.0,0,0,0,0,0,0
4414,-0.3018,0,0,0,0,0,0
4415,0.2899,0,0,0,0,0,0
4416,1.305,0,0,0,0,0,0
4417,-0.8444,0,0,0,0,0,0
4418,-0.196,0,0,0,0,0,0
4419,0.1279,0,0,0,0,0,0
4420,0.2366,0,0,0,0,0,0
4421,-1.0,0,0,0,0,0,0
4422,0.3036,0,0,0,0,0,0
4423,-0.9993,0,0,0,0,0,0
4424,0.2012,0,0,0,0,0,0
4425,-0.2673,0,0,0,0,0,0
4426,-1.0,0,0,0,0,0,0
4427,0.1548,0,0,0,0,0,0
4428,-0.4642,0,0,0,0,0,0
4429,-1.0,0,0,0,0,0,0
4430,-1.0,1,1,0,0,0,0
4431,-0.0144,0,1,0,0,0,0
4432,0.2624,0,1,0,0,0,0
4433,-0.5441,0,1,0,0,0,0
4434,0.3435,0,1,0,0,0,0
4435,0.4366,0,1,0,1,0,1
4436,3.0574,0,1,0,0,0,1
4437,1.2697,0,1,0,0,0,1
4438,0.0609,0,1,0,0,0,1
4439,1.6962,0,0,0,0,0,1
4440,3.1988,0,0,0,0,0,1
4441,-0.2012,0,0,0,0,0,1
4442,1.5379,0,0,0,0,0,1
4443,-0.0525,0,0,0,0,0,1
4444,0.3935,0,0,0,0,0,1
4445,0.9306,0,0,0,0,0,1
4446,0.2561,0,0,0,0,0,1
4447,2.9145,0,0,0,0,0,1
4448,1.3771,0,0,0,0,0,1
4449,0.7962,0,0,0,0,0,1
4450,0.2645,0,0,0,0,0,0
4451,0.4195,0,0,0,0,0,0
4452,1.1982,0,0,0,0,0,0
4453,1.2987,0,0,0,0,0,0
4454,2.0889,0,0,0,0,0,0
4455,0.6256,0,0,0,0,0,0
4456,-1.0,0,0,0,0,0,0
4457,2.671,0,0,0,0,0,0
4458,-1.0,0,0,0,0,0,0
4459,1.4121,0,0,0,0,0,0
4460,0.0547,0,0,0,0,0,0
4461,0.5995,0,0,0,0,0,0
4462,-0.3231,0,0,0,0,0,0
4463,0.0979,0,0,0,0,0,0
4464,-1.0,0,0,0,0,0,0
4465,-1.0,0,0,0,0,0,0
4466,0.7294,0,0,0,0,0,0
4467,0.1969,0,0,0,0,0,0
4468,-0.0032,0,0,0,0,0,0
4469,-1.0,0,0,0,0,0,0
4470,1.9157,0,0,0,0,0,0
4471,-1.0,1,0,1,0,0,0
4472,-0.1554,0,0,1,0,0,0
4473,0.4907,0,0,1,0,0,0
4474,-0.9447,0,0,1,0,0,0
4475,0.588,0,0,1,0,0,0
4476,-0.5289,0,0,1,0,1,1
4477,-0.3258,0,0,1,0,1,1
4478,1.8395,0,0,1,0,1,1
4479,-1.0,0,0,1,0,1,1
4480,2.7087,0,0,0,0,1,1
4481,-0.0336,0,0,0,0,1,1
4482,1.1637,0,0,0,0,1,1
4483,6.6425,0,0,0,0,0,0
4484,0.9013,0,0,0,0,0,0
4485,0.26,0,0,0,0,0,0
4486,0.9255,0,0,0,0,0,0
4487,-0.7092,0,0,0,0,0,0
4488,4.1398,0,0,0,0,0,0
4489,-0.4039,0,0,0,0,0,0
4490,0.3447,0,0,0,0,0,0
4491,0.7831,0,0,0,0,0,0
4492,0.2982,0,0,0,0,0,0
4493,-1.0,0,0,0,0,0,0
4494,-1.0,0,0,0,0,0,0
4495,-0.463,0,0,0,0,0,0
4496,2.5761,0,0,0,0,0,0
4497,-1.0,0,0,0,0,0,0
4498,-1.0,0,0,0,0,0,0
4499,-0.8094,0,0,0,0,0,0
4500,3.916,0,0,0,0,0,0
4501,-1.0,0,0,0,0,0,0
4502,0.1993,0,0,0,0,0,0
4503,0.6615,0,0,0,0,0,0
4504,0.3678,0,0,0,0,0,0
4505,0.5092,0,0,0,0,0,0
4506,0.948,0,0,0,0,0,0
4507,-0.9376,0,0,0,0,0,0
4508,0.3956,0,0,0,0,0,0
4509,-0.5292,0,0,0,0,0,0
4510,1.2322,0,0,0,0,0,0
4511,1.6314,0,0,0,0,0,0
4512,0.3696,1,1,0,0,0,0
4513,-1.0,0,1,0,0,0,0
4514,-0.5953,0,1,0,0,0,0
4515,-0.7065,0,1,0,0,0,0
4516,2.0564,0,1,0,0,0,1
4517,1.508,0,1,0,1,0,1
4518,1.1636,0,1,0,0,0,1
4519,0.0551,0,1,0,0,0,1
4520,1.3941,0,1,0,0,0,1
4521,-1.0,0,0,0,0,0,1
4522,-1.0,0,0,0,0,0,1
4523,1.0874,0,0,0,0,0,1
4524,-1.0,0,0,0,0,0,1
4525,1.2552,0,0,0,0,0,1
4526,-1.0,0,0,0,0,0,1
4527,-1.0,0,0,0,0,0,1
4528,0.5295,0,0,0,0,0,1
4529,1.0767,0,0,0,0,0,1
4530,0.1267,0,0,0,0,0,1
4531,-1.0,0,0,0,0,0,1
4532,-0.1413,0,0,0,0,0,1
4533,-0.3474,0,0,0,0,0,1
4534,1.0722,0,0,0,0,0,0
4535,-1.0,0,0,0,0,0,0
4536,-1.0,0,0,0,0,0,0
4537,-1.0,0,0,0,0,0,0
4538,0.8347,0,0,0,0,0,0
4539,-0.5402,0,0,0,0,0,0
4540,0.8703,0,0,0,0,0,0
4541,-0.2177,0,0,0,0,0,0
4542,-0.0401,0,0,0,0,0,0
4543,0.741,0,0,0,0,0,0
4544,-1.0,0,0,0,0,0,0
4545,-1.0,0,0,0,0,0,0
4546,0.6434,0,0,0,0,0,0
4547,0.9151,0,0,0,0,0,0
4548,-0.5541,0,0,0,0,0,0
4549,0.3541,0,0,0,0,0,0
4550,0.001,0,0,0,0,0,0
4551,0.1775,0,0,0,0,0,0
4552,2.1012,0,0,0,0,0,0
4553,0.8718,1,1,0,0,0,1
4554,0.9775,0,1,0,0,0,1
4555,2.3759,0,1,0,0,0,0
4556,-0.0896,0,1,0,0,0,0
4557,0.0878,0,1,0,0,0,0
4558,-0.8845,0,1,0,0,0,0
4559,-1.0,0,1,0,0,0,0
4560,2.1376,0,1,0,0,0,0
4561,-0.3808,0,1,0,0,0,0
4562,-0.9918,0,0,0,0,0,0
4563,0.5849,0,0,0,0,0,0
4564,-0.439,0,0,0,0,0,0
4565,-0.8002,0,0,0,0,0,0
4566,-1.0,0,0,0,0,0,0
4567,1.9882,0,0,0,0,0,0
4568,0.2688,0,0,0,0,0,0
4569,-1.0,0,0,0,0,0,0
4570,0.8848,0,0,0,0,0,0
4571,0.831,0,0,0,0,0,0
4572,-0.9543,0,0,0,0,0,0
4573,-1.0,0,0,0,0,0,0
4574,-0.1067,0,0,0,0,0,0
4575,-1.0,0,0,0,0,0,0
4576,0.3121,0,0,0,0,0,0
4577,0.5839,0,0,0,0,0,0
4578,0.1317,0,0,0,0,0,0
4579,-0.8333,0,0,0,0,0,0
4580,2.6531,0,0,0,0,0,0
4581,0.316,0,0,0,0,0,0
4582,-0.3605,0,0,0,0,0,0
4583,-0.1534,0,0,0,0,0,0
4584,-0.2674,0,0,0,0,0,0
4585,0.7489,0,0,0,0,0,0
4586,3.1384,0,0,0,0,0,0
4587,-0.578,0,0,0,0,0,0
4588,1.1148,0,0,0,0,0,0
4589,-1.0,0,0,0,0,0,0
4590,-0.7499,0,0,0,0,0,0
4591,2.2778,0,0,0,0,0,0
4592,-0.911,0,0,0,0,0,0
4593,0.0223,0,0,0,0,0,0
4594,-0.3086,1,1,0,0,0,0
4595,-0.5055,0,1,0,0,0,0
4596,-0.1004,0,1,0,0,0,0
4597,1.2876,0,1,0,0,0,0
4598,2.2991,0,1,0,0,0,0
4599,1.3884,0,1,0,1,0,1
4600,2.1543,0,1,0,0,0,1
4601,3.7741,0,1,0,0,0,1
4602,0.7262,0,1,0,0,0,1
4603,0.6279,0,0,0,0,0,1
4604,-0.3309,0,0,0,0,0,1
4605,0.4291,0,0,0,0,0,1
4606,0.9639,0,0,0,0,0,1
4607,3.4466,0,0,0,0,0,1
4608,-0.3922,0,0,0,0,0,1
4609,0.3212,0,0,0,0,0,1
4610,1.4385,0,0,0,0,0,1
4611,0.0682,0,0,0,0,0,1
4612,-0.4169,0,0,0,0,0,1
4613,-0.8127,0,0,0,0,0,1
4614,-0.409,0,0,0,0,0,1
4615,-0.6735,0,0,0,0,0,1
4616,0.4763,0,0,0,0,0,0
4617,-1.0,0,0,0,0,0,0
4618,-1.0,0,0,0,0,0,0
4619,-0.1351,0,0,0,0,0,0
4620,-0.1571,0,0,0,0,0,0
4621,-1.0,0,0,0,0,0,0
4622,0.3866,0,0,0,0,0,0
4623,0.7917,0,0,0,0,0,0
4624,-0.7114,0,0,0,0,0,0
4625,-0.6903,0,0,0,0,0,0
4626,-0.7933,0,0,0,0,0,0
4627,-0.275,0,0,0,0,0,0
4628,-1.0,0,0,0,0,0,0
4629,0.47,0,0,0,0,0,0
4630,0.6216,0,0,0,0,0,0
4631,0.0112,0,0,0,0,0,0
4632,0.8675,0,0,0,0,0,0
4633,-0.6459,0,0,0,0,0,0
4634,-1.0,0,0,0,0,0,0
4635,0.757,1,0,1,0,0,0
4636,-0.4566,0,0,1,0,0,0
4637,-0.1878,0,0,1,0,0,0
4638,1.5893,0,0,1,0,0,0
4639,-0.6449,0,0,1,0,0,0
4640,-0.4677,0,0,1,0,0,0
4641,0.478,0,0,1,0,0,0
4642,-0.5528,0,0,1,0,0,0
4643,0.271,0,0,1,0,0,0
4644,-0.3934,0,0,0,0,1,1
4645,0.3887,0,0,0,0,1,1
4646,-0.7636,0,0,0,0,1,1
4647,1.4138,0,0,0,0,1,1
4648,2.4665,0,0,0,0,1,1
4649,-0.3427,0,0,0,0,1,1
4650,-0.6569,0,0,0,0,1,1
4651,1.0075,0,0,0,0,0,0
4652,-0.6464,0,0,0,0,0,0
4653,0.6908,0,0,0,0,0,0
4654,0.3175,0,0,0,0,0,0
4655,-1.0,0,0,0,0,0,0
4656,-0.9277,0,0,0,0,0,0
4657,-0.7011,0,0,0,0,0,0
4658,-0.1082,0,0,0,0,0,0
4659,-0.6356,0,0,0,0,0,0
4660,3.7401,0,0,0,0,0,0
4661,1.9368,0,0,0,0,0,0
4662,0.4168,0,0,0,0,0,0
4663,-0.4053,0,0,0,0,0,0
4664,-0.2352,0,0,0,0,0,0
4665,-1.0,0,0,0,0,0,0
4666,-0.1493,0,0,0,0,0,0
4667,-1.0,0,0,0,0,0,0
4668,-0.0769,0,0,0,0,0,0
4669,-1.0,0,0,0,0,0,0
4670,0.1757,0,0,0,0,0,0
4671,-1.0,0,0,0,0,0,0
4672,-1.0,0,0,0,0,0,0
4673,-0.8353,0,0,0,0,0,0
4674,-0.625,0,0,0,0,0,0
4675,-0.3377,0,0,0,0,0,0
4676,-0.2942,1,0,1,0,0,0
4677,-0.3474,0,0,1,0,0,0
4678,0.0819,0,0,1,0,0,0
4679,-1.0,0,0,1,0,0,0
4680,0.9392,0,0,1,0,0,0
4681,0.7041,0,0,1,0,0,0
4682,0.3765,0,0,1,0,0,0
4683,-1.0,0,0,1,0,0,0
4684,-1.0,0,0,1,0,0,0
4685,-0.8841,0,0,0,0,0,0
4686,-1.0,0,0,0,0,0,0
4687,-0.7451,0,0,0,0,0,0
4688,-0.5067,0,0,0,0,0,0
4689,-0.1535,0,0,0,0,0,0
4690,0.7971,0,0,0,0,0,0
4691,-1.0,0,0,0,0,0,0
4692,-0.0863,0,0,0,0,0,0
4693,1.7976,0,0,0,0,0,0
4694,-0.9898,0,0,0,0,0,0
4695,1.5114,0,0,0,0,0,0
4696,-0.151,0,0,0,0,0,0
4697,-1.0,0,0,0,0,0,0
4698,0.2801,0,0,0,0,0,0
4699,-0.622,0,0,0,0,0,0
4700,1.1303,0,0,0,0,0,0
4701,0.2393,0,0,0,0,0,0
4702,-1.0,0,0,0,0,0,0
4703,-0.0035,0,0,0,0,0,0
4704,-0.7987,0,0,0,0,0,0
4705,-1.0,0,0,0,0,0,0
4706,-0.9657,0,0,0,0,0,0
4707,0.3811,0,0,0,0,0,0
4708,-1.0,0,0,0,0,0,0
4709,-1.0,0,0,0,0,0,0
4710,0.5012,0,0,0,0,0,0
4711,0.1159,0,0,0,0,0,0
4712,0.1026,0,0,0,0,0,0
4713,0.3867,0,0,0,0,0,0
4714,2.5836,0,0,0,0,0,0
4715,0.1152,0,0,0,0,0,0
4716,1.1284,0,0,0,0,0,0
4717,-0.0181,1,1,0,0,0,0
4718,2.9868,0,1,0,0,0,0
4719,-0.0726,0,1,0,0,0,0
4720,1.248,0,1,0,0,0,0
4721,5.2699,0,1,0,0,0,1
4722,0.7854,0,1,0,1,0,1
4723,-1.0,0,1,0,0,0,1
4724,1.2751,0,1,0,0,0,1
4725,-0.6143,0,1,0,0,0,1
4726,0.2257,0,0,0,0,0,1
4727,1.5693,0,0,0,0,0,1
4728,0.7608,0,0,0,0,0,1
4729,2.3469,0,0,0,0,0,1
4730,0.8566,0,0,0,0,0,1
4731,1.3878,0,0,0,0,0,1
4732,-0.3306,0,0,0,0,0,1
4733,2.3319,0,0,0,0,0,1
4734,-0.1709,0,0,0,0,0,1
4735,1.7456,0,0,0,0,0,1
4736,-1.0,0,0,0,0,0,1
4737,-1.0,0,0,0,0,0,1
4738,-0.8419,0,0,0,0,0,1
4739,-1.0,0,0,0,0,0,1
4740,-0.1196,0,0,0,0,0,1
4741,0.1863,0,0,0,0,0,0
4742,-0.4845,0,0,0,0,0,0
4743,-0.4667,0,0,0,0,0,0
4744,-1.0,0,0,0,0,0,0
4745,0.5281,0,0,0,0,0,0
4746,-0.9346,0,0,0,0,0,0
4747,-0.7545,0,0,0,0,0,0
4748,-1.0,0,0,0,0,0,0
4749,-0.5751,0,0,0,0,0,0
4750,-1.0,0,0,0,0,0,0
4751,-1.0,0,0,0,0,0,0
4752,-1.0,0,0,0,0,0,0
4753,-1.0,0,0,0,0,0,0
4754,-1.0,0,0,0,0,0,0
4755,2.1302,0,0,0,0,0,0
4756,3.2419,0,0,0,0,0,0
4757,-0.5831,0,0,0,0,0,0
4758,-1.0,1,0,1,0,0,0
4759,-0.5187,0,0,1,0,0,0
4760,-0.9451,0,0,1,0,0,0
4761,-0.536,0,0,1,0,0,0
4762,0.5193,0,0,1,0,0,0
4763,0.1079,0,0,1,0,0,0
4764,1.5144,0,0,1,0,1,1
4765,2.6695,0,0,1,0,1,1
4766,-0.4603,0,0,1,0,1,1
4767,0.2574,0,0,0,0,1,1
4768,3.2727,0,0,0,0,1,1
4769,-1.0,0,0,0,0,1,1
4770,3.4023,0,0,0,0,1,1
4771,2.4968,0,0,0,0,1,1
4772,0.9443,0,0,0,0,1,1
4773,2.1669,0,0,0,0,0,0
4774,-1.0,0,0,0,0,0,0
4775,0.3356,0,0,0,0,0,0
4776,0.3859,0,0,0,0,0,0
4777,1.4,0,0,0,0,0,0
4778,2.6822,0,0,0,0,0,0
4779,1.3843,0,0,0,0,0,0
4780,2.1319,0,0,0,0,0,0
4781,1.9477,0,0,0,0,0,0
4782,0.0191,0,0,0,0,0,0
4783,-0.1523,0,0,0,0,0,0
4784,-0.427,0,0,0,0,0,0
4785,-0.4037,0,0,0,0,0,0
4786,-1.0,0,0,0,0,0,0
4787,0.8364,0,0,0,0,0,0
4788,-1.0,0,0,0,0,0,0
4789,2.7247,0,0,0,0,0,0
4790,-1.0,0,0,0,0,0,0
4791,-1.0,0,0,0,0,0,0
4792,0.8636,0,0,0,0,0,0
4793,0.4574,0,0,0,0,0,0
4794,0.2828,0,0,0,0,0,0
4795,-1.0,0,0,0,0,0,0
4796,-1.0,0,0,0,0,0,0
4797,-1.0,0,0,0,0,0,0
4798,-1.0,0,0,0,0,0,0
4799,0.5002,1,1,0,0,0,0
4800,0.769,0,1,0,0,0,0
4801,0.0919,0,1,0,0,0,0
4802,-1.0,0,1,0,0,0,0
4803,0.7969,0,1,0,0,0,0
4804,0.7033,0,1,0,1,0,1
4805,-0.7527,0,1,0,0,0,1
4806,1.3985,0,1,0,0,0,1
4807,-0.05,0,1,0,0,0,1
4808,2.5883,0,0,0,0,0,1
4809,-1.0,0,0,0,0,0,1
4810,2.6193,0,0,0,0,0,1
4811,-1.0,0,0,0,0,0,1
4812,-1.0,0,0,0,0,0,1
4813,-0.1979,0,0,0,0,0,1
4814,-0.5381,0,0,0,0,0,1
4815,0.2923,0,0,0,0,0,1
4816,-1.0,0,0,0,0,0,1
4817,0.6778,0,0,0,0,0,1
4818,1.667,0,0,0,0,0,1
4819,-0.1509,0,0,0,0,0,0
4820,-0.1825,0,0,0,0,0,0
4821,-1.0,0,0,0,0,0,0
4822,-0.5772,0,0,0,0,0,0
4823,1.1206,0,0,0,0,0,0
4824,1.5093,0,0,0,0,0,0
4825,0.514,0,0,0,0,0,0
4826,1.0155,0,0,0,0,0,0
4827,-0.4757,0,0,0,0,0,0
4828,-1.0,0,0,0,0,0,0
4829,0.8154,0,0,0,0,0,0
4830,2.6364,0,0,0,0,0,0
4831,-0.7346,0,0,0,0,0,0
4832,-1.0,0,0,0,0,0,0
4833,4.2589,0,0,0,0,0,0
4834,1.1241,0,0,0,0,0,0
4835,1.5994,0,0,0,0,0,0
4836,0.6181,0,0,0,0,0,0
4837,1.6756,0,0,0,0,0,0
4838,0.2786,0,0,0,0,0,0
4839,1.0359,0,0,0,0,0,0
4840,-0.7408,1,0,1,0,0,0
4841,2.5799,0,0,1,0,0,0
4842,2.5636,0,0,1,0,0,0
4843,1.4293,0,0,1,0,0,1
4844,0.0675,0,0,1,0,0,1
4845,-0.8716,0,0,1,0,1,1
4846,5.5609,0,0,1,0,1,1
4847,0.9178,0,0,1,0,1,1
4848,1.1449,0,0,1,0,1,1
4849,5.971,0,0,0,0,1,1
4850,1.8935,0,0,0,0,1,1
4851,1.5448,0,0,0,0,1,1
4852,3.9903,0,0,0,0,0,0
4853,2.6546,0,0,0,0,0,0
4854,1.4657,0,0,0,0,1,1
4855,1.6462,0,0,0,0,0,0
4856,3.7495,0,0,0,0,0,0
4857,1.8931,0,0,0,0,0,0
4858,0.7123,0,0,0,0,0,0
4859,2.5823,0,0,0,0,0,0
4860,0.8434,0,0,0,0,0,0
4861,0.3891,0,0,0,0,1,1
4862,1.8743,0,0,0,0,1,1
4863,-0.6802,0,0,0,0,0,0
4864,0.9809,0,0,0,0,0,0
4865,1.1885,0,0,0,0,0,0
4866,-0.0212,0,0,0,0,0,0
4867,-0.4412,0,0,0,0,0,0
4868,0.1028,0,0,0,0,0,0
4869,-0.8752,0,0,0,0,0,0
4870,-0.3653,0,0,0,0,0,0
4871,0.094,0,0,0,0,0,0
4872,-0.1756,0,0,0,0,0,0
4873,-0.7347,0,0,0,0,0,0
4874,1.043,0,0,0,0,0,0
4875,1.6135,0,0,0,0,0,0
4876,-0.4922,0,0,0,0,0,0
4877,-1.0,0,0,0,0,0,0
4878,-1.0,0,0,0,0,0,0
4879,-1.0,0,0,0,0,0,0
4880,-0.5344,0,0,0,0,0,0
4881,-1.0,1,0,1,0,0,0
4882,-0.692,0,0,1,0,0,0
4883,0.3643,0,0,1,0,0,0
4884,0.4043,0,0,1,0,0,0
4885,1.335,0,0,1,0,0,0
4886,0.7329,0,0,1,0,0,0
4887,1.2114,0,0,1,0,0,0
4888,-0.4506,0,0,1,0,0,0
4889,1.0684,0,0,1,0,0,0
4890,-0.6189,0,0,0,0,0,0
4891,0.8841,0,0,0,0,0,0
4892,0.269,0,0,0,0,0,0
4893,-0.451,0,0,0,0,0,0
4894,-1.0,0,0,0,0,0,0
4895,0.5056,0,0,0,0,0,0
4896,-0.1311,0,0,0,0,0,0
4897,-1.0,0,0,0,0,0,0
4898,1.1639,0,0,0,0,0,0
4899,0.2679,0,0,0,0,0,0
4900,0.9349,0,0,0,0,0,0
4901,-0.4607,0,0,0,0,0,0
4902,0.9445,0,0,0,0,0,0
4903,1.2437,0,0,0,0,0,0
4904,-0.9564,0,0,0,0,0,0
4905,-0.6773,0,0,0,0,0,0
4906,2.1076,0,0,0,0,0,0
4907,-1.0,0,0,0,0,0,0
4908,-0.8423,0,0,0,0,0,0
4909,-0.5429,0,0,0,0,0,0
4910,-0.4052,0,0,0,0,0,0
4911,0.0775,0,0,0,0,0,0
4912,-0.7294,0,0,0,0,0,0
4913,0.0,0,0,0,0,0,0
4914,1.3383,0,0,0,0,0,0
4915,1.1379,0,0,0,0,0,0
4916,0.5912,0,0,0,0,0,0
4917,0.6449,0,0,0,0,0,0
4918,1.1095,0,0,0,0,0,0
4919,1.7768,0,0,0,0,0,0
4920,1.7632,0,0,0,0,0,0
4921,0.7211,0,0,0,0,0,0
4922,0.6636,1,0,1,0,0,0
4923,-0.6722,0,0,1,0,0,0
4924,-1.0,0,0,1,0,0,0
4925,-0.7034,0,0,1,0,0,1
4926,0.5474,0,0,1,0,0,1
4927,1.6894,0,0,1,0,1,1
4928,1.1981,0,0,1,0,1,1
4929,0.3314,0,0,1,0,1,1
4930,-0.3593,0,0,1,0,1,1
4931,1.4211,0,0,0,0,1,1
4932,-1.0,0,0,0,0,1,1
4933,-1.0,0,0,0,0,1,1
4934,-1.0,0,0,0,0,1,1
4935,1.7566,0,0,0,0,1,1
4936,-0.35,0,0,0,0,0,0
4937,-1.0,0,0,0,0,0,0
4938,-0.3796,0,0,0,0,0,0
4939,-0.194,0,0,0,0,0,0
4940,-1.0,0,0,0,0,0,0
4941,-1.0,0,0,0,0,0,0
4942,-1.0,0,0,0,0,0,0
4943,-0.5896,0,0,0,0,0,0
4944,-1.0,0,0,0,0,0,0
4945,-0.2375,0,0,0,0,0,0
4946,-0.9467,0,0,0,0,0,0
4947,-1.0,0,0,0,0,0,0
4948,-0.1844,0,0,0,0,0,0
4949,-0.3468,0,0,0,0,0,0
4950,0.123,0,0,0,0,0,0
4951,-1.0,0,0,0,0,0,0
4952,-0.0251,0,0,0,0,0,0
4953,-0.5275,0,0,0,0,0,0
4954,-0.1948,0,0,0,0,0,0
4955,-1.0,0,0,0,0,0,0
4956,-0.3862,0,0,0,0,0,0
4957,2.2503,0,0,0,0,0,0
4958,1.237,0,0,0,0,0,0
4959,1.8458,0,0,0,0,0,0
4960,-0.5629,0,0,0,0,0,0
4961,-1.0,0,0,0,0,0,0
4962,-0.874,0,0,0,0,0,0
4963,-0.9393,1,1,0,0,0,0
4964,-0.2788,0,1,0,0,0,0
4965,-1.0,0,1,0,0,0,0
4966,2.0224,0,1,0,0,0,0
4967,2.4671,0,1,0,0,0,0
4968,0.9715,0,1,0,0,0,0
4969,3.4113,0,1,0,0,0,0
4970,1.8933,0,1,0,0,0,0
4971,2.4292,0,1,0,0,0,0
4972,-0.958,0,0,0,0,0,0
4973,0.2201,0,0,0,0,0,0
4974,0.0,0,0,0,0,0,0
4975,0.9403,0,0,0,0,0,0
4976,-1.0,0,0,0,0,0,0
4977,-0.0316,0,0,0,0,0,0
4978,-1.0,0,0,0,0,0,0
4979,2.7433,0,0,0,0,0,0
4980,-0.7274,0,0,0,0,0,0
4981,-0.542,0,0,0,0,0,0
4982,-0.9525,0,0,0,0,0,0
4983,-0.5225,0,0,0,0,0,0
4984,-1.0,0,0,0,0,0,0
4985,-1.0,0,0,0,0,0,0
4986,-1.0,0,0,0,0,0,0
4987,0.7541,0,0,0,0,0,0
4988,0.742,0,0,0,0,0,0
4989,-1.0,0,0,0,0,0,0
4990,1.3327,0,0,0,0,0,0
4991,-0.8671,0,0,0,0,0,0
4992,0.7709,0,0,0,0,0,0
4993,0.6172,0,0,0,0,0,0
4994,-1.0,0,0,0,0,0,0
4995,-0.8815,0,0,0,0,0,0
4996,-1.0,0,0,0,0,0,0
4997,-0.5102,0,0,0,0,0,0
4998,-0.2523,0,0,0,0,0,0
4999,-1.0,0,0,0,0,0,0
5000,-1.0,0,0,0,0,0,0
5001,0.0682,0,0,0,0,0,0
5002,-0.7671,0,0,0,0,0,0
5003,1.4017,0,0,0,0,0,0
5004,-0.524,1,1,0,0,0,0
5005,2.6188,0,1,0,0,0,0
5006,3.292,0,1,0,0,0,0
5007,-0.5845,0,1,0,0,0,0
5008,2.3745,0,1,0,0,0,0
5009,0.8238,0,1,0,1,0,1
5010,-0.8565,0,1,0,0,0,1
5011,2.0992,0,1,0,0,0,1
5012,-1.0,0,1,0,0,0,1
5013,3.277,0,0,0,0,0,1
5014,-0.6146,0,0,0,0,0,1
5015,2.3708,0,0,0,0,0,1
5016,-0.3362,0,0,0,0,0,1
5017,1.4628,0,0,0,0,0,1
5018,2.4091,0,0,0,0,0,1
5019,2.6665,0,0,0,0,0,1
5020,-0.3963,0,0,0,0,0,1
5021,-1.0,0,0,0,0,0,1
5022,-1.0,0,0,0,0,0,1
5023,-0.4071,0,0,0,0,0,1
5024,3.5942,0,0,0,0,0,0
5025,0.6853,0,0,0,0,0,0
5026,0.4937,0,0,0,0,0,0
5027,-1.0,0,0,0,0,0,0
5028,0.0482,0,0,0,0,0,0
5029,0.2223,0,0,0,0,0,0
5030,0.7147,0,0,0,0,0,0
5031,0.7427,0,0,0,0,0,0
5032,-0.4176,0,0,0,0,0,0
5033,2.2629,0,0,0,0,0,0
5034,2.6555,0,0,0,0,0,0
5035,0.7867,0,0,0,0,0,0
5036,-1.0,0,0,0,0,0,0
5037,-0.9178,0,0,0,0,0,0
5038,1.5136,0,0,0,0,0,0
5039,5.3859,0,0,0,0,0,0
5040,2.4007,0,0,0,0,0,0
5041,0.2332,0,0,0,0,0,0
5042,2.5291,0,0,0,0,0,0
5043,0.7234,0,0,0,0,0,0
5044,-0.0333,0,0,0,0,0,0
5045,-1.0,1,1,0,0,0,0
5046,-1.0,0,1,0,0,0,0
5047,1.1029,0,1,0,0,0,0
5048,2.2006,0,1,0,0,0,0
5049,5.7104,0,1,0,0,0,1
5050,-0.4179,0,1,0,1,0,1
5051,0.9188,0,1,0,0,0,1
5052,2.3916,0,1,0,0,0,1
5053,3.6294,0,1,0,0,0,1
5054,0.7672,0,0,0,0,0,1
5055,-1.0,0,0,0,0,0,1
5056,3.3375,0,0,0,0,0,1
5057,1.1961,0,0,0,0,0,1
5058,1.6253,0,0,0,0,0,1
5059,1.8663,0,0,0,0,0,0
5060,-1.0,0,0,0,0,0,0
5061,-0.1925,0,0,0,0,0,0
5062,-0.5219,0,0,0,0,0,0
5063,2.7699,0,0,0,0,0,0
5064,0.1265,0,0,0,0,0,0
5065,1.0519,0,0,0,0,0,0
5066,1.7432,0,0,0,0,0,0
5067,-1.0,0,0,0,0,0,0
5068,-1.0,0,0,0,0,0,0
5069,-1.0,0,0,0,0,0,0
5070,-0.6654,0,0,0,0,0,0
5071,-0.695,0,0,0,0,0,0
5072,-1.0,0,0,0,0,0,0
5073,0.114,0,0,0,0,0,0
5074,-0.9861,0,0,0,0,0,0
5075,0.345,0,0,0,0,0,0
5076,1.0795,0,0,0,0,0,0
5077,-1.0,0,0,0,0,0,0
5078,-1.0,0,0,0,0,0,0
5079,2.351,0,0,0,0,0,0
5080,-0.2991,0,0,0,0,0,0
5081,0.8328,0,0,0,0,0,0
5082,0.1031,0,0,0,0,0,0
5083,-1.0,0,0,0,0,0,0
5084,0.5729,0,0,0,0,0,0
5085,-0.7813,0,0,0,0,0,0
5086,-0.2842,1,0,1,0,0,0
5087,-1.0,0,0,1,0,0,0
5088,-0.6313,0,0,1,0,0,0
5089,0.1767,0,0,1,0,0,0
5090,2.6022,0,0,1,0,0,0
5091,0.9807,0,0,1,0,1,1
5092,0.5547,0,0,1,0,1,1
5093,2.3545,0,0,1,0,1,1
5094,1.0275,0,0,1,0,1,1
5095,-0.8639,0,0,0,0,1,1
5096,0.6514,0,0,0,0,1,1
5097,2.5784,0,0,0,0,1,1
5098,1.2016,0,0,0,0,1,1
5099,2.1271,0,0,0,0,0,0
5100,2.2271,0,0,0,0,0,0
5101,-0.0984,0,0,0,0,0,0
5102,1.5091,0,0,0,0,0,0
5103,1.8595,0,0,0,0,0,0
5104,2.2475,0,0,0,0,0,0
5105,1.127,0,0,0,0,0,0
5106,1.0242,0,0,0,0,0,0
5107,-0.7197,0,0,0,0,0,0
5108,-1.0,0,0,0,0,0,0
5109,0.4148,0,0,0,0,0,0
5110,-0.3481,0,0,0,0,0,0
5111,1.1099,0,0,0,0,0,0
5112,-0.6362,0,0,0,0,0,0
5113,1.338,0,0,0,0,0,0
5114,-0.0763,0,0,0,0,0,0
5115,-1.0,0,0,0,0,0,0
5116,1.1934,0,0,0,0,0,0
5117,0.1624,0,0,0,0,0,0
5118,1.3089,0,0,0,0,0,0
5119,-0.7979,0,0,0,0,0,0
5120,-0.7665,0,0,0,0,0,0
5121,-1.0,0,0,0,0,0,0
5122,-1.0,0,0,0,0,0,0
5123,0.6126,0,0,0,0,0,0
5124,-1.0,0,0,0,0,0,0
5125,2.3136,0,0,0,0,0,0
5126,-1.0,0,0,0,0,0,0
5127,-1.0,1,1,0,0,0,0
5128,-1.0,0,1,0,0,0,0
5129,1.3281,0,1,0,0,0,0
5130,-1.0,0,1,0,0,0,0
5131,-1.0,0,1,0,0,0,1
5132,0.9131,0,1,0,1,0,1
5133,-1.0,0,1,0,0,0,1
5134,-1.0,0,1,0,0,0,1
5135,-1.0,0,1,0,0,0,1
5136,1.3083,0,0,0,0,0,1
5137,2.1045,0,0,0,0,0,1
5138,-0.829,0,0,0,0,0,1
5139,-0.9095,0,0,0,0,0,1
5140,-0.3571,0,0,0,0,0,1
5141,-1.0,0,0,0,0,0,1
5142,-0.9382,0,0,0,0,0,1
5143,-0.0206,0,0,0,0,0,1
5144,0.6695,0,0,0,0,0,1
5145,-1.0,0,0,0,0,0,1
5146,2.2306,0,0,0,0,0,1
5147,1.4561,0,0,0,0,0,1
5148,-0.1053,0,0,0,0,0,1
5149,1.1467,0,0,0,0,0,1
5150,-1.0,0,0,0,0,0,1
5151,0.1795,0,0,0,0,0,0
5152,1.2495,0,0,0,0,0,0
5153,1.4678,0,0,0,0,0,0
5154,0.5133,0,0,0,0,0,0
5155,2.3317,0,0,0,0,0,0
5156,-0.5294,0,0,0,0,0,0
5157,2.246,0,0,0,0,0,0
5158,0.696,0,0,0,0,0,0
5159,1.0238,0,0,0,0,0,0
5160,0.7658,0,0,0,0,0,0
5161,-0.5857,0,0,0,0,0,0
5162,-1.0,0,0,0,0,0,0
5163,-0.1858,0,0,0,0,0,0
5164,0.7517,0,0,0,0,0,0
5165,0.433,0,0,0,0,0,0
5166,-0.008,0,0,0,0,0,0
5167,0.9726,0,0,0,0,0,0
5168,-1.0,1,0,1,0,0,0
5169,1.7498,0,0,1,0,0,0
5170,-1.0,0,0,1,0,0,0
5171,-0.1785,0,0,1,0,0,0
5172,-1.0,0,0,1,0,0,0
5173,-1.0,0,0,1,0,0,0
5174,3.4105,0,0,1,0,0,0
5175,-1.0,0,0,1,0,0,0
5176,-1.0,0,0,1,0,0,0
5177,1.7782,0,0,0,0,0,0
5178,0.6748,0,0,0,0,0,0
5179,-1.0,0,0,0,0,0,0
5180,-1.0,0,0,0,0,0,0
5181,1.9108,0,0,0,0,0,0
5182,-1.0,0,0,0,0,0,0
5183,-0.6701,0,0,0,0,0,0
5184,-0.5126,0,0,0,0,0,0
5185,1.5663,0,0,0,0,0,0
5186,-1.0,0,0,0,0,0,0
5187,2.9697,0,0,0,0,0,0
5188,-1.0,0,0,0,0,0,0
5189,-0.4648,0,0,0,0,0,0
5190,-1.0,0,0,0,0,0,0
5191,-1.0,0,0,0,0,0,0
5192,-0.2978,0,0,0,0,0,0
5193,-1.0,0,0,0,0,0,0
5194,-1.0,0,0,0,0,0,0
5195,4.6487,0,0,0,0,0,0
5196,-1.0,0,0,0,0,0,0
5197,-1.0,0,0,0,0,0,0
5198,-1.0,0,0,0,0,0,0
5199,1.0589,0,0,0,0,0,0
5200,1.0953,0,0,0,0,0,0
5201,-0.486,0,0,0,0,0,0
5202,2.4772,0,0,0,0,0,0
5203,0.1777,0,0,0,0,0,0
5204,4.6012,0,0,0,0,0,0
5205,1.3536,0,0,0,0,0,0
5206,-0.3105,0,0,0,0,0,0
5207,-0.6777,0,0,0,0,0,0
5208,-1.0,0,0,0,0,0,0
5209,-1.0,1,0,1,0,0,0
5210,-1.0,0,0,1,0,0,0
5211,-1.0,0,0,1,0,0,0
5212,-0.1247,0,0,1,0,0,0
5213,0.5524,0,0,1,0,0,0
5214,2.1771,0,0,1,0,0,0
5215,1.2258,0,0,1,0,0,0
5216,1.0579,0,0,1,0,0,0
5217,6.3497,0,0,1,0,1,1
5218,1.7521,0,0,0,0,1,1
5219,1.1299,0,0,0,0,1,1
5220,4.653,0,0,0,0,1,1
5221,4.5538,0,0,0,0,1,1
5222,2.6129,0,0,0,0,1,1
5223,3.9742,0,0,0,0,1,1
5224,3.7276,0,0,0,0,1,1
5225,1.1098,0,0,0,0,1,1
5226,1.8395,0,0,0,0,1,1
5227,3.1656,0,0,0,0,0,0
5228,2.6371,0,0,0,0,0,0
5229,6.0385,0,0,0,0,0,0
5230,0.5496,0,0,0,0,0,0
5231,1.8974,0,0,0,0,0,0
5232,1.3843,0,0,0,0,0,0
5233,0.9663,0,0,0,0,0,0
5234,3.9833,0,0,0,0,0,0
5235,1.0654,0,0,0,0,0,0
5236,-0.2954,0,0,0,0,0,0
5237,3.1499,0,0,0,0,0,0
5238,2.0673,0,0,0,0,0,0
5239,-1.0,0,0,0,0,0,0
5240,-0.3478,0,0,0,0,0,0
5241,1.4935,0,0,0,0,0,0
5242,1.393,0,0,0,0,0,0
5243,-1.0,0,0,0,0,0,0
5244,1.0923,0,0,0,0,0,0
5245,-0.9098,0,0,0,0,0,0
5246,-1.0,0,0,0,0,0,0
5247,-0.7802,0,0,0,0,0,0
5248,1.8408,0,0,0,0,0,0
5249,1.0084,0,0,0,0,0,0
5250,3.0172,1,1,0,0,0,0
5251,-1.0,0,1,0,0,0,0
5252,-0.5133,0,1,0,0,0,0
5253,2.8915,0,1,0,0,0,0
5254,5.3237,0,1,0,0,0,1
5255,0.6347,0,1,0,1,0,1
5256,0.5768,0,1,0,0,0,1
5257,4.7323,0,1,0,0,0,1
5258,5.2301,0,1,0,0,0,1
5259,2.9566,0,0,0,0,0,1
5260,2.4453,0,0,0,0,0,1
5261,-0.6928,0,0,0,0,0,1
5262,2.3046,0,0,0,0,0,1
5263,1.7488,0,0,0,0,0,1
5264,-0.2849,0,0,0,0,0,1
5265,1.5001,0,0,0,0,0,1
5266,-0.0531,0,0,0,0,0,1
5267,0.5745,0,0,0,0,0,1
5268,0.4297,0,0,0,0,0,1
5269,-1.0,0,0,0,0,0,1
5270,0.8642,0,0,0,0,0,0
5271,2.0571,0,0,0,0,0,0
5272,-0.1348,0,0,0,0,0,0
5273,-1.0,0,0,0,0,0,0
5274,4.4944,0,0,0,0,0,0
5275,-1.0,0,0,0,0,0,0
5276,-1.0,0,0,0,0,0,0
5277,2.8195,0,0,0,0,0,0
5278,3.746,0,0,0,0,0,0
5279,-0.2443,0,0,0,0,0,0
5280,-0.1852,0,0,0,0,0,0
5281,-1.0,0,0,0,0,0,0
5282,-0.7518,0,0,0,0,0,0
5283,-0.4946,0,0,0,0,0,0
5284,-0.586,0,0,0,0,0,0
5285,-0.3897,0,0,0,0,0,0
5286,-0.76,0,0,0,0,0,0
5287,0.6845,0,0,0,0,0,0
5288,-1.0,0,0,0,0,0,0
5289,-0.3023,0,0,0,0,0,0
5290,0.4756,0,0,0,0,0,0
5291,0.957,1,1,0,0,0,0
5292,-1.0,0,1,0,0,0,0
5293,1.1192,0,1,0,0,0,0
5294,4.5524,0,1,0,0,0,0
5295,1.7505,0,1,0,0,0,1
5296,2.4152,0,1,0,1,0,1
5297,3.3723,0,1,0,0,0,1
5298,2.6281,0,1,0,0,0,1
5299,3.2205,0,1,0,0,0,1
5300,-0.255,0,0,0,0,0,1
5301,2.5918,0,0,0,0,0,1
5302,2.4291,0,0,0,0,0,1
5303,-1.0,0,0,0,0,0,1
5304,1.0137,0,0,0,0,0,1
5305,-0.8693,0,0,0,0,0,1
5306,0.2301,0,0,0,0,0,1
5307,-1.0,0,0,0,0,0,1
5308,3.5998,0,0,0,0,0,1
5309,-1.0,0,0,0,0,0,1
5310,-1.0,0,0,0,0,0,1
5311,-0.4086,0,0,0,0,0,1
5312,4.0635,0,0,0,0,0,1
5313,1.4955,0,0,0,0,0,1
5314,-0.1376,0,0,0,0,0,1
5315,-1.0,0,0,0,0,0,0
5316,-0.0095,0,0,0,0,0,0
5317,-1.0,0,0,0,0,0,0
5318,0.5087,0,0,0,0,0,0
5319,-1.0,0,0,0,0,0,0
5320,5.2546,0,0,0,0,0,0
5321,2.8472,0,0,0,0,0,0
5322,0.2512,0,0,0,0,0,0
5323,-1.0,0,0,0,0,0,0
5324,0.2203,0,0,0,0,0,0
5325,3.2032,0,0,0,0,0,0
5326,1.4735,0,0,0,0,0,0
5327,-1.0,0,0,0,0,0,0
5328,2.1728,0,0,0,0,0,0
5329,-0.6707,0,0,0,0,0,0
5330,1.2428,0,0,0,0,0,0
5331,4.983,0,0,0,0,0,0
5332,-1.0,1,1,0,0,0,0
5333,-1.0,0,1,0,0,0,0
5334,0.6327,0,1,0,0,0,0
5335,-1.0,0,1,0,0,0,0
5336,1.9363,0,1,0,0,0,1
5337,-1.0,0,1,0,1,0,1
5338,4.686,0,1,0,0,0,1
5339,0.1152,0,1,0,0,0,1
5340,4.7293,0,1,0,0,0,1
5341,3.2106,0,0,0,0,0,1
5342,-0.1681,0,0,0,0,0,1
5343,4.7042,0,0,0,0,0,1
5344,1.9953,0,0,0,0,0,1
5345,-0.6336,0,0,0,0,0,1
5346,1.0845,0,0,0,0,0,1
5347,-1.0,0,0,0,0,0,1
5348,-0.9823,0,0,0,0,0,1
5349,1.72,0,0,0,0,0,1
5350,1.9815,0,0,0,0,0,1
5351,-1.0,0,0,0,0,0,1
5352,4.8374,0,0,0,0,0,0
5353,0.5431,0,0,0,0,0,0
5354,0.1706,0,0,0,0,0,0
5355,0.545,0,0,0,0,0,0
5356,3.916,0,0,0,0,0,0
5357,-1.0,0,0,0,0,0,0
5358,1.5602,0,0,0,0,0,0
5359,0.5964,0,0,0,0,0,0
5360,2.8161,0,0,0,0,0,0
5361,-1.0,0,0,0,0,0,0
5362,1.9198,0,0,0,0,0,0
5363,0.1826,0,0,0,0,0,0
5364,0.0654,0,0,0,0,0,0
5365,-1.0,0,0,0,0,0,0
5366,1.9228,0,0,0,0,0,0
5367,1.0638,0,0,0,0,0,0
5368,3.9856,0,0,0,0,0,0
5369,-0.2657,0,0,0,0,0,0
5370,-0.2379,0,0,0,0,0,0
5371,2.1027,0,0,0,0,0,0
5372,0.9658,0,0,0,0,0,0
5373,2.0116,1,0,1,0,0,0
5374,4.0724,0,0,1,0,0,0
5375,2.9473,0,0,1,0,0,0
5376,2.0919,0,0,1,0,0,1
5377,2.6539,0,0,1,0,0,1
5378,2.8549,0,0,1,0,1,1
5379,0.3355,0,0,1,0,1,1
5380,1.5713,0,0,1,0,1,1
5381,5.0074,0,0,1,0,1,1
5382,-0.5478,0,0,0,0,1,1
5383,4.4542,0,0,0,0,1,1
5384,5.414,0,0,0,0,1,1
5385,-0.1282,0,0,0,0,1,1
5386,2.6355,0,0,0,0,1,1
5387,2.4114,0,0,0,0,1,1
5388,-1.0,0,0,0,0,0,0
5389,-0.2561,0,0,0,0,0,0
5390,1.1232,0,0,0,0,0,0
5391,-0.4919,0,0,0,0,0,0
5392,1.7462,0,0,0,0,0,0
5393,-1.0,0,0,0,0,0,0
5394,-1.0,0,0,0,0,0,0
5395,-0.5973,0,0,0,0,0,0
5396,-1.0,0,0,0,0,0,0
5397,2.1129,0,0,0,0,0,0
5398,0.5801,0,0,0,0,0,0
5399,-1.0,0,0,0,0,0,0
5400,1.2922,0,0,0,0,0,0
5401,0.0811,0,0,0,0,0,0
5402,-0.6854,0,0,0,0,0,0
5403,1.5695,0,0,0,0,0,0
5404,-0.7099,0,0,0,0,0,0
5405,-1.0,0,0,0,0,0,0
5406,-0.6229,0,0,0,0,0,0
5407,1.6486,0,0,0,0,0,0
5408,1.0313,0,0,0,0,0,0
5409,-1.0,0,0,0,0,0,0
5410,-1.0,0,0,0,0,0,0
5411,-0.571,0,0,0,0,0,0
5412,-1.0,0,0,0,0,0,0
5413,-1.0,0,0,0,0,0,0
5414,-1.0,1,1,0,0,0,0
5415,-0.902,0,1,0,0,0,0
5416,0.9375,0,1,0,0,0,0
5417,2.056,0,1,0,0,0,0
5418,1.5513,0,1,0,0,0,0
5419,1.1414,0,1,0,1,0,1
5420,2.1463,0,1,0,0,0,1
5421,-1.0,0,1,0,0,0,1
5422,1.9547,0,1,0,0,0,1
5423,0.4181,0,0,0,0,0,1
5424,0.6797,0,0,0,0,0,1
5425,-1.0,0,0,0,0,0,1
5426,-0.2374,0,0,0,0,0,1
5427,-1.0,0,0,0,0,0,1
5428,1.0975,0,0,0,0,0,1
5429,-1.0,0,0,0,0,0,1
5430,1.6958,0,0,0,0,0,1
5431,-0.1136,0,0,0,0,0,1
5432,0.1068,0,0,0,0,0,1
5433,-1.0,0,0,0,0,0,1
5434,1.6178,0,0,0,0,0,1
5435,0.6633,0,0,0,0,0,1
5436,-0.6894,0,0,0,0,0,1
5437,0.2028,0,0,0,0,0,1
5438,-0.0723,0,0,0,0,0,0
5439,2.2643,0,0,0,0,0,0
5440,0.0566,0,0,0,0,0,0
5441,1.1608,0,0,0,0,0,0
5442,0.9353,0,0,0,0,0,0
5443,-0.2596,0,0,0,0,0,0
5444,-0.6907,0,0,0,0,0,0
5445,0.8526,0,0,0,0,0,0
5446,-1.0,0,0,0,0,0,0
5447,1.6682,0,0,0,0,0,0
5448,0.8303,0,0,0,0,0,0
5449,-0.2614,0,0,0,0,0,0
5450,-1.0,0,0,0,0,0,0
5451,-0.2031,0,0,0,0,0,0
5452,1.1785,0,0,0,0,0,0
5453,-1.0,0,0,0,0,0,0
5454,0.861,0,0,0,0,0,0
5455,0.8055,1,1,0,0,0,0
5456,1.6601,0,1,0,0,0,0
5457,-0.0951,0,1,0,0,0,0
5458,0.155,0,1,0,0,0,0
5459,2.001,0,1,0,0,0,1
5460,4.7331,0,1,0,1,0,1
5461,2.3513,0,1,0,0,0,1
5462,2.8241,0,1,0,0,0,1
5463,5.9331,0,1,0,0,0,1
5464,-0.4042,0,0,0,0,0,1
5465,-0.2427,0,0,0,0,0,1
5466,0.2307,0,0,0,0,0,1
5467,-0.5438,0,0,0,0,0,1
5468,1.942,0,0,0,0,0,1
5469,0.4401,0,0,0,0,0,1
5470,-0.3986,0,0,0,0,0,1
5471,-1.0,0,0,0,0,0,1
5472,1.2919,0,0,0,0,0,1
5473,-1.0,0,0,0,0,0,1
5474,-1.0,0,0,0,0,0,1
5475,-0.0833,0,0,0,0,0,1
5476,2.4997,0,0,0,0,0,0
5477,-1.0,0,0,0,0,0,0
5478,-1.0,0,0,0,0,0,0
5479,3.2063,0,0,0,0,0,0
5480,1.8389,0,0,0,0,0,0
5481,-0.9075,0,0,0,0,0,0
5482,0.4533,0,0,0,0,0,0
5483,1.8241,0,0,0,0,0,0
5484,3.7605,0,0,0,0,0,0
5485,0.2631,0,0,0,0,0,0
5486,-0.9506,0,0,0,0,0,0
5487,-1.0,0,0,0,0,0,0
5488,-1.0,0,0,0,0,0,0
5489,1.127,0,0,0,0,0,0
5490,1.4175,0,0,0,0,0,0
5491,0.944,0,0,0,0,0,0
5492,0.2896,0,0,0,0,0,0
5493,0.2313,0,0,0,0,0,0
5494,-0.383,0,0,0,0,0,0
5495,-0.029,0,0,0,0,0,0
5496,-0.4361,1,0,1,0,0,0
5497,-1.0,0,0,1,0,0,0
5498,-0.1453,0,0,1,0,0,0
5499,-0.0644,0,0,1,0,0,0
5500,-1.0,0,0,1,0,0,1
5501,-1.0,0,0,1,0,1,1
5502,-0.6932,0,0,1,0,1,1
5503,1.9049,0,0,1,0,1,1
5504,2.1481,0,0,1,0,1,1
5505,7.2225,0,0,0,0,1,1
5506,3.7312,0,0,0,0,0,0
5507,-0.7074,0,0,0,0,0,0
5508,4.7475,0,0,0,0,0,0
5509,2.714,0,0,0,0,0,0
5510,0.3521,0,0,0,0,0,0
5511,-1.0,0,0,0,0,0,0
5512,-0.1642,0,0,0,0,0,0
5513,-0.3385,0,0,0,0,0,0
5514,0.9801,0,0,0,0,0,0
5515,1.548,0,0,0,0,0,0
5516,0.7777,0,0,0,0,0,0
5517,-0.9795,0,0,0,0,0,0
5518,-1.0,0,0,0,0,0,0
5519,0.4631,0,0,0,0,0,0
5520,-1.0,0,0,0,0,0,0
5521,-0.9363,0,0,0,0,0,0
5522,0.8882,0,0,0,0,0,0
5523,0.5491,0,0,0,0,0,0
5524,-1.0,0,0,0,0,0,0
5525,0.1652,0,0,0,0,0,0
5526,-0.6701,0,0,0,0,0,0
5527,-1.0,0,0,0,0,0,0
5528,-0.0812,0,0,0,0,0,0
5529,-1.0,0,0,0,0,0,0
5530,1.5114,0,0,0,0,0,0
5531,1.1489,0,0,0,0,0,0
5532,-1.0,0,0,0,0,0,0
5533,-0.8161,0,0,0,0,0,0
5534,0.0278,0,0,0,0,0,0
5535,-0.5216,0,0,0,0,0,0
5536,-1.0,0,0,0,0,0,0
5537,2.1937,1,0,1,0,0,0
5538,-0.0024,0,0,1,0,0,0
5539,0.0629,0,0,1,0,0,0
5540,0.119,0,0,1,0,0,0
5541,-0.3469,0,0,1,0,0,0
5542,1.8492,0,0,1,0,0,0
5543,0.7926,0,0,1,0,0,0
5544,2.5444,0,0,1,0,1,1
5545,2.7475,0,0,1,0,1,1
5546,4.0234,0,0,0,0,1,1
5547,2.1385,0,0,0,0,1,1
5548,2.7415,0,0,0,0,1,1
5549,2.5875,0,0,0,0,1,1
5550,1.012,0,0,0,0,1,1
5551,2.7407,0,0,0,0,1,1
5552,3.4989,0,0,0,0,0,0
5553,3.6921,0,0,0,0,0,0
5554,1.2715,0,0,0,0,0,0
5555,0.2571,0,0,0,0,0,0
5556,-1.0,0,0,0,0,0,0
5557,-0.3216,0,0,0,0,0,0
5558,-0.2098,0,0,0,0,0,0
5559,-1.0,0,0,0,0,0,0
5560,-1.0,0,0,0,0,0,0
5561,-0.9016,0,0,0,0,0,0
5562,-0.5272,0,0,0,0,0,0
5563,-1.0,0,0,0,0,0,0
5564,0.1141,0,0,0,0,0,0
5565,1.8687,0,0,0,0,0,0
5566,0.4209,0,0,0,0,0,0
5567,0.9081,0,0,0,0,0,0
5568,-1.0,0,0,0,0,0,0
5569,-1.0,0,0,0,0,0,0
5570,-0.6786,0,0,0,0,0,0
5571,1.4042,0,0,0,0,0,0
5572,-1.0,0,0,0,0,0,0
5573,0.1171,0,0,0,0,0,0
5574,-0.1951,0,0,0,0,0,0
5575,-1.0,0,0,0,0,0,0
5576,-1.0,0,0,0,0,0,0
5577,0.9389,0,0,0,0,0,0
5578,4.0861,1,0,1,0,0,0
5579,-0.6948,0,0,1,0,0,0
5580,-1.0,0,0,1,0,0,0
5581,-0.8313,0,0,1,0,0,0
5582,-1.0,0,0,1,0,0,0
5583,2.8668,0,0,1,0,0,0
5584,-1.0,0,0,1,0,1,1
5585,4.8231,0,0,1,0,1,1
5586,0.9842,0,0,1,0,1,1
5587,2.1057,0,0,0,0,1,1
5588,3.8863,0,0,0,0,1,1
5589,3.1964,0,0,0,0,1,1
5590,1.8216,0,0,0,0,1,1
5591,1.2374,0,0,0,0,1,1
5592,3.7307,0,0,0,0,1,1
5593,2.4455,0,0,0,0,0,0
5594,0.8118,0,0,0,0,0,0
5595,1.4597,0,0,0,0,0,0
5596,-0.0814,0,0,0,0,0,0
5597,-1.0,0,0,0,0,0,0
5598,0.739,0,0,0,0,0,0
5599,-0.9907,0,0,0,0,0,0
5600,-0.1754,0,0,0,0,0,0
5601,0.5032,0,0,0,0,0,0
5602,-0.3764,0,0,0,0,0,0
5603,0.0726,0,0,0,0,0,0
5604,-1.0,0,0,0,0,0,0
5605,-0.5328,0,0,0,0,0,0
5606,-1.0,0,0,0,0,0,0
5607,-0.8594,0,0,0,0,0,0
5608,1.56,0,0,0,0,0,0
5609,-0.3916,0,0,0,0,0,0
5610,0.3776,0,0,0,0,0,0
5611,-0.6871,0,0,0,0,0,0
5612,-1.0,0,0,0,0,0,0
5613,-0.3638,0,0,0,0,0,0
5614,-0.9844,0,0,0,0,0,0
5615,-0.3182,0,0,0,0,0,0
5616,1.7248,0,0,0,0,0,0
5617,-0.0178,0,0,0,0,0,0
5618,-1.0,0,0,0,0,0,0
5619,-1.0,1,1,0,0,0,0
5620,-1.0,0,1,0,0,0,0
5621,3.9886,0,1,0,0,0,0
5622,-0.2989,0,1,0,0,0,0
5623,3.4354,0,1,0,0,0,0
5624,4.017,0,1,0,0,0,0
5625,4.4523,0,1,0,0,0,0
5626,-1.0,0,1,0,0,0,0
5627,-1.0,0,1,0,0,0,0
5628,-1.0,0,0,0,0,0,0
5629,1.0684,0,0,0,0,0,0
5630,0.4766,0,0,0,0,0,0
5631,-1.0,0,0,0,0,0,0
5632,0.8718,0,0,0,0,0,0
5633,-0.8469,0,0,0,0,0,0
5634,0.6613,0,0,0,0,0,0
5635,-0.0982,0,0,0,0,0,0
5636,-1.0,0,0,0,0,0,0
5637,3.6044,0,0,0,0,0,0
5638,2.0816,0,0,0,0,0,0
5639,0.9379,0,0,0,0,0,0
5640,2.2467,0,0,0,0,0,0
5641,1.6551,0,0,0,0,0,0
5642,0.6165,0,0,0,0,0,0
5643,2.8112,0,0,0,0,0,0
5644,1.3487,0,0,0,0,0,0
5645,-0.1846,0,0,0,0,0,0
5646,1.2141,0,0,0,0,0,0
5647,3.298,0,0,0,0,0,0
5648,1.0448,0,0,0,0,0,0
5649,1.933,0,0,0,0,0,0
5650,-1.0,0,0,0,0,0,0
5651,-0.9858,0,0,0,0,0,0
5652,1.3325,0,0,0,0,0,0
5653,1.7796,0,0,0,0,0,0
5654,-1.0,0,0,0,0,0,0
5655,0.8648,0,0,0,0,0,0
5656,-1.0,0,0,0,0,0,0
5657,0.8519,0,0,0,0,0,0
5658,2.3304,0,0,0,0,0,0
5659,0.4037,0,0,0,0,0,0
5660,1.5558,1,1,0,0,0,0
5661,-1.0,0,1,0,0,0,0
5662,-0.5511,0,1,0,0,0,0
5663,-0.2409,0,1,0,0,0,0
5664,-0.3423,0,1,0,0,0,0
5665,4.5855,0,1,0,1,0,1
5666,2.9155,0,1,0,0,0,1
5667,6.4102,0,1,0,0,0,1
5668,2.9063,0,1,0,0,0,1
5669,3.3016,0,0,0,0,0,1
5670,4.0642,0,0,0,0,0,1
5671,2.5662,0,0,0,0,0,1
5672,2.8514,0,0,0,0,0,1
5673,-0.8309,0,0,0,0,0,1
5674,0.4439,0,0,0,0,0,1
5675,1.4883,0,0,0,0,0,1
5676,3.0145,0,0,0,0,0,1
5677,-1.0,0,0,0,0,0,0
5678,2.2885,0,0,0,0,0,1
5679,0.7568,0,0,0,0,0,0
5680,0.1486,0,0,0,0,0,0
5681,4.6445,0,0,0,0,0,0
5682,0.9407,0,0,0,0,0,0
5683,3.0392,0,0,0,0,0,0
5684,1.13,0,0,0,0,0,0
5685,-0.2109,0,0,0,0,0,0
5686,-1.0,0,0,0,0,0,0
5687,3.1042,0,0,0,0,0,0
5688,0.6455,0,0,0,0,0,0
5689,0.1515,0,0,0,0,0,0
5690,-1.0,0,0,0,0,0,0
5691,1.0353,0,0,0,0,0,0
5692,0.4797,0,0,0,0,0,0
5693,-1.0,0,0,0,0,0,0
5694,0.2214,0,0,0,0,0,0
5695,0.0718,0,0,0,0,0,0
5696,-0.2813,0,0,0,0,0,0
5697,0.2495,0,0,0,0,0,0
5698,-0.2911,0,0,0,0,0,0
5699,2.0949,0,0,0,0,0,0
5700,1.306,0,0,0,0,0,0
5701,-1.0,1,0,1,0,0,0
5702,-1.0,0,0,1,0,0,0
5703,-0.2144,0,0,1,0,0,0
5704,0.4208,0,0,1,0,0,0
5705,-1.0,0,0,1,0,0,0
5706,1.4883,0,0,1,0,1,1
5707,1.7526,0,0,1,0,1,1
5708,0.3264,0,0,1,0,1,1
5709,-0.8761,0,0,1,0,1,1
5710,0.4266,0,0,0,0,1,1
5711,0.5459,0,0,0,0,1,1
5712,-1.0,0,0,0,0,1,1
5713,3.8392,0,0,0,0,1,1
5714,2.5426,0,0,0,0,1,1
5715,-0.9599,0,0,0,0,1,1
5716,-0.0795,0,0,0,0,0,0
5717,-0.8038,0,0,0,0,0,0
5718,-1.0,0,0,0,0,0,0
5719,-0.1548,0,0,0,0,0,0
5720,-1.0,0,0,0,0,0,0
5721,-0.1032,0,0,0,0,0,0
5722,0.8986,0,0,0,0,0,0
5723,0.7866,0,0,0,0,0,0
5724,-1.0,0,0,0,0,0,0
5725,0.2926,0,0,0,0,0,0
5726,-0.0015,0,0,0,0,0,0
5727,-1.0,0,0,0,0,0,0
5728,-0.2611,0,0,0,0,0,0
5729,-1.0,0,0,0,0,0,0
5730,-1.0,0,0,0,0,0,0
5731,0.3517,0,0,0,0,0,0
5732,-1.0,0,0,0,0,0,0
5733,0.1977,0,0,0,0,0,0
5734,0.2414,0,0,0,0,0,0
5735,0.5873,0,0,0,0,0,0
5736,-0.9905,0,0,0,0,0,0
5737,-1.0,0,0,0,0,0,0
5738,-1.0,0,0,0,0,0,0
5739,-1.0,0,0,0,0,0,0
5740,-1.0,0,0,0,0,0,0
5741,-0.1216,0,0,0,0,0,0
5742,0.4844,1,0,1,0,0,0
5743,-1.0,0,0,1,0,0,0
5744,-0.9912,0,0,1,0,0,0
5745,-0.9876,0,0,1,0,0,0
5746,-1.0,0,0,1,0,0,0
5747,1.6867,0,0,1,0,0,0
5748,1.9115,0,0,1,0,0,0
5749,0.9332,0,0,1,0,1,1
5750,2.951,0,0,1,0,1,1
5751,2.1857,0,0,0,0,1,1
5752,1.9934,0,0,0,0,1,1
5753,0.8205,0,0,0,0,1,1
5754,-0.5441,0,0,0,0,1,1
5755,-1.0,0,0,0,0,1,1
5756,-0.0372,0,0,0,0,1,1
5757,0.9309,0,0,0,0,1,1
5758,-0.9361,0,0,0,0,1,1
5759,1.0058,0,0,0,0,1,1
5760,1.5177,0,0,0,0,1,1
5761,-0.1393,0,0,0,0,1,1
5762,-0.3995,0,0,0,0,1,1
5763,1.3412,0,0,0,0,1,1
5764,3.8458,0,0,0,0,1,1
5765,3.2774,0,0,0,0,1,1
5766,3.5897,0,0,0,0,0,0
5767,-0.6156,0,0,0,0,0,0
5768,0.2335,0,0,0,0,0,0
5769,-0.4332,0,0,0,0,0,0
5770,0.849,0,0,0,0,0,0
5771,-1.0,0,0,0,0,0,0
5772,-1.0,0,0,0,0,0,0
5773,1.2859,0,0,0,0,0,0
5774,-0.3022,0,0,0,0,0,0
5775,1.1673,0,0,0,0,0,0
5776,4.5547,0,0,0,0,0,0
5777,2.7471,0,0,0,0,0,0
5778,2.868,0,0,0,0,0,0
5779,3.4423,0,0,0,0,0,0
5780,2.1718,0,0,0,0,0,0
5781,-1.0,0,0,0,0,0,0
5782,0.0777,0,0,0,0,0,0
5783,0.4225,1,0,1,0,0,0
5784,-0.29,0,0,1,0,0,0
5785,-0.972,0,0,1,0,0,0
5786,0.6753,0,0,1,0,0,0
5787,-1.0,0,0,1,0,0,0
5788,-1.0,0,0,1,0,0,0
5789,-1.0,0,0,1,0,0,0
5790,1.1751,0,0,1,0,0,0
5791,0.835,0,0,1,0,0,0
5792,1.5166,0,0,0,0,0,0
5793,-0.0313,0,0,0,0,0,0
5794,3.8056,0,0,0,0,0,0
5795,0.0588,0,0,0,0,0,0
5796,-1.0,0,0,0,0,0,0
5797,-1.0,0,0,0,0,0,0
5798,-0.1455,0,0,0,0,0,0
5799,0.6988,0,0,0,0,0,0
5800,-0.5934,0,0,0,0,0,0
5801,-0.112,0,0,0,0,0,0
5802,1.8943,0,0,0,0,0,0
5803,1.8983,0,0,0,0,0,0
5804,4.011,0,0,0,0,0,0
5805,0.0512,0,0,0,0,0,0
5806,2.0861,0,0,0,0,0,0
5807,3.5171,0,0,0,0,0,0
5808,0.5791,0,0,0,0,0,0
5809,2.1228,0,0,0,0,0,0
5810,-0.0989,0,0,0,0,0,0
5811,1.446,0,0,0,0,0,0
5812,1.362,0,0,0,0,0,0
5813,0.75,0,0,0,0,0,0
5814,2.0302,0,0,0,0,0,0
5815,0.7818,0,0,0,0,0,0
5816,3.486,0,0,0,0,0,0
5817,2.4827,0,0,0,0,0,0
5818,2.7618,0,0,0,0,0,0
5819,0.38,0,0,0,0,0,0
5820,0.5123,0,0,0,0,0,0
5821,1.1312,0,0,0,0,0,0
5822,-0.1921,0,0,0,0,0,0
5823,0.4001,0,0,0,0,0,0
5824,-0.6617,1,1,0,0,0,0
5825,0.9362,0,1,0,0,0,0
5826,0.7131,0,1,0,0,0,0
5827,-0.1972,0,1,0,0,0,0
5828,-0.9114,0,1,0,0,0,0
5829,-1.0,0,1,0,0,0,0
5830,-0.7585,0,1,0,0,0,0
5831,0.7699,0,1,0,0,0,0
5832,-0.2476,0,1,0,0,0,0
5833,-0.3385,0,0,0,0,0,0
5834,0.0732,0,0,0,0,0,0
5835,-0.1937,0,0,0,0,0,0
5836,-1.0,0,0,0,0,0,0
5837,-0.8594,0,0,0,0,0,0
5838,-0.4886,0,0,0,0,0,0
5839,-0.6353,0,0,0,0,0,0
5840,1.5346,0,0,0,0,0,0
5841,-0.9409,0,0,0,0,0,0
5842,-0.3395,0,0,0,0,0,0
5843,-0.3169,0,0,0,0,0,0
5844,-1.0,0,0,0,0,0,0
5845,-0.1619,0,0,0,0,0,0
5846,-1.0,0,0,0,0,0,0
5847,-0.407,0,0,0,0,0,0
5848,-0.5058,0,0,0,0,0,0
5849,-0.5187,0,0,0,0,0,0
5850,-0.3192,0,0,0,0,0,0
5851,0.124,0,0,0,0,0,0
5852,-1.0,0,0,0,0,0,0
5853,-1.0,0,0,0,0,0,0
5854,-0.7141,0,0,0,0,0,0
5855,-0.435,0,0,0,0,0,0
5856,0.5566,0,0,0,0,0,0
5857,-0.7725,0,0,0,0,0,0
5858,-1.0,0,0,0,0,0,0
5859,0.8841,0,0,0,0,0,0
5860,-1.0,0,0,0,0,0,0
5861,0.9081,0,0,0,0,0,0
5862,0.6012,0,0,0,0,0,0
5863,-1.0,0,0,0,0,0,0
5864,-0.1888,0,0,0,0,0,0
5865,-0.3071,1,1,0,0,0,0
5866,1.0557,0,1,0,0,0,0
5867,0.2858,0,1,0,0,0,0
5868,1.056,0,1,0,0,0,0
5869,-0.0752,0,1,0,0,0,0
5870,0.485,0,1,0,1,0,1
5871,-0.5072,0,1,0,0,0,1
5872,1.607,0,1,0,0,0,1
5873,0.1262,0,1,0,0,0,1
5874,0.9123,0,0,0,0,0,1
5875,0.4796,0,0,0,0,0,1
5876,0.554,0,0,0,0,0,1
5877,-0.0593,0,0,0,0,0,1
5878,-1.0,0,0,0,0,0,1
5879,-0.3706,0,0,0,0,0,0
5880,1.5016,0,0,0,0,0,0
5881,-1.0,0,0,0,0,0,0
5882,-1.0,0,0,0,0,0,0
5883,-0.5596,0,0,0,0,0,0
5884,-0.1271,0,0,0,0,0,0
5885,-0.9149,0,0,0,0,0,0
5886,-0.2895,0,0,0,0,0,0
5887,0.9853,0,0,0,0,0,0
5888,-1.0,0,0,0,0,0,0
5889,-0.9588,0,0,0,0,0,0
5890,0.2789,0,0,0,0,0,0
5891,-0.6359,0,0,0,0,0,0
5892,-0.5966,0,0,0,0,0,0
5893,0.9594,0,0,0,0,0,0
5894,-0.3344,0,0,0,0,0,0
5895,-1.0,0,0,0,0,0,0
5896,0.0314,0,0,0,0,0,0
5897,1.1811,0,0,0,0,0,0
5898,-0.5038,0,0,0,0,0,0
5899,-1.0,0,0,0,0,0,0
5900,0.0427,0,0,0,0,0,0
5901,-0.4604,0,0,0,0,0,0
5902,-1.0,0,0,0,0,0,0
5903,-1.0,0,0,0,0,0,0
5904,0.0,0,0,0,0,0,0
5905,-1.0,0,0,0,0,0,0
5906,-0.9327,1,0,1,0,0,0
5907,-0.8866,0,0,1,0,0,0
5908,-1.0,0,0,1,0,0,0
5909,-1.0,0,0,1,0,0,0
5910,-0.8766,0,0,1,0,0,0
5911,-1.0,0,0,1,0,0,0
5912,-1.0,0,0,1,0,0,0
5913,0.7195,0,0,1,0,0,0
5914,1.1254,0,0,1,0,0,0
5915,-1.0,0,0,0,0,0,0
5916,-1.0,0,0,0,0,0,0
5917,2.3046,0,0,0,0,0,0
5918,-1.0,0,0,0,0,0,0
5919,1.0865,0,0,0,0,0,0
5920,-1.0,0,0,0,0,0,0
5921,0.2593,0,0,0,0,0,0
5922,-1.0,0,0,0,0,0,0
5923,-0.708,0,0,0,0,0,0
5924,-0.3887,0,0,0,0,0,0
5925,-1.0,0,0,0,0,0,0
5926,-1.0,0,0,0,0,0,0
5927,-1.0,0,0,0,0,0,0
5928,-1.0,0,0,0,0,0,0
5929,2.1847,0,0,0,0,0,0
5930,-1.0,0,0,0,0,0,0
5931,-1.0,0,0,0,0,0,0
5932,2.4413,0,0,0,0,0,0
5933,0.5018,0,0,0,0,0,0
5934,0.9111,0,0,0,0,0,0
5935,-0.605,0,0,0,0,0,0
5936,0.896,0,0,0,0,0,0
5937,-1.0,0,0,0,0,0,0
5938,-1.0,0,0,0,0,0,0
5939,1.6434,0,0,0,0,0,0
5940,-0.6851,0,0,0,0,0,0
5941,-1.0,0,0,0,0,0,0
5942,-1.0,0,0,0,0,0,0
5943,-0.4299,0,0,0,0,0,0
5944,-1.0,0,0,0,0,0,0
5945,-1.0,0,0,0,0,0,0
5946,2.3809,0,0,0,0,0,0
5947,0.0315,1,1,0,0,0,0
5948,-0.7076,0,1,0,0,0,0
5949,2.1236,0,1,0,0,0,0
5950,-1.0,0,1,0,0,0,0
5951,-0.9452,0,1,0,0,0,1
5952,-0.3962,0,1,0,1,0,1
5953,3.1833,0,1,0,0,0,1
5954,3.9821,0,1,0,0,0,1
5955,0.7318,0,1,0,0,0,1
5956,4.8904,0,0,0,0,0,1
5957,1.1334,0,0,0,0,0,1
5958,1.9563,0,0,0,0,0,1
5959,-1.0,0,0,0,0,0,1
5960,-0.4063,0,0,0,0,0,1
5961,5.8828,0,0,0,0,0,1
5962,0.6919,0,0,0,0,0,1
5963,4.4877,0,0,0,0,0,0
5964,-1.0,0,0,0,0,0,0
5965,8.4705,0,0,0,0,0,0
5966,2.457,0,0,0,0,0,0
5967,1.183,0,0,0,0,0,0
5968,4.3624,0,0,0,0,0,0
5969,1.4213,0,0,0,0,0,0
5970,2.0787,0,0,0,0,0,0
5971,2.9414,0,0,0,0,0,0
5972,6.7207,0,0,0,0,0,0
5973,-0.1501,0,0,0,0,0,0
5974,2.3392,0,0,0,0,0,0
5975,1.4741,0,0,0,0,0,0
5976,4.4286,0,0,0,0,0,0
5977,3.7844,0,0,0,0,0,0
5978,-0.3529,0,0,0,0,0,0
5979,-1.0,0,0,0,0,0,0
5980,-0.2285,0,0,0,0,0,0
5981,0.3461,0,0,0,0,0,0
5982,-1.0,0,0,0,0,0,0
5983,2.5468,0,0,0,0,0,0
5984,1.3852,0,0,0,0,0,0
5985,-0.0955,0,0,0,0,0,0
5986,2.1088,0,0,0,0,0,0
5987,-0.3384,0,0,0,0,0,0
5988,0.2843,1,1,0,0,0,0
5989,1.0231,0,1,0,0,0,0
5990,0.73,0,1,0,0,0,0
5991,1.8541,0,1,0,0,0,0
5992,-1.0,0,1,0,0,0,0
5993,-0.0459,0,1,0,0,0,0
5994,5.7683,0,1,0,0,0,0
5995,-1.0,0,1,0,0,0,0
5996,5.1289,0,1,0,0,0,0
5997,1.8496,0,0,0,0,0,0
5998,-1.0,0,0,0,0,0,0
5999,0.4371,0,0,0,0,0,0
6000,3.1035,0,0,0,0,0,0
6001,-1.0,0,0,0,0,0,0
6002,0.0084,0,0,0,0,0,0
6003,-0.3914,0,0,0,0,0,0
6004,1.1163,0,0,0,0,0,0
6005,1.3626,0,0,0,0,0,0
6006,-1.0,0,0,0,0,0,0
6007,-1.0,0,0,0,0,0,0
6008,0.0685,0,0,0,0,0,0
6009,-1.0,0,0,0,0,0,0
6010,-1.0,0,0,0,0,0,0
6011,-1.0,0,0,0,0,0,0
6012,-1.0,0,0,0,0,0,0
6013,-1.0,0,0,0,0,0,0
6014,-0.9374,0,0,0,0,0,0
6015,0.3039,0,0,0,0,0,0
6016,-0.9569,0,0,0,0,0,0
6017,-1.0,0,0,0,0,0,0
6018,0.1892,0,0,0,0,0,0
6019,-0.1039,0,0,0,0,0,0
6020,-1.0,0,0,0,0,0,0
6021,-0.0517,0,0,0,0,0,0
6022,0.3011,0,0,0,0,0,0
6023,0.5537,0,0,0,0,0,0
6024,-1.0,0,0,0,0,0,0
6025,-1.0,0,0,0,0,0,0
6026,0.9749,0,0,0,0,0,0
6027,-0.5703,0,0,0,0,0,0
6028,-1.0,0,0,0,0,0,0
6029,3.3793,1,1,0,0,0,0
6030,-1.0,0,1,0,0,0,0
6031,-0.5512,0,1,0,0,0,0
6032,-1.0,0,1,0,0,0,0
6033,-0.5533,0,1,0,0,0,1
6034,5.644,0,1,0,1,0,1
6035,3.3667,0,1,0,0,0,1
6036,9.183,0,1,0,0,0,1
6037,1.6347,0,1,0,0,0,1
6038,0.8925,0,0,0,0,0,1
6039,6.9137,0,0,0,0,0,1
6040,0.3999,0,0,0,0,0,1
6041,4.016,0,0,0,0,0,1
6042,-0.4091,0,0,0,0,0,1
6043,0.0714,0,0,0,0,0,1
6044,3.0989,0,0,0,0,0,1
6045,1.9628,0,0,0,0,0,1
6046,2.5887,0,0,0,0,0,0
6047,-0.1041,0,0,0,0,0,0
6048,1.3784,0,0,0,0,0,0
6049,0.2045,0,0,0,0,0,0
6050,2.2286,0,0,0,0,0,0
6051,-0.7733,0,0,0,0,0,0
6052,0.4243,0,0,0,0,0,0
6053,0.3768,0,0,0,0,0,0
6054,0.2031,0,0,0,0,0,0
6055,1.6477,0,0,0,0,0,0
6056,1.9886,0,0,0,0,0,0
6057,1.1474,0,0,0,0,0,0
6058,2.33,0,0,0,0,0,0
6059,-0.0517,0,0,0,0,0,0
6060,-0.4003,0,0,0,0,0,0
6061,0.8288,0,0,0,0,0,0
6062,3.0859,0,0,0,0,0,0
6063,-0.8573,0,0,0,0,0,0
6064,-1.0,0,0,0,0,0,0
6065,1.1946,0,0,0,0,0,0
6066,-0.0446,0,0,0,0,0,0
6067,0.6232,0,0,0,0,0,0
6068,-1.0,0,0,0,0,0,0
6069,-1.0,0,0,0,0,0,0
6070,-1.0,1,0,1,0,0,0
6071,-1.0,0,0,1,0,0,0
6072,0.9126,0,0,1,0,0,0
6073,0.1074,0,0,1,0,0,0
6074,0.9503,0,0,1,0,0,0
6075,0.3624,0,0,1,0,0,0
6076,0.3964,0,0,1,0,0,0
6077,0.4614,0,0,1,0,0,0
6078,2.0426,0,0,1,0,0,0
6079,-0.2004,0,0,0,0,0,0
6080,-1.0,0,0,0,0,0,0
6081,0.4237,0,0,0,0,0,0
6082,-1.0,0,0,0,0,0,0
6083,1.9668,0,0,0,0,0,0
6084,0.2168,0,0,0,0,0,0
6085,2.2652,0,0,0,0,0,0
6086,-1.0,0,0,0,0,0,0
6087,-0.8615,0,0,0,0,0,0
6088,1.3778,0,0,0,0,0,0
6089,-1.0,0,0,0,0,0,0
6090,-1.0,0,0,0,0,0,0
6091,-1.0,0,0,0,0,0,0
6092,-0.5321,0,0,0,0,0,0
6093,-1.0,0,0,0,0,0,0
6094,-1.0,0,0,0,0,0,0
6095,-1.0,0,0,0,0,0,0
6096,0.9356,0,0,0,0,0,0
6097,-1.0,0,0,0,0,0,0
6098,-0.531,0,0,0,0,0,0
6099,-0.7854,0,0,0,0,0,0
6100,-1.0,0,0,0,0,0,0
6101,-0.3227,0,0,0,0,0,0
6102,-0.6034,0,0,0,0,0,0
6103,0.1495,0,0,0,0,0,0
6104,-1.0,0,0,0,0,0,0
6105,0.7298,0,0,0,0,0,0
6106,-0.6504,0,0,0,0,0,0
6107,-1.0,0,0,0,0,0,0
6108,-1.0,0,0,0,0,0,0
6109,0.6218,0,0,0,0,0,0
6110,2.7408,0,0,0,0,0,0
6111,-1.0,1,1,0,0,0,0
6112,-0.2814,0,1,0,0,0,0
6113,1.3424,0,1,0,0,0,0
6114,1.2207,0,1,0,0,0,0
6115,1.9553,0,1,0,0,0,0
6116,-0.6977,0,1,0,1,0,1
6117,-0.3668,0,1,0,0,0,1
6118,0.0889,0,1,0,0,0,1
6119,0.3342,0,1,0,0,0,1
6120,1.8746,0,0,0,0,0,1
6121,0.1775,0,0,0,0,0,1
6122,0.3313,0,0,0,0,0,1
6123,2.767,0,0,0,0,0,1
6124,-1.0,0,0,0,0,0,1
6125,-0.0046,0,0,0,0,0,1
6126,-0.0735,0,0,0,0,0,1
6127,0.2548,0,0,0,0,0,1
6128,0.0067,0,0,0,0,0,0
6129,3.0083,0,0,0,0,0,0
6130,2.9114,0,0,0,0,0,0
6131,-0.4915,0,0,0,0,0,0
6132,-1.0,0,0,0,0,0,0
6133,1.4701,0,0,0,0,0,0
6134,3.0859,0,0,0,0,0,0
6135,-0.2093,0,0,0,0,0,0
6136,-1.0,0,0,0,0,0,0
6137,2.0275,0,0,0,0,0,0
6138,1.1368,0,0,0,0,0,0
6139,-1.0,0,0,0,0,0,0
6140,1.2772,0,0,0,0,0,0
6141,-0.8304,0,0,0,0,0,0
6142,-0.1871,0,0,0,0,0,0
6143,-1.0,0,0,0,0,0,0
6144,-0.5506,0,0,0,0,0,0
6145,1.3454,0,0,0,0,0,0
6146,-0.5328,0,0,0,0,0,0
6147,0.7378,0,0,0,0,0,0
6148,-1.0,0,0,0,0,0,0
6149,0.1877,0,0,0,0,0,0
6150,-0.7704,0,0,0,0,0,0
6151,-1.0,0,0,0,0,0,0
6152,1.0153,1,1,0,0,0,0
6153,0.8977,0,1,0,0,0,0
6154,-1.0,0,1,0,0,0,0
6155,1.6688,0,1,0,0,0,0
6156,1.2845,0,1,0,0,0,0
6157,1.1441,0,1,0,0,0,0
6158,0.0,0,1,0,0,0,0
6159,-0.9185,0,1,0,0,0,0
6160,-1.0,0,1,0,0,0,0
6161,-1.0,0,0,0,0,0,0
6162,-1.0,0,0,0,0,0,0
6163,-1.0,0,0,0,0,0,0
6164,-1.0,0,0,0,0,0,0
6165,2.1551,0,0,0,0,0,0
6166,1.225,0,0,0,0,0,0
6167,1.4019,0,0,0,0,0,0
6168,2.5027,0,0,0,0,0,0
6169,0.4168,0,0,0,0,0,0
6170,0.4357,0,0,0,0,0,0
6171,-0.0949,0,0,0,0,0,0
6172,-1.0,0,0,0,0,0,0
6173,-1.0,0,0,0,0,0,0
6174,0.8619,0,0,0,0,0,0
6175,-1.0,0,0,0,0,0,0
6176,-0.8417,0,0,0,0,0,0
6177,1.2435,0,0,0,0,0,0
6178,0.8557,0,0,0,0,0,0
6179,-0.6034,0,0,0,0,0,0
6180,-0.425,0,0,0,0,0,0
6181,-1.0,0,0,0,0,0,0
6182,2.8551,0,0,0,0,0,0
6183,0.7826,0,0,0,0,0,0
6184,3.4187,0,0,0,0,0,0
6185,-1.0,0,0,0,0,0,0
6186,-0.2858,0,0,0,0,0,0
6187,2.5047,0,0,0,0,0,0
6188,-1.0,0,0,0,0,0,0
6189,2.2071,0,0,0,0,0,0
6190,-1.0,0,0,0,0,0,0
6191,0.071,0,0,0,0,0,0
6192,0.6497,0,0,0,0,0,0
6193,2.3926,1,0,1,0,0,0
6194,0.7636,0,0,1,0,0,0
6195,0.4106,0,0,1,0,0,0
6196,1.0756,0,0,1,0,0,0
6197,-1.0,0,0,1,0,0,1
6198,1.3372,0,0,1,0,1,1
6199,1.2645,0,0,1,0,1,1
6200,2.7439,0,0,1,0,1,1
6201,2.3714,0,0,1,0,1,1
6202,4.2073,0,0,0,0,1,1
6203,-0.1236,0,0,0,0,1,1
6204,-0.6507,0,0,0,0,1,1
6205,0.792,0,0,0,0,1,1
6206,0.0078,0,0,0,0,1,1
6207,0.8447,0,0,0,0,1,1
6208,-1.0,0,0,0,0,1,1
6209,-0.7939,0,0,0,0,1,1
6210,1.6424,0,0,0,0,0,0
6211,-1.0,0,0,0,0,0,0
6212,-0.2304,0,0,0,0,0,0
6213,-1.0,0,0,0,0,0,0
6214,2.4604,0,0,0,0,0,0
6215,0.0046,0,0,0,0,0,0
6216,0.8275,0,0,0,0,0,0
6217,-0.1979,0,0,0,0,0,0
6218,0.6091,0,0,0,0,0,0
6219,-0.2386,0,0,0,0,0,0
6220,1.5639,0,0,0,0,0,0
6221,1.181,0,0,0,0,0,0
6222,-0.6325,0,0,0,0,0,0
6223,-0.5083,0,0,0,0,0,0
6224,0.3142,0,0,0,0,0,0
6225,-0.8311,0,0,0,0,0,0
6226,0.6851,0,0,0,0,0,0
6227,-1.0,0,0,0,0,0,0
6228,-1.0,0,0,0,0,0,0
6229,-1.0,0,0,0,0,0,0
6230,-0.3752,0,0,0,0,0,0
6231,-1.0,0,0,0,0,0,0
6232,1.3277,0,0,0,0,0,0
6233,0.8617,0,0,0,0,0,0
6234,-0.7217,1,0,1,0,0,0
6235,1.6379,0,0,1,0,0,0
6236,-0.2992,0,0,1,0,0,0
6237,2.5267,0,0,1,0,0,0
6238,-1.0,0,0,1,0,0,0
6239,-1.0,0,0,1,0,0,0
6240,-0.8368,0,0,1,0,0,0
6241,2.9013,0,0,1,0,0,0
6242,1.2247,0,0,1,0,0,0
6243,-1.0,0,0,0,0,0,0
6244,-0.3134,0,0,0,0,0,0
6245,-0.9789,0,0,0,0,0,0
6246,0.5296,0,0,0,0,0,0
6247,-0.9722,0,0,0,0,0,0
6248,0.0194,0,0,0,0,0,0
6249,2.7126,0,0,0,0,0,0
6250,-1.0,0,0,0,0,0,0
6251,0.5062,0,0,0,0,0,0
6252,0.9605,0,0,0,0,0,0
6253,1.2679,0,0,0,0,0,0
6254,1.5711,0,0,0,0,0,0
6255,-1.0,0,0,0,0,0,0
6256,-1.0,0,0,0,0,0,0
6257,1.8989,0,0,0,0,0,0
6258,0.3226,0,0,0,0,0,0
6259,0.2962,0,0,0,0,0,0
6260,0.6113,0,0,0,0,0,0
6261,-1.0,0,0,0,0,0,0
6262,-1.0,0,0,0,0,0,0
6263,0.3914,0,0,0,0,0,0
6264,-1.0,0,0,0,0,0,0
6265,0.4873,0,0,0,0,0,0
6266,1.4164,0,0,0,0,0,0
6267,0.1009,0,0,0,0,0,0
6268,-0.2358,0,0,0,0,0,0
6269,0.7217,0,0,0,0,0,0
6270,-0.27,0,0,0,0,0,0
6271,-1.0,0,0,0,0,0,0
6272,-1.0,0,0,0,0,0,0
6273,-1.0,0,0,0,0,0,0
6274,2.5764,0,0,0,0,0,0
6275,-1.0,1,0,1,0,0,0
6276,-1.0,0,0,1,0,0,0
6277,-0.4931,0,0,1,0,0,0
6278,1.0498,0,0,1,0,0,0
6279,1.0525,0,0,1,0,0,0
6280,1.7537,0,0,1,0,0,0
6281,0.4087,0,0,1,0,0,0
6282,-0.5375,0,0,1,0,1,1
6283,-1.0,0,0,1,0,1,1
6284,2.9894,0,0,0,0,1,1
6285,0.6379,0,0,0,0,1,1
6286,1.2449,0,0,0,0,1,1
6287,1.0076,0,0,0,0,1,1
6288,3.222,0,0,0,0,1,1
6289,-0.7592,0,0,0,0,1,1
6290,4.0045,0,0,0,0,1,1
6291,1.0422,0,0,0,0,1,1
6292,3.6373,0,0,0,0,1,1
6293,0.5073,0,0,0,0,0,0
6294,1.7043,0,0,0,0,0,0
6295,-0.6903,0,0,0,0,1,1
6296,-1.0,0,0,0,0,1,1
6297,0.2389,0,0,0,0,1,1
6298,3.3308,0,0,0,0,1,1
6299,-0.7117,0,0,0,0,0,0
6300,1.966,0,0,0,0,0,0
6301,0.553,0,0,0,0,0,0
6302,-1.0,0,0,0,0,0,0
6303,1.975,0,0,0,0,0,0
6304,-1.0,0,0,0,0,0,0
6305,0.3411,0,0,0,0,0,0
6306,-0.5604,0,0,0,0,0,0
6307,0.9828,0,0,0,0,0,0
6308,-0.2476,0,0,0,0,0,0
6309,1.9006,0,0,0,0,0,0
6310,0.0,0,0,0,0,0,0
6311,-0.6618,0,0,0,0,0,0
6312,-1.0,0,0,0,0,0,0
6313,-1.0,0,0,0,0,0,0
6314,-1.0,0,0,0,0,0,0
6315,2.2746,0,0,0,0,0,0
6316,-0.8162,1,1,0,0,0,0
6317,-0.8195,0,1,0,0,0,0
6318,0.8906,0,1,0,0,0,0
6319,-0.719,0,1,0,0,0,0
6320,-1.0,0,1,0,0,0,0
6321,1.5496,0,1,0,1,0,1
6322,-1.0,0,1,0,0,0,1
6323,0.7632,0,1,0,0,0,1
6324,-0.6996,0,1,0,0,0,1
6325,2.4328,0,0,0,0,0,1
6326,0.9387,0,0,0,0,0,1
6327,0.2498,0,0,0,0,0,1
6328,-0.3716,0,0,0,0,0,1
6329,0.1805,0,0,0,0,0,1
6330,-1.0,0,0,0,0,0,1
6331,1.1635,0,0,0,0,0,1
6332,-0.2051,0,0,0,0,0,1
6333,0.6837,0,0,0,0,0,1
6334,2.1118,0,0,0,0,0,1
6335,0.171,0,0,0,0,0,1
6336,0.2119,0,0,0,0,0,1
6337,-1.0,0,0,0,0,0,0
6338,0.5737,0,0,0,0,0,0
6339,-0.8162,0,0,0,0,0,0
6340,0.1954,0,0,0,0,0,0
6341,-1.0,0,0,0,0,0,0
6342,0.609,0,0,0,0,0,0
6343,-1.0,0,0,0,0,0,0
6344,0.1999,0,0,0,0,0,0
6345,0.0022,0,0,0,0,0,0
6346,1.4361,0,0,0,0,0,0
6347,-1.0,0,0,0,0,0,0
6348,-1.0,0,0,0,0,0,0
6349,-0.5644,0,0,0,0,0,0
6350,0.4522,0,0,0,0,0,0
6351,0.9206,0,0,0,0,0,0
6352,-1.0,0,0,0,0,0,0
6353,-0.856,0,0,0,0,0,0
6354,-0.3096,0,0,0,0,0,0
6355,-0.421,0,0,0,0,0,0
6356,-0.8951,0,0,0,0,0,0
6357,1.7395,1,1,0,0,0,0
6358,-1.0,0,1,0,0,0,0
6359,-0.4625,0,1,0,0,0,0
6360,0.5329,0,1,0,0,0,0
6361,-1.0,0,1,0,0,0,1
6362,2.4426,0,1,0,1,0,1
6363,2.3543,0,1,0,0,0,1
6364,4.5244,0,1,0,0,0,1
6365,-0.3314,0,1,0,0,0,1
6366,0.9614,0,0,0,0,0,1
6367,-0.6959,0,0,0,0,0,1
6368,0.9973,0,0,0,0,0,1
6369,-1.0,0,0,0,0,0,1
6370,1.0747,0,0,0,0,0,1
6371,2.1744,0,0,0,0,0,1
6372,-1.0,0,0,0,0,0,1
6373,0.0377,0,0,0,0,0,1
6374,0.725,0,0,0,0,0,1
6375,0.0693,0,0,0,0,0,1
6376,-1.0,0,0,0,0,0,1
6377,-0.9042,0,0,0,0,0,1
6378,-0.5864,0,0,0,0,0,0
6379,0.9917,0,0,0,0,0,1
6380,0.205,0,0,0,0,0,0
6381,3.1395,0,0,0,0,0,0
6382,0.7501,0,0,0,0,0,0
6383,0.0512,0,0,0,0,0,0
6384,0.2667,0,0,0,0,0,0
6385,0.0586,0,0,0,0,0,0
6386,0.4045,0,0,0,0,0,0
6387,1.1821,0,0,0,0,0,0
6388,-0.7249,0,0,0,0,0,0
6389,-0.6366,0,0,0,0,0,0
6390,1.9366,0,0,0,0,0,0
6391,2.476,0,0,0,0,0,0
6392,0.1768,0,0,0,0,0,0
6393,-0.7811,0,0,0,0,0,0
6394,0.4855,0,0,0,0,0,0
6395,1.4024,0,0,0,0,0,0
6396,-1.0,0,0,0,0,0,0
6397,-1.0,0,0,0,0,0,0
6398,-0.4718,1,0,1,0,0,0
6399,-0.0896,0,0,1,0,0,0
6400,-1.0,0,0,1,0,0,0
6401,-0.5192,0,0,1,0,0,0
6402,0.0816,0,0,1,0,0,0
6403,-0.3527,0,0,1,0,0,0
6404,-1.0,0,0,1,0,0,0
6405,-0.29,0,0,1,0,1,1
6406,0.1474,0,0,1,0,1,1
6407,-0.899,0,0,0,0,1,1
6408,-0.0576,0,0,0,0,1,1
6409,-1.0,0,0,0,0,1,1
6410,3.4614,0,0,0,0,1,1
6411,3.683,0,0,0,0,1,1
6412,0.6399,0,0,0,0,1,1
6413,1.3039,0,0,0,0,1,1
6414,2.525,0,0,0,0,0,0
6415,0.8951,0,0,0,0,0,0
6416,2.4055,0,0,0,0,0,0
6417,0.4183,0,0,0,0,0,0
6418,1.3405,0,0,0,0,0,0
6419,0.8189,0,0,0,0,0,0
6420,0.5543,0,0,0,0,0,0
6421,-0.7405,0,0,0,0,0,0
6422,1.1202,0,0,0,0,0,0
6423,-0.3954,0,0,0,0,0,0
6424,0.6442,0,0,0,0,0,0
6425,-1.0,0,0,0,0,0,0
6426,-1.0,0,0,0,0,0,0
6427,-0.0178,0,0,0,0,0,0
6428,-0.0675,0,0,0,0,0,0
6429,2.4391,0,0,0,0,0,0
6430,-1.0,0,0,0,0,0,0
6431,0.8579,0,0,0,0,0,0
6432,-0.483,0,0,0,0,0,0
6433,0.4307,0,0,0,0,0,0
6434,-0.5851,0,0,0,0,0,0
6435,-0.626,0,0,0,0,0,0
6436,-0.046,0,0,0,0,0,0
6437,0.2168,0,0,0,0,0,0
6438,1.6142,0,0,0,0,0,0
6439,-0.161,1,0,1,0,0,0
6440,-1.0,0,0,1,0,0,0
6441,-1.0,0,0,1,0,0,0
6442,-1.0,0,0,1,0,0,0
6443,0.1331,0,0,1,0,0,0
6444,-1.0,0,0,1,0,0,0
6445,0.1423,0,0,1,0,0,0
6446,-1.0,0,0,1,0,0,0
6447,-0.4051,0,0,1,0,0,0
6448,1.2079,0,0,0,0,0,0
6449,-0.5702,0,0,0,0,0,0
6450,-0.5958,0,0,0,0,0,0
6451,0.8504,0,0,0,0,0,0
6452,-0.5681,0,0,0,0,0,0
6453,-1.0,0,0,0,0,0,0
6454,1.3959,0,0,0,0,0,0
6455,0.1494,0,0,0,0,0,0
6456,1.5997,0,0,0,0,0,0
6457,-1.0,0,0,0,0,0,0
6458,1.8606,0,0,0,0,0,0
6459,-0.2043,0,0,0,0,0,0
6460,-0.7079,0,0,0,0,0,0
6461,-0.5823,0,0,0,0,0,0
6462,-1.0,0,0,0,0,0,0
6463,2.463,0,0,0,0,0,0
6464,-1.0,0,0,0,0,0,0
6465,1.54,0,0,0,0,0,0
6466,0.4044,0,0,0,0,0,0
6467,-1.0,0,0,0,0,0,0
6468,-0.0135,0,0,0,0,0,0
6469,1.0364,0,0,0,0,0,0
6470,3.8775,0,0,0,0,0,0
6471,-1.0,0,0,0,0,0,0
6472,2.2918,0,0,0,0,0,0
6473,-0.5987,0,0,0,0,0,0
6474,1.71,0,0,0,0,0,0
6475,-1.0,0,0,0,0,0,0
6476,-0.4674,0,0,0,0,0,0
6477,-1.0,0,0,0,0,0,0
6478,-1.0,0,0,0,0,0,0
6479,-0.2982,0,0,0,0,0,0
6480,-0.2355,1,0,1,0,0,0
6481,1.9788,0,0,1,0,0,0
6482,1.0729,0,0,1,0,0,0
6483,0.6813,0,0,1,0,0,0
6484,0.3916,0,0,1,0,0,0
6485,-1.0,0,0,1,0,0,0
6486,-0.1752,0,0,1,0,0,0
6487,1.3727,0,0,1,0,1,1
6488,2.601,0,0,1,0,1,1
6489,5.2633,0,0,0,0,1,1
6490,1.8599,0,0,0,0,1,1
6491,2.4367,0,0,0,0,1,1
6492,3.077,0,0,0,0,1,1
6493,0.6156,0,0,0,0,1,1
6494,4.6339,0,0,0,0,1,1
6495,1.5412,0,0,0,0,1,1
6496,0.4589,0,0,0,0,1,1
6497,0.7653,0,0,0,0,1,1
6498,-0.2141,0,0,0,0,1,1
6499,0.3868,0,0,0,0,0,0
6500,0.5298,0,0,0,0,0,0
6501,-0.6635,0,0,0,0,0,0
6502,-0.6081,0,0,0,0,0,0
6503,-1.0,0,0,0,0,0,0
6504,1.081,0,0,0,0,0,0
6505,-0.192,0,0,0,0,0,0
6506,-0.3024,0,0,0,0,0,0
6507,0.1007,0,0,0,0,0,0
6508,0.6888,0,0,0,0,0,0
6509,-0.6467,0,0,0,0,0,0
6510,1.7556,0,0,0,0,0,0
6511,-0.0,0,0,0,0,0,0
6512,-1.0,0,0,0,0,0,0
6513,-0.1998,0,0,0,0,0,0
6514,-0.5193,0,0,0,0,0,0
6515,0.8056,0,0,0,0,0,0
6516,-1.0,0,0,0,0,0,0
6517,-1.0,0,0,0,0,0,0
6518,-1.0,0,0,0,0,0,0
6519,0.1315,0,0,0,0,0,0
6520,-0.5756,0,0,0,0,0,0
6521,-0.3818,1,1,0,0,0,0
6522,1.8207,0,1,0,0,0,0
6523,4.257,0,1,0,0,0,0
6524,-0.9469,0,1,0,0,0,0
6525,1.4616,0,1,0,0,0,0
6526,1.3771,0,1,0,1,0,1
6527,-0.2858,0,1,0,0,0,1
6528,1.8077,0,1,0,0,0,1
6529,3.0572,0,1,0,0,0,1
6530,4.8645,0,0,0,0,0,1
6531,1.3313,0,0,0,0,0,1
6532,4.9051,0,0,0,0,0,1
6533,2.1347,0,0,0,0,0,1
6534,-1.0,0,0,0,0,0,1
6535,-1.0,0,0,0,0,0,1
6536,-1.0,0,0,0,0,0,1
6537,-0.8737,0,0,0,0,0,1
6538,-1.0,0,0,0,0,0,1
6539,1.6903,0,0,0,0,0,1
6540,-1.0,0,0,0,0,0,1
6541,0.555,0,0,0,0,0,1
6542,2.8713,0,0,0,0,0,1
6543,1.5478,0,0,0,0,0,1
6544,-1.0,0,0,0,0,0,1
6545,-0.1232,0,0,0,0,0,0
6546,-0.9889,0,0,0,0,0,0
6547,3.3692,0,0,0,0,0,0
6548,0.8244,0,0,0,0,0,0
6549,2.3038,0,0,0,0,0,0
6550,2.3905,0,0,0,0,0,0
6551,5.2307,0,0,0,0,0,0
6552,1.947,0,0,0,0,0,0
6553,3.2706,0,0,0,0,0,0
6554,6.0044,0,0,0,0,0,0
6555,4.2428,0,0,0,0,0,0
6556,0.5115,0,0,0,0,0,0
6557,-1.0,0,0,0,0,0,0
6558,2.0475,0,0,0,0,0,0
6559,-1.0,0,0,0,0,0,0
6560,1.2386,0,0,0,0,0,0
6561,-0.2334,0,0,0,0,0,0
6562,1.439,1,0,1,0,0,0
6563,1.9433,0,0,1,0,0,0
6564,-0.3362,0,0,1,0,0,0
6565,-1.0,0,0,1,0,0,0
6566,0.1587,0,0,1,0,0,0
6567,-0.1426,0,0,1,0,0,0
6568,0.2118,0,0,1,0,0,0
6569,-0.7781,0,0,1,0,0,0
6570,2.0252,0,0,1,0,0,0
6571,2.8868,0,0,0,0,1,1
6572,-0.7638,0,0,0,0,1,1
6573,1.6931,0,0,0,0,1,1
6574,3.2441,0,0,0,0,1,1
6575,1.2889,0,0,0,0,0,0
6576,1.4942,0,0,0,0,1,1
6577,1.0781,0,0,0,0,0,0
6578,0.0986,0,0,0,0,0,0
6579,2.8403,0,0,0,0,0,0
6580,-0.4847,0,0,0,0,0,0
6581,0.8912,0,0,0,0,0,0
6582,2.6727,0,0,0,0,0,0
6583,3.4908,0,0,0,0,0,0
6584,-0.0435,0,0,0,0,0,0
6585,2.3142,0,0,0,0,0,0
6586,1.6514,0,0,0,0,0,0
6587,2.0928,0,0,0,0,0,0
6588,0.8023,0,0,0,0,0,0
6589,-1.0,0,0,0,0,0,0
6590,-0.4629,0,0,0,0,0,0
6591,-0.6519,0,0,0,0,0,0
6592,3.8135,0,0,0,0,0,0
6593,-1.0,0,0,0,0,0,0
6594,-0.3752,0,0,0,0,0,0
6595,0.9743,0,0,0,0,0,0
6596,1.4922,0,0,0,0,0,0
6597,-0.3536,0,0,0,0,0,0
6598,0.8789,0,0,0,0,0,0
6599,1.0518,0,0,0,0,0,0
6600,2.7849,0,0,0,0,0,0
6601,0.3198,0,0,0,0,0,0
6602,1.0867,0,0,0,0,0,0
6603,-1.0,1,0,1,0,0,0
6604,0.3037,0,0,1,0,0,0
6605,0.3739,0,0,1,0,0,0
6606,0.4339,0,0,1,0,0,0
6607,-1.0,0,0,1,0,0,0
6608,-0.6695,0,0,1,0,0,0
6609,0.1161,0,0,1,0,0,0
6610,0.6327,0,0,1,0,0,0
6611,1.217,0,0,1,0,0,0
6612,-0.2832,0,0,0,0,0,0
6613,0.4332,0,0,0,0,0,0
6614,-0.1355,0,0,0,0,0,0
6615,-0.9621,0,0,0,0,0,0
6616,1.0152,0,0,0,0,0,0
6617,-1.0,0,0,0,0,0,0
6618,0.7245,0,0,0,0,0,0
6619,-1.0,0,0,0,0,0,0
6620,-1.0,0,0,0,0,0,0
6621,0.4021,0,0,0,0,0,0
6622,2.3961,0,0,0,0,0,0
6623,-0.3332,0,0,0,0,0,0
6624,3.3548,0,0,0,0,0,0
6625,2.8937,0,0,0,0,0,0
6626,0.7841,0,0,0,0,0,0
6627,3.7505,0,0,0,0,0,0
6628,0.004,0,0,0,0,0,0
6629,-0.8913,0,0,0,0,0,0
6630,0.1998,0,0,0,0,0,0
6631,2.2701,0,0,0,0,0,0
6632,0.3024,0,0,0,0,0,0
6633,-0.2194,0,0,0,0,0,0
6634,0.9686,0,0,0,0,0,0
6635,3.909,0,0,0,0,0,0
6636,0.3931,0,0,0,0,0,0
6637,2.8393,0,0,0,0,0,0
6638,1.1389,0,0,0,0,0,0
6639,0.7967,0,0,0,0,0,0
6640,0.6162,0,0,0,0,0,0
6641,0.1002,0,0,0,0,0,0
6642,-1.0,0,0,0,0,0,0
6643,0.4214,0,0,0,0,0,0
6644,-0.7168,1,1,0,0,0,0
6645,-1.0,0,1,0,0,0,0
6646,-0.4859,0,1,0,0,0,0
6647,-0.0074,0,1,0,0,0,0
6648,-0.3944,0,1,0,0,0,0
6649,-1.0,0,1,0,0,0,0
6650,-0.0757,0,1,0,0,0,0
6651,0.1663,0,1,0,0,0,0
6652,-1.0,0,1,0,0,0,0
6653,-1.0,0,0,0,0,0,0
6654,-0.2035,0,0,0,0,0,0
6655,-1.0,0,0,0,0,0,0
6656,-0.4763,0,0,0,0,0,0
6657,-1.0,0,0,0,0,0,0
6658,-0.5341,0,0,0,0,0,0
6659,-1.0,0,0,0,0,0,0
6660,0.0101,0,0,0,0,0,0
6661,0.243,0,0,0,0,0,0
6662,2.4504,0,0,0,0,0,0
6663,-0.2409,0,0,0,0,0,0
6664,-0.3446,0,0,0,0,0,0
6665,-1.0,0,0,0,0,0,0
6666,1.0681,0,0,0,0,0,0
6667,0.0769,0,0,0,0,0,0
6668,0.8827,0,0,0,0,0,0
6669,-0.8511,0,0,0,0,0,0
6670,-1.0,0,0,0,0,0,0
6671,0.7346,0,0,0,0,0,0
6672,0.0,0,0,0,0,0,0
6673,-0.5609,0,0,0,0,0,0
6674,0.0908,0,0,0,0,0,0
6675,-1.0,0,0,0,0,0,0
6676,1.1802,0,0,0,0,0,0
6677,-0.2754,0,0,0,0,0,0
6678,0.8627,0,0,0,0,0,0
6679,-0.2311,0,0,0,0,0,0
6680,-1.0,0,0,0,0,0,0
6681,0.5144,0,0,0,0,0,0
6682,0.6865,0,0,0,0,0,0
6683,0.6189,0,0,0,0,0,0
6684,-1.0,0,0,0,0,0,0
6685,-1.0,1,0,1,0,0,0
6686,-1.0,0,0,1,0,0,0
6687,0.3864,0,0,1,0,0,0
6688,-0.4149,0,0,1,0,0,0
6689,-0.5726,0,0,1,0,0,0
6690,-1.0,0,0,1,0,1,1
6691,0.8377,0,0,1,0,1,1
6692,2.5305,0,0,1,0,1,1
6693,3.6423,0,0,1,0,1,1
6694,1.7709,0,0,0,0,1,1
6695,-0.1824,0,0,0,0,1,1
6696,0.2599,0,0,0,0,1,1
6697,0.0138,0,0,0,0,1,1
6698,0.9095,0,0,0,0,1,1
6699,1.8193,0,0,0,0,0,0
6700,0.9949,0,0,0,0,0,0
6701,1.7799,0,0,0,0,0,0
6702,1.5952,0,0,0,0,0,0
6703,1.9265,0,0,0,0,0,0
6704,-0.2269,0,0,0,0,0,0
6705,-0.7677,0,0,0,0,0,0
6706,-0.191,0,0,0,0,0,0
6707,-0.5298,0,0,0,0,0,0
6708,-0.6153,0,0,0,0,0,0
6709,0.5945,0,0,0,0,0,0
6710,-1.0,0,0,0,0,0,0
6711,-0.8235,0,0,0,0,0,0
6712,-1.0,0,0,0,0,0,0
6713,0.9332,0,0,0,0,0,0
6714,-1.0,0,0,0,0,0,0
6715,-0.0896,0,0,0,0,0,0
6716,-1.0,0,0,0,0,0,0
6717,0.0728,0,0,0,0,0,0
6718,-0.6967,0,0,0,0,0,0
6719,-1.0,0,0,0,0,0,0
6720,0.2738,0,0,0,0,0,0
6721,-1.0,0,0,0,0,0,0
6722,-0.5403,0,0,0,0,0,0
6723,-0.5552,0,0,0,0,0,0
6724,-1.0,0,0,0,0,0,0
6725,-1.0,0,0,0,0,0,0
6726,0.9718,1,1,0,0,0,0
6727,0.5689,0,1,0,0,0,0
6728,-0.7095,0,1,0,0,0,0
6729,-0.7713,0,1,0,0,0,0
6730,-0.9573,0,1,0,0,0,0
6731,1.5193,0,1,0,0,0,0
6732,0.0017,0,1,0,0,0,0
6733,4.5837,0,1,0,0,0,0
6734,0.2606,0,1,0,0,0,0
6735,3.9296,0,0,0,0,0,0
6736,0.0239,0,0,0,0,0,0
6737,-0.1051,0,0,0,0,0,0
6738,-1.0,0,0,0,0,0,0
6739,1.1706,0,0,0,0,0,0
6740,1.2578,0,0,0,0,0,0
6741,-1.0,0,0,0,0,0,0
6742,-1.0,0,0,0,0,0,0
6743,1.1158,0,0,0,0,0,0
6744,-1.0,0,0,0,0,0,0
6745,-0.733,0,0,0,0,0,0
6746,-1.0,0,0,0,0,0,0
6747,0.6584,0,0,0,0,0,0
6748,1.4183,0,0,0,0,0,0
6749,0.2201,0,0,0,0,0,0
6750,1.7693,0,0,0,0,0,0
6751,2.1961,0,0,0,0,0,0
6752,-0.5128,0,0,0,0,0,0
6753,-0.4523,0,0,0,0,0,0
6754,0.5955,0,0,0,0,0,0
6755,-0.8318,0,0,0,0,0,0
6756,0.9023,0,0,0,0,0,0
6757,-0.1443,0,0,0,0,0,0
6758,0.8506,0,0,0,0,0,0
6759,-0.1735,0,0,0,0,0,0
6760,-1.0,0,0,0,0,0,0
6761,0.7078,0,0,0,0,0,0
6762,0.1046,0,0,0,0,0,0
6763,0.5288,0,0,0,0,0,0
6764,-0.8313,0,0,0,0,0,0
6765,-0.3265,0,0,0,0,0,0
6766,-0.2437,0,0,0,0,0,0
6767,-0.1261,1,0,1,0,0,0
6768,0.6055,0,0,1,0,0,0
6769,-1.0,0,0,1,0,0,0
6770,0.1311,0,0,1,0,0,0
6771,-1.0,0,0,1,0,0,0
6772,-0.3557,0,0,1,0,0,0
6773,-0.8719,0,0,1,0,0,0
6774,1.038,0,0,1,0,1,1
6775,1.338,0,0,1,0,1,1
6776,3.4451,0,0,0,0,1,1
6777,-1.0,0,0,0,0,1,1
6778,2.7975,0,0,0,0,1,1
6779,0.2561,0,0,0,0,1,1
6780,-0.3407,0,0,0,0,1,1
6781,5.7011,0,0,0,0,1,1
6782,2.3584,0,0,0,0,1,1
6783,0.461,0,0,0,0,1,1
6784,2.02,0,0,0,0,0,0
6785,5.2004,0,0,0,0,0,0
6786,0.3565,0,0,0,0,0,0
6787,0.6848,0,0,0,0,0,0
6788,3.0392,0,0,0,0,0,0
6789,4.2434,0,0,0,0,0,0
6790,2.3951,0,0,0,0,0,0
6791,0.3768,0,0,0,0,0,0
6792,1.4235,0,0,0,0,0,0
6793,0.4318,0,0,0,0,0,0
6794,-0.1005,0,0,0,0,0,0
6795,2.4793,0,0,0,0,0,0
6796,0.6821,0,0,0,0,0,0
6797,-1.0,0,0,0,0,0,0
6798,0.2552,0,0,0,0,0,0
6799,0.6667,0,0,0,0,0,0
6800,0.1916,0,0,0,0,0,0
6801,-1.0,0,0,0,0,0,0
6802,-1.0,0,0,0,0,0,0
6803,0.3123,0,0,0,0,0,0
6804,0.4944,0,0,0,0,0,0
6805,-0.2384,0,0,0,0,0,0
6806,-0.4825,0,0,0,0,0,0
6807,-1.0,0,0,0,0,0,0
6808,1.1977,1,1,0,0,0,0
6809,0.5371,0,1,0,0,0,0
6810,1.505,0,1,0,0,0,0
6811,-1.0,0,1,0,0,0,0
6812,-0.2581,0,1,0,0,0,0
6813,2.9649,0,1,0,0,0,0
6814,-0.3252,0,1,0,0,0,0
6815,1.049,0,1,0,0,0,0
6816,1.2841,0,1,0,0,0,0
6817,0.9676,0,0,0,0,0,0
6818,4.0618,0,0,0,0,0,0
6819,-1.0,0,0,0,0,0,0
6820,0.6674,0,0,0,0,0,0
6821,1.7335,0,0,0,0,0,0
6822,-0.7587,0,0,0,0,0,0
6823,1.9787,0,0,0,0,0,0
6824,-1.0,0,0,0,0,0,0
6825,-0.4722,0,0,0,0,0,0
6826,-0.7388,0,0,0,0,0,0
6827,-0.5365,0,0,0,0,0,0
6828,0.7713,0,0,0,0,0,0
6829,0.8833,0,0,0,0,0,0
6830,1.0475,0,0,0,0,0,0
6831,-1.0,0,0,0,0,0,0
6832,-0.9263,0,0,0,0,0,0
6833,2.5298,0,0,0,0,0,0
6834,-1.0,0,0,0,0,0,0
6835,-1.0,0,0,0,0,0,0
6836,-0.2625,0,0,0,0,0,0
6837,0.7547,0,0,0,0,0,0
6838,-1.0,0,0,0,0,0,0
6839,-1.0,0,0,0,0,0,0
6840,0.2705,0,0,0,0,0,0
6841,0.2786,0,0,0,0,0,0
6842,-0.6396,0,0,0,0,0,0
6843,0.7071,0,0,0,0,0,0
6844,-0.607,0,0,0,0,0,0
6845,-0.3533,0,0,0,0,0,0
6846,2.4001,0,0,0,0,0,0
6847,-1.0,0,0,0,0,0,1
6848,-0.4866,0,0,0,0,0,1
6849,-1.0,1,1,0,0,0,1
6850,2.1314,0,1,0,0,0,1
6851,3.1916,0,1,0,0,0,1
6852,-0.7213,0,1,0,0,0,1
6853,1.0224,0,1,0,0,0,0
6854,-1.0,0,1,0,1,0,1
6855,1.7993,0,1,0,0,0,1
6856,0.957,0,1,0,0,0,0
6857,0.4147,0,1,0,0,0,0
6858,-0.4881,0,0,0,0,0,0
6859,-0.4069,0,0,0,0,0,1
6860,-1.0,0,0,0,0,0,1
6861,0.3589,0,0,0,0,0,1
6862,0.8287,0,0,0,0,0,1
6863,0.8849,0,0,0,0,0,1
6864,-1.0,0,0,0,0,0,1
6865,-1.0,0,0,0,0,0,1
6866,-1.0,0,0,0,0,0,1
6867,1.122,0,0,0,0,0,1
6868,-0.3818,0,0,0,0,0,1
6869,-0.506,0,0,0,0,0,1
6870,1.4452,0,0,0,0,0,0
6871,-0.0747,0,0,0,0,0,1
6872,-1.0,0,0,0,0,0,0
6873,-1.0,0,0,0,0,0,0
6874,0.265,0,0,0,0,0,0
6875,0.0697,0,0,0,0,0,0
6876,-0.6209,0,0,0,0,0,0
6877,-1.0,0,0,0,0,0,0
6878,0.2904,0,0,0,0,0,0
6879,-0.9967,0,0,0,0,0,0
6880,1.7669,0,0,0,0,0,0
6881,-0.9544,0,0,0,0,0,0
6882,-1.0,0,0,0,0,0,0
6883,-1.0,0,0,0,0,0,0
6884,-1.0,0,0,0,0,0,0
6885,-0.0539,0,0,0,0,0,0
6886,1.2616,0,0,0,0,0,0
6887,-0.4407,0,0,0,0,0,0
6888,-0.3144,0,0,0,0,0,0
6889,-1.0,0,0,0,0,0,0
6890,-0.0099,1,1,0,0,0,0
6891,0.8645,0,1,0,0,0,0
6892,-0.7837,0,1,0,0,0,0
6893,2.0387,0,1,0,0,0,0
6894,-1.0,0,1,0,0,0,1
6895,1.8978,0,1,0,1,0,1
6896,3.1775,0,1,0,0,0,1
6897,-0.3718,0,1,0,0,0,1
6898,0.4622,0,1,0,0,0,1
6899,0.0969,0,0,0,0,0,1
6900,0.6889,0,0,0,0,0,1
6901,0.9658,0,0,0,0,0,1
6902,-0.7448,0,0,0,0,0,1
6903,1.3644,0,0,0,0,0,1
6904,2.662,0,0,0,0,0,1
6905,-1.0,0,0,0,0,0,1
6906,2.0538,0,0,0,0,0,1
6907,-1.0,0,0,0,0,0,1
6908,-1.0,0,0,0,0,0,1
6909,0.9641,0,0,0,0,0,1
6910,-1.0,0,0,0,0,0,0
6911,-1.0,0,0,0,0,0,0
6912,3.2791,0,0,0,0,0,0
6913,1.2732,0,0,0,0,0,0
6914,1.785,0,0,0,0,0,0
6915,0.1621,0,0,0,0,0,0
6916,4.6321,0,0,0,0,0,0
6917,0.2526,0,0,0,0,0,0
6918,-0.0374,0,0,0,0,0,0
6919,3.2146,0,0,0,0,0,0
6920,-0.9341,0,0,0,0,0,0
6921,-0.8648,0,0,0,0,0,0
6922,0.4185,0,0,0,0,0,0
6923,-1.0,0,0,0,0,0,0
6924,2.3099,0,0,0,0,0,0
6925,0.5345,0,0,0,0,0,0
6926,1.2577,0,0,0,0,0,0
6927,0.5023,0,0,0,0,0,0
6928,0.3967,0,0,0,0,0,0
6929,0.2932,0,0,0,0,0,0
6930,1.236,0,0,0,0,0,0
6931,-0.0148,1,0,1,0,0,0
6932,-0.1582,0,0,1,0,0,0
6933,-0.6806,0,0,1,0,0,0
6934,-0.5721,0,0,1,0,0,0
6935,1.5667,0,0,1,0,0,0
6936,-1.0,0,0,1,0,0,0
6937,-0.8323,0,0,1,0,0,0
6938,0.8925,0,0,1,0,0,0
6939,-1.0,0,0,1,0,0,0
6940,1.0057,0,0,0,0,0,0
6941,-0.1787,0,0,0,0,0,0
6942,-0.1512,0,0,0,0,0,0
6943,-0.9455,0,0,0,0,0,0
6944,1.5158,0,0,0,0,0,0
6945,-1.0,0,0,0,0,0,0
6946,-0.839,0,0,0,0,0,0
6947,0.4928,0,0,0,0,0,0
6948,-0.5636,0,0,0,0,0,0
6949,0.3623,0,0,0,0,0,0
6950,-0.4172,0,0,0,0,0,0
6951,1.6499,0,0,0,0,0,0
6952,1.2842,0,0,0,0,0,0
6953,0.5533,0,0,0,0,0,0
6954,-0.2122,0,0,0,0,0,0
6955,-1.0,0,0,0,0,0,0
6956,-0.8955,0,0,0,0,0,0
6957,3.8242,0,0,0,0,0,0
6958,1.0006,0,0,0,0,0,0
6959,-0.7333,0,0,0,0,0,0
6960,-0.1677,0,0,0,0,0,0
6961,-0.7346,0,0,0,0,0,0
6962,-1.0,0,0,0,0,0,0
6963,0.9368,0,0,0,0,0,0
6964,-0.0981,0,0,0,0,0,0
6965,1.5174,0,0,0,0,0,0
6966,-1.0,0,0,0,0,0,0
6967,-1.0,0,0,0,0,0,0
6968,0.8467,0,0,0,0,0,0
6969,-1.0,0,0,0,0,0,0
6970,0.0,0,0,0,0,0,0
6971,-0.5072,0,0,0,0,0,0
6972,2.154,1,1,0,0,0,0
6973,-0.7744,0,1,0,0,0,0
6974,0.775,0,1,0,0,0,0
6975,0.7101,0,1,0,0,0,0
6976,4.094,0,1,0,0,0,1
6977,-0.5499,0,1,0,1,0,1
6978,0.7407,0,1,0,0,0,1
6979,0.7479,0,1,0,0,0,1
6980,1.6412,0,1,0,0,0,1
6981,-1.0,0,0,0,0,0,1
6982,2.6476,0,0,0,0,0,1
6983,1.8832,0,0,0,0,0,1
6984,0.6037,0,0,0,0,0,1
6985,-0.6146,0,0,0,0,0,1
6986,1.9273,0,0,0,0,0,1
6987,-0.2345,0,0,0,0,0,1
6988,-0.2836,0,0,0,0,0,1
6989,0.1016,0,0,0,0,0,1
6990,0.519,0,0,0,0,0,1
6991,-0.4392,0,0,0,0,0,1
6992,-1.0,0,0,0,0,0,1
6993,0.0,0,0,0,0,0,0
6994,1.5408,0,0,0,0,0,1
6995,1.8589,0,0,0,0,0,0
6996,0.6493,0,0,0,0,0,0
6997,-0.0912,0,0,0,0,0,0
6998,1.7568,0,0,0,0,0,0
6999,0.1294,0,0,0,0,0,0
7000,0.4357,0,0,0,0,0,0
7001,1.0012,0,0,0,0,0,0
7002,1.8385,0,0,0,0,0,0
7003,0.0723,0,0,0,0,0,0
7004,-0.3425,0,0,0,0,0,0
7005,0.2129,0,0,0,0,0,0
7006,1.4223,0,0,0,0,0,0
7007,-0.0688,0,0,0,0,0,0
7008,-0.9049,0,0,0,0,0,0
7009,-0.9612,0,0,0,0,0,0
7010,-0.528,0,0,0,0,0,0
7011,0.5162,0,0,0,0,0,0
7012,-1.0,0,0,0,0,0,0
7013,0.1308,1,0,1,0,0,0
7014,1.0188,0,0,1,0,0,0
7015,0.5269,0,0,1,0,0,0
7016,0.6163,0,0,1,0,0,0
7017,3.302,0,0,1,0,0,0
7018,1.4153,0,0,1,0,0,0
7019,1.425,0,0,1,0,0,0
7020,0.4105,0,0,1,0,0,0
7021,1.2622,0,0,1,0,0,0
7022,1.2602,0,0,0,0,0,0
7023,0.9257,0,0,0,0,0,0
7024,0.0554,0,0,0,0,0,0
7025,-0.7932,0,0,0,0,0,0
7026,0.6301,0,0,0,0,0,0
7027,0.3017,0,0,0,0,0,0
7028,0.3392,0,0,0,0,0,0
7029,-1.0,0,0,0,0,0,0
7030,-0.0477,0,0,0,0,0,0
7031,-1.0,0,0,0,0,0,0
7032,-0.6052,0,0,0,0,0,0
7033,0.5649,0,0,0,0,0,0
7034,-1.0,0,0,0,0,0,0
7035,-0.4954,0,0,0,0,0,0
7036,0.0554,0,0,0,0,0,0
7037,-0.1418,0,0,0,0,0,0
7038,1.1076,0,0,0,0,0,0
7039,-0.4752,0,0,0,0,0,0
7040,-1.0,0,0,0,0,0,0
7041,-0.6566,0,0,0,0,0,0
7042,0.7959,0,0,0,0,0,0
7043,1.2151,0,0,0,0,0,0
7044,-0.9098,0,0,0,0,0,0
7045,2.4253,0,0,0,0,0,0
7046,1.1459,0,0,0,0,0,0
7047,1.6099,0,0,0,0,0,0
7048,-0.4929,0,0,0,0,0,0
7049,-0.3497,0,0,0,0,0,0
7050,0.3683,0,0,0,0,0,0
7051,-0.6378,0,0,0,0,0,0
7052,-1.0,0,0,0,0,0,0
7053,-1.0,0,0,0,0,0,0
7054,-1.0,1,0,1,0,0,0
7055,0.2556,0,0,1,0,0,0
7056,-0.5894,0,0,1,0,0,0
7057,1.3881,0,0,1,0,0,0
7058,0.1915,0,0,1,0,0,0
7059,1.93,0,0,1,0,0,0
7060,1.6453,0,0,1,0,0,0
7061,0.4291,0,0,1,0,0,0
7062,-0.3197,0,0,1,0,0,0
7063,1.7762,0,0,0,0,0,0
7064,-1.0,0,0,0,0,0,0
7065,1.3749,0,0,0,0,0,0
7066,1.1811,0,0,0,0,0,0
7067,0.7467,0,0,0,0,0,0
7068,-1.0,0,0,0,0,0,0
7069,1.0361,0,0,0,0,0,0
7070,-0.1687,0,0,0,0,0,0
7071,-1.0,0,0,0,0,0,0
7072,0.0356,0,0,0,0,0,0
7073,-1.0,0,0,0,0,0,0
7074,-1.0,0,0,0,0,0,0
7075,0.5856,0,0,0,0,0,0
7076,-0.0367,0,0,0,0,0,0
7077,-0.1926,0,0,0,0,0,0
7078,-0.7821,0,0,0,0,0,0
7079,1.4158,0,0,0,0,0,0
7080,0.5204,0,0,0,0,0,0
7081,1.6463,0,0,0,0,0,0
7082,-0.8909,0,0,0,0,0,0
7083,0.3427,0,0,0,0,0,0
7084,-0.1816,0,0,0,0,0,0
7085,1.2021,0,0,0,0,0,0
7086,0.372,0,0,0,0,0,0
7087,1.4751,0,0,0,0,0,0
7088,-0.9997,0,0,0,0,0,0
7089,-0.959,0,0,0,0,0,0
7090,-1.0,0,0,0,0,0,0
7091,0.4874,0,0,0,0,0,0
7092,1.1052,0,0,0,0,0,0
7093,0.8879,0,0,0,0,0,0
7094,0.7036,0,0,0,0,0,0
7095,0.7585,1,0,1,0,0,0
7096,0.5858,0,0,1,0,0,0
7097,-0.023,0,0,1,0,0,0
7098,0.3183,0,0,1,0,0,0
7099,1.0821,0,0,1,0,0,0
7100,2.9934,0,0,1,0,0,0
7101,0.9336,0,0,1,0,0,0
7102,1.4599,0,0,1,0,0,0
7103,2.6135,0,0,1,0,0,0
7104,2.8616,0,0,0,0,0,0
7105,-1.0,0,0,0,0,0,0
7106,0.4399,0,0,0,0,0,0
7107,0.4497,0,0,0,0,0,0
7108,-0.4259,0,0,0,0,0,0
7109,1.1892,0,0,0,0,0,0
7110,0.4261,0,0,0,0,0,0
7111,-0.8731,0,0,0,0,0,0
7112,0.6136,0,0,0,0,0,0
7113,0.459,0,0,0,0,0,0
7114,0.1146,0,0,0,0,0,0
7115,1.07,0,0,0,0,0,0
7116,0.3171,0,0,0,0,0,0
7117,2.4989,0,0,0,0,0,0
7118,-0.301,0,0,0,0,0,0
7119,-1.0,0,0,0,0,0,0
7120,0.1413,0,0,0,0,0,0
7121,-0.5183,0,0,0,0,0,0
7122,2.0144,0,0,0,0,0,0
7123,0.0246,0,0,0,0,0,0
7124,1.0352,0,0,0,0,0,0
7125,-0.4447,0,0,0,0,0,0
7126,0.1515,0,0,0,0,0,0
7127,0.1668,0,0,0,0,0,0
7128,-0.1845,0,0,0,0,0,0
7129,1.2759,0,0,0,0,0,0
7130,-0.4488,0,0,0,0,0,0
7131,-0.1119,0,0,0,0,0,0
7132,-1.0,0,0,0,0,0,0
7133,0.296,0,0,0,0,0,0
7134,-1.0,0,0,0,0,0,0
7135,-0.5622,0,0,0,0,0,0
7136,0.3874,1,1,0,0,0,0
7137,-0.0805,0,1,0,0,0,0
7138,0.4847,0,1,0,0,0,0
7139,-0.9091,0,1,0,0,0,0
7140,0.4445,0,1,0,0,0,0
7141,1.2195,0,1,0,0,0,0
7142,0.3646,0,1,0,0,0,0
7143,1.9881,0,1,0,0,0,0
7144,-0.1633,0,1,0,0,0,0
7145,-0.5072,0,0,0,0,0,0
7146,-0.5257,0,0,0,0,0,0
7147,0.2978,0,0,0,0,0,0
7148,0.0691,0,0,0,0,0,0
7149,-0.9089,0,0,0,0,0,0
7150,0.73,0,0,0,0,0,0
7151,0.0867,0,0,0,0,0,0
7152,0.0306,0,0,0,0,0,0
7153,0.3007,0,0,0,0,0,0
7154,-1.0,0,0,0,0,0,0
7155,-0.0824,0,0,0,0,0,0
7156,-0.1205,0,0,0,0,0,0
7157,0.6977,0,0,0,0,0,0
7158,0.0003,0,0,0,0,0,0
7159,-0.2891,0,0,0,0,0,0
7160,-1.0,0,0,0,0,0,0
7161,-0.1513,0,0,0,0,0,0
7162,-1.0,0,0,0,0,0,0
7163,1.1092,0,0,0,0,0,0
7164,1.85,0,0,0,0,0,0
7165,1.1264,0,0,0,0,0,0
7166,0.2141,0,0,0,0,0,0
7167,-0.1526,0,0,0,0,0,0
7168,-0.6645,0,0,0,0,0,0
7169,0.4395,0,0,0,0,0,0
7170,0.5771,0,0,0,0,0,0
7171,-0.0058,0,0,0,0,0,0
7172,-1.0,0,0,0,0,0,0
7173,-0.6618,0,0,0,0,0,0
7174,-0.9311,0,0,0,0,0,0
7175,-0.7224,0,0,0,0,0,0
7176,-1.0,0,0,0,0,0,0
7177,-1.0,1,0,1,0,0,0
7178,-0.1316,0,0,1,0,0,0
7179,-1.0,0,0,1,0,0,0
7180,-1.0,0,0,1,0,0,0
7181,-0.8783,0,0,1,0,0,0
7182,-1.0,0,0,1,0,0,0
7183,-1.0,0,0,1,0,0,0
7184,-0.3695,0,0,1,0,0,0
7185,0.1414,0,0,1,0,0,0
7186,-1.0,0,0,0,0,0,0
7187,0.2285,0,0,0,0,0,0
7188,-0.9689,0,0,0,0,0,0
7189,-0.0314,0,0,0,0,0,0
7190,0.8275,0,0,0,0,0,0
7191,0.767,0,0,0,0,0,0
7192,-0.1506,0,0,0,0,0,0
7193,-0.4559,0,0,0,0,0,0
7194,-0.1543,0,0,0,0,0,0
7195,0.1521,0,0,0,0,0,0
7196,-1.0,0,0,0,0,0,0
7197,-1.0,0,0,0,0,0,0
7198,-0.0241,0,0,0,0,0,0
7199,-1.0,0,0,0,0,0,0
7200,0.6535,0,0,0,0,0,0
7201,-1.0,0,0,0,0,0,0
7202,-0.6463,0,0,0,0,0,0
7203,1.0686,0,0,0,0,0,0
7204,0.02,0,0,0,0,0,0
7205,-0.4978,0,0,0,0,0,0
7206,0.9116,0,0,0,0,0,0
7207,-0.2612,0,0,0,0,0,0
7208,-0.1559,0,0,0,0,0,0
7209,-1.0,0,0,0,0,0,0
7210,-1.0,0,0,0,0,0,0
7211,-0.2057,0,0,0,0,0,0
7212,-0.468,0,0,0,0,0,0
7213,-0.3985,0,0,0,0,0,0
7214,-0.5341,0,0,0,0,0,0
7215,-1.0,0,0,0,0,0,0
7216,-0.3197,0,0,0,0,0,0
7217,-0.1281,0,0,0,0,0,0
7218,1.391,1,0,1,0,0,0
7219,0.0294,0,0,1,0,0,0
7220,-0.4642,0,0,1,0,0,0
7221,-0.8243,0,0,1,0,0,0
7222,-1.0,0,0,1,0,0,0
7223,-0.1555,0,0,1,0,0,0
7224,-1.0,0,0,1,0,0,0
7225,-0.8816,0,0,1,0,0,0
7226,-1.0,0,0,1,0,0,0
7227,-0.8497,0,0,0,0,0,0
7228,-0.1367,0,0,0,0,0,0
7229,-1.0,0,0,0,0,0,0
7230,0.0566,0,0,0,0,0,0
7231,-1.0,0,0,0,0,0,0
7232,-0.8061,0,0,0,0,0,0
7233,-0.5185,0,0,0,0,0,0
7234,-0.108,0,0,0,0,0,0
7235,0.4878,0,0,0,0,0,0
7236,-0.815,0,0,0,0,0,0
7237,-0.8259,0,0,0,0,0,0
7238,-0.3493,0,0,0,0,0,0
7239,3.8556,0,0,0,0,0,0
7240,-0.2023,0,0,0,0,0,0
7241,0.9864,0,0,0,0,0,0
7242,-1.0,0,0,0,0,0,0
7243,0.3278,0,0,0,0,0,0
7244,0.4923,0,0,0,0,0,0
7245,-1.0,0,0,0,0,0,0
7246,-0.901,0,0,0,0,0,0
7247,-1.0,0,0,0,0,0,0
7248,1.0642,0,0,0,0,0,0
7249,-0.835,0,0,0,0,0,0
7250,-0.7802,0,0,0,0,0,0
7251,-1.0,0,0,0,0,0,0
7252,-1.0,0,0,0,0,0,0
7253,-0.1803,0,0,0,0,0,0
7254,-0.5581,0,0,0,0,0,0
7255,1.8224,0,0,0,0,0,0
7256,-1.0,0,0,0,0,0,0
7257,2.7144,0,0,0,0,0,0
7258,-1.0,0,0,0,0,0,0
7259,-0.6944,1,0,1,0,0,0
7260,-1.0,0,0,1,0,0,0
7261,3.0012,0,0,1,0,0,0
7262,-0.7867,0,0,1,0,0,0
7263,-0.6198,0,0,1,0,0,0
7264,-0.4679,0,0,1,0,0,0
7265,-0.5491,0,0,1,0,0,0
7266,-1.0,0,0,1,0,0,0
7267,-0.6403,0,0,1,0,0,0
7268,0.0,0,0,0,0,0,0
7269,0.1358,0,0,0,0,0,0
7270,0.5224,0,0,0,0,0,0
7271,-1.0,0,0,0,0,0,0
7272,-1.0,0,0,0,0,0,0
7273,-0.0278,0,0,0,0,0,0
7274,0.8966,0,0,0,0,0,0
7275,-0.4135,0,0,0,0,0,0
7276,-0.7075,0,0,0,0,0,0
7277,-0.6721,0,0,0,0,0,0
7278,-1.0,0,0,0,0,0,0
7279,-1.0,0,0,0,0,0,0
7280,0.5326,0,0,0,0,0,0
7281,-1.0,0,0,0,0,0,0
7282,0.2723,0,0,0,0,0,0
7283,0.4219,0,0,0,0,0,0
7284,2.0437,0,0,0,0,0,0
7285,-1.0,0,0,0,0,0,0
7286,-0.2746,0,0,0,0,0,0
7287,-1.0,0,0,0,0,0,0
7288,-0.3824,0,0,0,0,0,0
7289,-1.0,0,0,0,0,0,0
7290,0.2103,0,0,0,0,0,0
7291,4.8593,0,0,0,0,0,0
7292,1.9517,0,0,0,0,0,0
7293,2.8391,0,0,0,0,0,0
7294,0.9971,0,0,0,0,0,0
7295,2.205,0,0,0,0,0,0
7296,0.5484,0,0,0,0,0,0
7297,-1.0,0,0,0,0,0,0
7298,-0.8384,0,0,0,0,0,0
7299,-0.0555,0,0,0,0,0,0
7300,-0.2648,1,1,0,0,0,0
7301,-0.4275,0,1,0,0,0,0
7302,-0.226,0,1,0,0,0,0
7303,-0.1954,0,1,0,0,0,0
7304,1.0308,0,1,0,0,0,0
7305,-0.9098,0,1,0,0,0,0
7306,-0.6338,0,1,0,0,0,0
7307,-1.0,0,1,0,0,0,0
7308,-0.1353,0,1,0,0,0,0
7309,2.8811,0,0,0,0,0,0
7310,-1.0,0,0,0,0,0,0
7311,-1.0,0,0,0,0,0,0
7312,-1.0,0,0,0,0,0,0
7313,-0.8944,0,0,0,0,0,0
7314,0.917,0,0,0,0,0,0
7315,0.0,0,0,0,0,0,0
7316,-1.0,0,0,0,0,0,0
7317,-1.0,0,0,0,0,0,0
7318,0.8449,0,0,0,0,0,0
7319,-1.0,0,0,0,0,0,0
7320,3.5952,0,0,0,0,0,0
7321,0.2777,0,0,0,0,0,0
7322,-1.0,0,0,0,0,0,0
7323,-1.0,0,0,0,0,0,0
7324,-0.2365,0,0,0,0,0,0
7325,0.1191,0,0,0,0,0,0
7326,-1.0,0,0,0,0,0,0
7327,-1.0,0,0,0,0,0,0
7328,-1.0,0,0,0,0,0,0
7329,0.0746,0,0,0,0,0,0
7330,1.1155,0,0,0,0,0,0
7331,0.164,0,0,0,0,0,0
7332,0.7837,0,0,0,0,0,0
7333,-0.2441,0,0,0,0,0,0
7334,-0.3894,0,0,0,0,0,0
7335,0.8102,0,0,0,0,0,0
7336,-1.0,0,0,0,0,0,0
7337,-0.91,0,0,0,0,0,0
7338,0.9864,0,0,0,0,0,0
7339,-1.0,0,0,0,0,0,0
7340,-1.0,0,0,0,0,0,0
7341,0.0,1,1,0,0,0,0
7342,0.2837,0,1,0,0,0,0
7343,-1.0,0,1,0,0,0,0
7344,0.3496,0,1,0,0,0,0
7345,2.4366,0,1,0,0,0,0
7346,5.6279,0,1,0,0,0,0
7347,3.868,0,1,0,0,0,0
7348,-1.0,0,1,0,0,0,0
7349,0.208,0,1,0,0,0,0
7350,-0.1979,0,0,0,0,0,0
7351,-1.0,0,0,0,0,0,0
7352,-0.6778,0,0,0,0,0,0
7353,0.1955,0,0,0,0,0,0
7354,-1.0,0,0,0,0,0,0
7355,1.754,0,0,0,0,0,0
7356,-1.0,0,0,0,0,0,0
7357,-1.0,0,0,0,0,0,0
7358,-1.0,0,0,0,0,0,0
7359,-1.0,0,0,0,0,0,0
7360,-0.5042,0,0,0,0,0,0
7361,-1.0,0,0,0,0,0,0
7362,1.5029,0,0,0,0,0,0
7363,-1.0,0,0,0,0,0,0
7364,1.996,0,0,0,0,0,0
7365,1.2051,0,0,0,0,0,0
7366,3.0449,0,0,0,0,0,0
7367,1.1645,0,0,0,0,0,0
7368,1.9103,0,0,0,0,0,0
7369,2.2619,0,0,0,0,0,0
7370,0.0961,0,0,0,0,0,0
7371,1.9284,0,0,0,0,0,0
7372,0.324,0,0,0,0,0,0
7373,2.5971,0,0,0,0,0,0
7374,0.6454,0,0,0,0,0,0
7375,-0.8805,0,0,0,0,0,0
7376,-1.0,0,0,0,0,0,0
7377,-0.8746,0,0,0,0,0,0
7378,-0.5855,0,0,0,0,0,0
7379,-0.0296,0,0,0,0,0,0
7380,-1.0,0,0,0,0,0,0
7381,2.758,0,0,0,0,0,0
7382,4.204,1,0,1,0,0,0
7383,1.7403,0,0,1,0,0,0
7384,0.2586,0,0,1,0,0,0
7385,-0.3839,0,0,1,0,0,0
7386,0.1999,0,0,1,0,0,0
7387,-0.4237,0,0,1,0,0,0
7388,1.6612,0,0,1,0,0,0
7389,-1.0,0,0,1,0,0,0
7390,-1.0,0,0,1,0,0,0
7391,2.1165,0,0,0,0,0,0
7392,3.1062,0,0,0,0,0,0
7393,-1.0,0,0,0,0,0,0
7394,0.7613,0,0,0,0,0,0
7395,1.7203,0,0,0,0,0,0
7396,0.7083,0,0,0,0,0,0
7397,-1.0,0,0,0,0,0,0
7398,-0.7313,0,0,0,0,0,0
7399,-0.3926,0,0,0,0,0,0
7400,-0.5126,0,0,0,0,0,0
7401,-1.0,0,0,0,0,0,0
7402,0.0567,0,0,0,0,0,0
7403,-1.0,0,0,0,0,0,0
7404,-0.4316,0,0,0,0,0,0
7405,3.6022,0,0,0,0,0,0
7406,0.0,0,0,0,0,0,0
7407,3.9549,0,0,0,0,0,0
7408,1.6021,0,0,0,0,0,0
7409,3.1299,0,0,0,0,0,0
7410,-1.0,0,0,0,0,0,0
7411,0.2488,0,0,0,0,0,0
7412,3.8552,0,0,0,0,0,0
7413,1.1112,0,0,0,0,0,0
7414,-1.0,0,0,0,0,0,0
7415,-1.0,0,0,0,0,0,0
7416,-0.001,0,0,0,0,0,0
7417,2.2789,0,0,0,0,0,0
7418,-1.0,0,0,0,0,0,0
7419,2.5417,0,0,0,0,0,0
7420,0.7348,0,0,0,0,0,0
7421,0.5992,0,0,0,0,0,0
7422,1.2854,0,0,0,0,0,0
7423,1.5949,1,1,0,0,0,0
7424,-0.9756,0,1,0,0,0,0
7425,0.666,0,1,0,0,0,0
7426,0.9398,0,1,0,0,0,0
7427,-1.0,0,1,0,0,0,0
7428,2.9995,0,1,0,1,0,1
7429,5.5237,0,1,0,0,0,1
7430,4.4407,0,1,0,0,0,1
7431,2.5494,0,1,0,0,0,1
7432,-0.2939,0,0,0,0,0,1
7433,2.9609,0,0,0,0,0,1
7434,0.6762,0,0,0,0,0,1
7435,0.207,0,0,0,0,0,1
7436,1.8677,0,0,0,0,0,1
7437,3.8527,0,0,0,0,0,1
7438,0.6451,0,0,0,0,0,1
7439,-0.98,0,0,0,0,0,1
7440,-0.3261,0,0,0,0,0,0
7441,1.8725,0,0,0,0,0,0
7442,-0.0439,0,0,0,0,0,0
7443,-1.0,0,0,0,0,0,0
7444,-1.0,0,0,0,0,0,0
7445,2.3905,0,0,0,0,0,0
7446,-0.0194,0,0,0,0,0,0
7447,-1.0,0,0,0,0,0,0
7448,1.8936,0,0,0,0,0,0
7449,-0.2148,0,0,0,0,0,0
7450,-0.4102,0,0,0,0,0,0
7451,0.1264,0,0,0,0,0,0
7452,-0.9167,0,0,0,0,0,0
7453,-0.2655,0,0,0,0,0,0
7454,-0.4741,0,0,0,0,0,0
7455,-0.1813,0,0,0,0,0,0
7456,-1.0,0,0,0,0,0,0
7457,-1.0,0,0,0,0,0,0
7458,-1.0,0,0,0,0,0,0
7459,-1.0,0,0,0,0,0,0
7460,0.6764,0,0,0,0,0,0
7461,0.8715,0,0,0,0,0,0
7462,2.0757,0,0,0,0,0,0
7463,-0.3927,0,0,0,0,0,0
7464,1.6782,1,1,0,0,0,0
7465,-0.7535,0,1,0,0,0,0
7466,-0.7141,0,1,0,0,0,0
7467,2.9624,0,1,0,0,0,0
7468,4.4333,0,1,0,0,0,0
7469,2.6174,0,1,0,1,0,1
7470,3.4879,0,1,0,0,0,1
7471,0.8856,0,1,0,0,0,1
7472,2.4323,0,1,0,0,0,1
7473,0.1291,0,0,0,0,0,1
7474,2.0041,0,0,0,0,0,1
7475,2.0739,0,0,0,0,0,1
7476,0.8204,0,0,0,0,0,1
7477,3.6381,0,0,0,0,0,1
7478,2.4588,0,0,0,0,0,1
7479,3.2598,0,0,0,0,0,1
7480,1.5717,0,0,0,0,0,1
7481,-0.0439,0,0,0,0,0,1
7482,-0.5775,0,0,0,0,0,1
7483,3.2181,0,0,0,0,0,1
7484,-0.7144,0,0,0,0,0,0
7485,2.0476,0,0,0,0,0,0
7486,0.0,0,0,0,0,0,0
7487,0.3046,0,0,0,0,0,0
7488,0.3945,0,0,0,0,0,0
7489,2.827,0,0,0,0,0,0
7490,3.1583,0,0,0,0,0,0
7491,2.9433,0,0,0,0,0,0
7492,0.4791,0,0,0,0,0,0
7493,2.2844,0,0,0,0,0,0
7494,4.039,0,0,0,0,0,0
7495,4.3712,0,0,0,0,0,0
7496,0.9754,0,0,0,0,0,0
7497,1.7542,0,0,0,0,0,0
7498,-0.6099,0,0,0,0,0,0
7499,2.5311,0,0,0,0,0,0
7500,2.8085,0,0,0,0,0,0
7501,2.1831,0,0,0,0,0,0
7502,0.2122,0,0,0,0,0,0
7503,0.089,0,0,0,0,0,0
7504,0.2135,0,0,0,0,0,0
7505,-1.0,1,0,1,0,0,0
7506,-0.6556,0,0,1,0,0,0
7507,-0.5536,0,0,1,0,0,0
7508,0.4592,0,0,1,0,0,0
7509,0.5071,0,0,1,0,0,0
7510,-0.4003,0,0,1,0,0,0
7511,-1.0,0,0,1,0,0,0
7512,-0.3663,0,0,1,0,0,0
7513,0.1015,0,0,1,0,0,0
7514,-0.4899,0,0,0,0,0,0
7515,-0.4895,0,0,0,0,0,0
7516,1.2019,0,0,0,0,0,0
7517,-0.8976,0,0,0,0,0,0
7518,0.261,0,0,0,0,0,0
7519,-0.8333,0,0,0,0,0,0
7520,1.0696,0,0,0,0,0,0
7521,-0.2118,0,0,0,0,0,0
7522,-1.0,0,0,0,0,0,0
7523,-1.0,0,0,0,0,0,0
7524,-0.1179,0,0,0,0,0,0
7525,-0.6522,0,0,0,0,0,0
7526,-0.8192,0,0,0,0,0,0
7527,-0.0247,0,0,0,0,0,0
7528,-1.0,0,0,0,0,0,0
7529,-0.5644,0,0,0,0,0,0
7530,0.4089,0,0,0,0,0,0
7531,0.7252,0,0,0,0,0,0
7532,-0.4904,0,0,0,0,0,0
7533,-0.8218,0,0,0,0,0,0
7534,-1.0,0,0,0,0,0,0
7535,-1.0,0,0,0,0,0,0
7536,-1.0,0,0,0,0,0,0
7537,-1.0,0,0,0,0,0,0
7538,2.1305,0,0,0,0,0,0
7539,-1.0,0,0,0,0,0,0
7540,0.6066,0,0,0,0,0,0
7541,-0.9854,0,0,0,0,0,0
7542,-1.0,0,0,0,0,0,0
7543,0.421,0,0,0,0,0,0
7544,0.8125,0,0,0,0,0,0
7545,0.4527,0,0,0,0,0,0
7546,0.6328,1,0,1,0,0,0
7547,-0.4389,0,0,1,0,0,0
7548,-0.1555,0,0,1,0,0,0
7549,5.9304,0,0,1,0,0,0
7550,0.2886,0,0,1,0,0,0
7551,-0.531,0,0,1,0,0,0
7552,0.4139,0,0,1,0,0,0
7553,-0.2217,0,0,1,0,0,0
7554,-1.0,0,0,1,0,0,0
7555,-0.1765,0,0,0,0,0,0
7556,-0.2947,0,0,0,0,0,0
7557,-0.1778,0,0,0,0,0,0
7558,-0.3349,0,0,0,0,0,0
7559,1.599,0,0,0,0,0,0
7560,0.2146,0,0,0,0,0,0
7561,0.8221,0,0,0,0,0,0
7562,1.085,0,0,0,0,0,0
7563,0.0648,0,0,0,0,0,0
7564,-1.0,0,0,0,0,0,0
7565,0.5554,0,0,0,0,0,0
7566,-0.8535,0,0,0,0,0,0
7567,-0.5393,0,0,0,0,0,0
7568,-0.7181,0,0,0,0,0,0
7569,-0.1441,0,0,0,0,0,0
7570,2.0455,0,0,0,0,0,0
7571,-1.0,0,0,0,0,0,0
7572,-1.0,0,0,0,0,0,0
7573,0.2545,0,0,0,0,0,0
7574,1.0165,0,0,0,0,0,0
7575,0.077,0,0,0,0,0,0
7576,0.6185,0,0,0,0,0,0
7577,-0.4703,0,0,0,0,0,0
7578,-1.0,0,0,0,0,0,0
7579,-0.9412,0,0,0,0,0,0
7580,-1.0,0,0,0,0,0,0
7581,-0.8032,0,0,0,0,0,0
7582,0.8619,0,0,0,0,0,0
7583,1.1716,0,0,0,0,0,0
7584,-0.1469,0,0,0,0,0,0
7585,-0.1845,0,0,0,0,0,0
7586,-0.6611,0,0,0,0,0,0
7587,-0.622,1,0,1,0,0,0
7588,0.8551,0,0,1,0,0,0
7589,0.2742,0,0,1,0,0,0
7590,0.9673,0,0,1,0,0,0
7591,1.1042,0,0,1,0,0,0
7592,1.4429,0,0,1,0,0,0
7593,-1.0,0,0,1,0,0,0
7594,-1.0,0,0,1,0,0,0
7595,-1.0,0,0,1,0,0,0
7596,-0.9816,0,0,0,0,0,0
7597,-1.0,0,0,0,0,0,0
7598,-1.0,0,0,0,0,0,0
7599,1.9402,0,0,0,0,0,0
7600,0.6298,0,0,0,0,0,0
7601,-1.0,0,0,0,0,0,0
7602,-0.0177,0,0,0,0,0,0
7603,-1.0,0,0,0,0,0,0
7604,-0.8536,0,0,0,0,0,0
7605,-1.0,0,0,0,0,0,0
7606,0.3436,0,0,0,0,0,0
7607,-1.0,0,0,0,0,0,0
7608,-0.347,0,0,0,0,0,0
7609,-1.0,0,0,0,0,0,0
7610,0.8853,0,0,0,0,0,0
7611,1.192,0,0,0,0,0,0
7612,1.6171,0,0,0,0,0,0
7613,0.2314,0,0,0,0,0,0
7614,-0.19,0,0,0,0,0,0
7615,0.6033,0,0,0,0,0,0
7616,-0.7301,0,0,0,0,0,0
7617,-1.0,0,0,0,0,0,0
7618,-0.5392,0,0,0,0,0,0
7619,0.6535,0,0,0,0,0,0
7620,-0.2554,0,0,0,0,0,0
7621,-1.0,0,0,0,0,0,0
7622,0.0426,0,0,0,0,0,0
7623,-0.4488,0,0,0,0,0,0
7624,-0.9069,0,0,0,0,0,0
7625,-0.3474,0,0,0,0,0,0
7626,-0.1843,0,0,0,0,0,0
7627,1.1207,0,0,0,0,0,0
7628,0.2289,1,1,0,0,0,0
7629,1.9075,0,1,0,0,0,0
7630,-0.0771,0,1,0,0,0,0
7631,-0.3101,0,1,0,0,0,0
7632,0.4566,0,1,0,0,0,0
7633,5.2133,0,1,0,1,0,1
7634,4.0357,0,1,0,0,0,1
7635,0.0217,0,1,0,0,0,1
7636,2.7774,0,1,0,0,0,1
7637,0.643,0,0,0,0,0,1
7638,-0.3875,0,0,0,0,0,1
7639,2.07,0,0,0,0,0,0
7640,2.2404,0,0,0,0,0,0
7641,1.7884,0,0,0,0,0,0
7642,2.2446,0,0,0,0,0,0
7643,3.4427,0,0,0,0,0,0
7644,1.2269,0,0,0,0,0,0
7645,2.9483,0,0,0,0,0,1
7646,3.0174,0,0,0,0,0,1
7647,0.22,0,0,0,0,0,0
7648,3.0216,0,0,0,0,0,0
7649,0.5866,0,0,0,0,0,0
7650,3.677,0,0,0,0,0,0
7651,0.5444,0,0,0,0,0,0
7652,-0.7776,0,0,0,0,0,0
7653,0.9276,0,0,0,0,0,0
7654,0.9449,0,0,0,0,0,0
7655,0.4832,0,0,0,0,0,0
7656,1.3052,0,0,0,0,0,0
7657,1.981,0,0,0,0,0,0
7658,-0.8116,0,0,0,0,0,0
7659,0.9877,0,0,0,0,0,0
7660,-0.9391,0,0,0,0,0,0
7661,-0.4887,0,0,0,0,0,0
7662,0.0686,0,0,0,0,0,0
7663,-0.1416,0,0,0,0,0,0
7664,0.3286,0,0,0,0,0,0
7665,-1.0,0,0,0,0,0,0
7666,-0.3376,0,0,0,0,0,0
7667,1.4371,0,0,0,0,0,0
7668,0.5488,0,0,0,0,0,0
7669,-1.0,1,1,0,0,0,0
7670,1.1702,0,1,0,0,0,0
7671,1.6271,0,1,0,0,0,0
7672,-0.2024,0,1,0,0,0,0
7673,-0.9202,0,1,0,0,0,0
7674,-0.6802,0,1,0,0,0,0
7675,-0.1184,0,1,0,0,0,0
7676,0.6455,0,1,0,0,0,0
7677,-1.0,0,1,0,0,0,0
7678,-0.3296,0,0,0,0,0,0
7679,-1.0,0,0,0,0,0,0
7680,-1.0,0,0,0,0,0,0
7681,0.1119,0,0,0,0,0,0
7682,-1.0,0,0,0,0,0,0
7683,0.1899,0,0,0,0,0,0
7684,-1.0,0,0,0,0,0,0
7685,-1.0,0,0,0,0,0,0
7686,-1.0,0,0,0,0,0,0
7687,0.7028,0,0,0,0,0,0
7688,1.1123,0,0,0,0,0,0
7689,0.1871,0,0,0,0,0,0
7690,0.4205,0,0,0,0,0,0
7691,-0.1483,0,0,0,0,0,0
7692,-0.7606,0,0,0,0,0,0
7693,-0.8409,0,0,0,0,0,0
7694,0.775,0,0,0,0,0,0
7695,-1.0,0,0,0,0,0,0
7696,-0.4033,0,0,0,0,0,0
7697,-0.6598,0,0,0,0,0,0
7698,-1.0,0,0,0,0,0,0
7699,-1.0,0,0,0,0,0,0
7700,0.8978,0,0,0,0,0,0
7701,-0.1168,0,0,0,0,0,0
7702,-1.0,0,0,0,0,0,0
7703,-1.0,0,0,0,0,0,0
7704,0.5659,0,0,0,0,0,0
7705,1.3787,0,0,0,0,0,0
7706,-0.7975,0,0,0,0,0,0
7707,2.0227,0,0,0,0,0,0
7708,0.6422,0,0,0,0,0,0
7709,-0.8138,0,0,0,0,0,0
7710,1.0,1,1,0,0,0,0
7711,0.8676,0,1,0,0,0,0
7712,1.0418,0,1,0,0,0,0
7713,0.5734,0,1,0,0,0,0
7714,-0.7398,0,1,0,0,0,0
7715,-0.4437,0,1,0,0,0,0
7716,-0.4803,0,1,0,0,0,0
7717,-0.5858,0,1,0,0,0,0
7718,-1.0,0,1,0,0,0,0
7719,-1.0,0,0,0,0,0,0
7720,-0.9719,0,0,0,0,0,0
7721,-1.0,0,0,0,0,0,0
7722,1.2437,0,0,0,0,0,0
7723,0.4466,0,0,0,0,0,0
7724,0.1998,0,0,0,0,0,0
7725,-1.0,0,0,0,0,0,0
7726,1.194,0,0,0,0,0,0
7727,0.1354,0,0,0,0,0,0
7728,-1.0,0,0,0,0,0,0
7729,-0.8376,0,0,0,0,0,0
7730,-0.3139,0,0,0,0,0,0
7731,-0.889,0,0,0,0,0,0
7732,0.1905,0,0,0,0,0,0
7733,-0.8862,0,0,0,0,0,0
7734,-1.0,0,0,0,0,0,0
7735,-1.0,0,0,0,0,0,0
7736,-1.0,0,0,0,0,0,0
7737,-0.841,0,0,0,0,0,0
7738,0.6468,0,0,0,0,0,0
7739,0.3706,0,0,0,0,0,0
7740,-1.0,0,0,0,0,0,0
7741,-0.4878,0,0,0,0,0,0
7742,-0.6951,0,0,0,0,0,0
7743,0.1857,0,0,0,0,0,0
7744,-1.0,0,0,0,0,0,0
7745,-1.0,0,0,0,0,0,0
7746,-0.2744,0,0,0,0,0,0
7747,2.8028,0,0,0,0,0,0
7748,-0.2943,0,0,0,0,0,0
7749,-0.2895,0,0,0,0,0,0
7750,-0.2418,0,0,0,0,0,0
7751,-0.3983,1,0,1,0,0,0
7752,-0.287,0,0,1,0,0,0
7753,-1.0,0,0,1,0,0,0
7754,-1.0,0,0,1,0,0,0
7755,-1.0,0,0,1,0,0,0
7756,1.5414,0,0,1,0,0,0
7757,-0.3269,0,0,1,0,0,0
7758,-0.1976,0,0,1,0,0,0
7759,2.8533,0,0,1,0,0,0
7760,0.0951,0,0,0,0,0,0
7761,-0.6125,0,0,0,0,0,0
7762,-0.6268,0,0,0,0,0,0
7763,-0.2385,0,0,0,0,0,0
7764,-1.0,0,0,0,0,0,0
7765,1.6254,0,0,0,0,0,0
7766,-1.0,0,0,0,0,0,0
7767,-1.0,0,0,0,0,0,0
7768,-0.1025,0,0,0,0,0,0
7769,-0.641,0,0,0,0,0,0
7770,-1.0,0,0,0,0,0,0
7771,-1.0,0,0,0,0,0,0
7772,-1.0,0,0,0,0,0,0
7773,-0.5538,0,0,0,0,0,0
7774,-0.1523,0,0,0,0,0,0
7775,-0.0192,0,0,0,0,0,0
7776,0.2241,0,0,0,0,0,0
7777,-0.992,0,0,0,0,0,0
7778,-1.0,0,0,0,0,0,0
7779,-1.0,0,0,0,0,0,0
7780,0.0282,0,0,0,0,0,0
7781,1.6859,0,0,0,0,0,0
7782,-1.0,0,0,0,0,0,0
7783,0.0,0,0,0,0,0,0
7784,-1.0,0,0,0,0,0,0
7785,2.9246,0,0,0,0,0,0
7786,-1.0,0,0,0,0,0,0
7787,-1.0,0,0,0,0,0,0
7788,0.0642,0,0,0,0,0,0
7789,1.4996,0,0,0,0,0,0
7790,2.2277,0,0,0,0,0,0
7791,-0.1374,0,0,0,0,0,0
7792,-0.5947,1,1,0,0,0,0
7793,0.603,0,1,0,0,0,0
7794,-1.0,0,1,0,0,0,0
7795,4.13,0,1,0,0,0,0
7796,2.635,0,1,0,0,0,0
7797,4.3017,0,1,0,0,0,0
7798,1.2332,0,1,0,0,0,0
7799,-1.0,0,1,0,0,0,0
7800,1.9746,0,1,0,0,0,0
7801,-1.0,0,0,0,0,0,0
7802,0.0473,0,0,0,0,0,0
7803,5.2001,0,0,0,0,0,0
7804,-0.8503,0,0,0,0,0,0
7805,0.1476,0,0,0,0,0,0
7806,-1.0,0,0,0,0,0,0
7807,2.814,0,0,0,0,0,0
7808,-1.0,0,0,0,0,0,0
7809,-0.6989,0,0,0,0,0,0
7810,-1.0,0,0,0,0,0,0
7811,0.6482,0,0,0,0,0,0
7812,-1.0,0,0,0,0,0,0
7813,1.2436,0,0,0,0,0,0
7814,-0.6751,0,0,0,0,0,0
7815,1.5729,0,0,0,0,0,0
7816,-1.0,0,0,0,0,0,0
7817,-0.9053,0,0,0,0,0,0
7818,-1.0,0,0,0,0,0,0
7819,1.9667,0,0,0,0,0,0
7820,1.7046,0,0,0,0,0,0
7821,-1.0,0,0,0,0,0,0
7822,1.0547,0,0,0,0,0,0
7823,1.976,0,0,0,0,0,0
7824,-1.0,0,0,0,0,0,0
7825,0.7159,0,0,0,0,0,0
7826,-0.811,0,0,0,0,0,0
7827,1.8464,0,0,0,0,0,0
7828,-1.0,0,0,0,0,0,0
7829,-1.0,0,0,0,0,0,0
7830,-1.0,0,0,0,0,0,0
7831,-1.0,0,0,0,0,0,0
7832,-0.3632,0,0,0,0,0,0
7833,-0.5504,1,0,1,0,0,0
7834,-0.0408,0,0,1,0,0,0
7835,-0.4505,0,0,1,0,0,0
7836,1.302,0,0,1,0,0,0
7837,-1.0,0,0,1,0,0,0
7838,-1.0,0,0,1,0,0,0
7839,3.2438,0,0,1,0,0,0
7840,0.1356,0,0,1,0,0,0
7841,-1.0,0,0,1,0,0,0
7842,4.095,0,0,0,0,0,0
7843,1.2795,0,0,0,0,0,0
7844,0.3984,0,0,0,0,0,0
7845,0.1064,0,0,0,0,0,0
7846,1.2105,0,0,0,0,0,0
7847,0.4253,0,0,0,0,0,0
7848,-1.0,0,0,0,0,0,0
7849,2.9009,0,0,0,0,0,0
7850,3.7014,0,0,0,0,0,0
7851,1.2149,0,0,0,0,0,0
7852,-0.786,0,0,0,0,0,0
7853,0.2931,0,0,0,0,0,0
7854,0.7172,0,0,0,0,0,0
7855,0.5443,0,0,0,0,0,0
7856,0.5563,0,0,0,0,0,0
7857,5.5605,0,0,0,0,0,0
7858,1.1599,0,0,0,0,0,0
7859,-0.0578,0,0,0,0,0,0
7860,1.6225,0,0,0,0,0,0
7861,-0.1566,0,0,0,0,0,0
7862,-1.0,0,0,0,0,0,0
7863,-1.0,0,0,0,0,0,0
7864,-0.0216,0,0,0,0,0,0
7865,2.0609,0,0,0,0,0,0
7866,3.8811,0,0,0,0,0,0
7867,1.2288,0,0,0,0,0,0
7868,0.1584,0,0,0,0,0,0
7869,-1.0,0,0,0,0,0,0
7870,1.2314,0,0,0,0,0,0
7871,-1.0,0,0,0,0,0,0
7872,0.4146,0,0,0,0,0,0
7873,2.2424,0,0,0,0,0,0
7874,4.605,1,0,1,0,0,0
7875,3.3061,0,0,1,0,0,0
7876,4.1649,0,0,1,0,0,0
7877,4.0704,0,0,1,0,0,0
7878,0.6956,0,0,1,0,0,0
7879,4.3795,0,0,1,0,0,0
7880,5.9345,0,0,1,0,0,0
7881,-0.0603,0,0,1,0,0,0
7882,-0.0668,0,0,1,0,0,0
7883,3.7169,0,0,0,0,0,0
7884,2.1935,0,0,0,0,0,0
7885,0.0815,0,0,0,0,0,0
7886,2.521,0,0,0,0,0,0
7887,0.5716,0,0,0,0,0,0
7888,-0.3779,0,0,0,0,0,0
7889,1.1967,0,0,0,0,0,0
7890,-1.0,0,0,0,0,0,0
7891,0.2389,0,0,0,0,0,0
7892,0.577,0,0,0,0,0,0
7893,2.2858,0,0,0,0,0,0
7894,1.6749,0,0,0,0,0,0
7895,1.6638,0,0,0,0,0,0
7896,2.0022,0,0,0,0,0,0
7897,2.2781,0,0,0,0,0,0
7898,0.2854,0,0,0,0,0,0
7899,0.2727,0,0,0,0,0,0
7900,0.2727,0,0,0,0,0,0
7901,1.5943,0,0,0,0,0,0
7902,0.5545,0,0,0,0,0,0
7903,1.5123,0,0,0,0,0,0
7904,1.6836,0,0,0,0,0,0
7905,-1.0,0,0,0,0,0,0
7906,0.8783,0,0,0,0,0,0
7907,2.0624,0,0,0,0,0,0
7908,0.0507,0,0,0,0,0,0
7909,0.1414,0,0,0,0,0,0
7910,2.6717,0,0,0,0,0,0
7911,1.104,0,0,0,0,0,0
7912,1.1143,0,0,0,0,0,0
7913,-0.8164,0,0,0,0,0,0
7914,0.1599,0,0,0,0,0,0
7915,1.056,1,0,1,0,0,0
7916,-0.0274,0,0,1,0,0,0
7917,-0.135,0,0,1,0,0,0
7918,-1.0,0,0,1,0,0,0
7919,0.8784,0,0,1,0,0,0
7920,-0.1392,0,0,1,0,0,0
7921,1.0489,0,0,1,0,0,0
7922,-0.3392,0,0,1,0,0,0
7923,2.8682,0,0,1,0,0,0
7924,-0.662,0,0,0,0,0,0
7925,-0.8968,0,0,0,0,0,0
7926,1.5149,0,0,0,0,0,0
7927,0.1413,0,0,0,0,0,0
7928,-0.948,0,0,0,0,0,0
7929,-0.9407,0,0,0,0,0,0
7930,0.9275,0,0,0,0,0,0
7931,0.4789,0,0,0,0,0,0
7932,0.7628,0,0,0,0,0,0
7933,-1.0,0,0,0,0,0,0
7934,-1.0,0,0,0,0,0,0
7935,-1.0,0,0,0,0,0,0
7936,-0.5233,0,0,0,0,0,0
7937,-0.7517,0,0,0,0,0,0
7938,-0.7298,0,0,0,0,0,0
7939,1.2507,0,0,0,0,0,0
7940,0.4275,0,0,0,0,0,0
7941,-1.0,0,0,0,0,0,0
7942,0.9816,0,0,0,0,0,0
7943,-0.8866,0,0,0,0,0,0
7944,-1.0,0,0,0,0,0,0
7945,-0.7867,0,0,0,0,0,0
7946,-1.0,0,0,0,0,0,0
7947,0.4759,0,0,0,0,0,0
7948,-0.4816,0,0,0,0,0,0
7949,-0.4677,0,0,0,0,0,0
7950,-0.9481,0,0,0,0,0,0
7951,-0.1358,0,0,0,0,0,0
7952,-1.0,0,0,0,0,0,0
7953,-0.7463,0,0,0,0,0,0
7954,0.8844,0,0,0,0,0,0
7955,0.8053,0,0,0,0,0,0
7956,0.4194,1,1,0,0,0,0
7957,0.9726,0,1,0,0,0,0
7958,-1.0,0,1,0,0,0,0
7959,-0.2354,0,1,0,0,0,0
7960,-1.0,0,1,0,0,0,0
7961,-1.0,0,1,0,0,0,0
7962,1.5758,0,1,0,0,0,0
7963,0.359,0,1,0,0,0,0
7964,0.4657,0,1,0,0,0,0
7965,1.0029,0,0,0,0,0,0
7966,-1.0,0,0,0,0,0,0
7967,0.0404,0,0,0,0,0,0
7968,0.8786,0,0,0,0,0,0
7969,1.373,0,0,0,0,0,0
7970,0.2384,0,0,0,0,0,0
7971,-0.0478,0,0,0,0,0,0
7972,-0.5795,0,0,0,0,0,0
7973,1.3739,0,0,0,0,0,0
7974,0.6558,0,0,0,0,0,0
7975,0.7227,0,0,0,0,0,0
7976,-0.2657,0,0,0,0,0,0
7977,-1.0,0,0,0,0,0,0
7978,1.0787,0,0,0,0,0,0
7979,0.0,0,0,0,0,0,0
7980,-0.9633,0,0,0,0,0,0
7981,-0.5245,0,0,0,0,0,0
7982,1.446,0,0,0,0,0,0
7983,-0.4031,0,0,0,0,0,0
7984,1.3491,0,0,0,0,0,0
7985,-0.6502,0,0,0,0,0,0
7986,0.6534,0,0,0,0,0,0
7987,0.2594,0,0,0,0,0,0
7988,-1.0,0,0,0,0,0,0
7989,-0.7935,0,0,0,0,0,0
7990,0.3857,0,0,0,0,0,0
7991,0.2171,0,0,0,0,0,0
7992,0.9098,0,0,0,0,0,0
7993,-1.0,0,0,0,0,0,0
7994,-1.0,0,0,0,0,0,0
7995,-0.6153,0,0,0,0,0,0
7996,-1.0,0,0,0,0,0,0
7997,-0.0792,1,0,1,0,0,0
7998,-1.0,0,0,1,0,0,0
7999,0.0462,0,0,1,0,0,0
8000,-0.8244,0,0,1,0,0,0
8001,0.4373,0,0,1,0,0,0
8002,-0.414,0,0,1,0,0,0
8003,0.8829,0,0,1,0,0,0
8004,0.1192,0,0,1,0,0,0
8005,-1.0,0,0,1,0,0,0
8006,-0.4368,0,0,0,0,0,0
8007,-1.0,0,0,0,0,0,0
8008,-0.4213,0,0,0,0,0,0
8009,-0.9974,0,0,0,0,0,0
8010,-1.0,0,0,0,0,0,0
8011,-1.0,0,0,0,0,0,0
8012,-0.7003,0,0,0,0,0,0
8013,-0.3784,0,0,0,0,0,0
8014,-0.7665,0,0,0,0,0,0
8015,1.0688,0,0,0,0,0,0
8016,0.3865,0,0,0,0,0,0
8017,0.0195,0,0,0,0,0,0
8018,-1.0,0,0,0,0,0,0
8019,1.1153,0,0,0,0,0,0
8020,-0.704,0,0,0,0,0,0
8021,0.9826,0,0,0,0,0,0
8022,-1.0,0,0,0,0,0,0
8023,-0.3001,0,0,0,0,0,0
8024,-0.9767,0,0,0,0,0,0
8025,0.8175,0,0,0,0,0,0
8026,1.2154,0,0,0,0,0,0
8027,-1.0,0,0,0,0,0,0
8028,-1.0,0,0,0,0,0,0
8029,1.6899,0,0,0,0,0,0
8030,-0.1436,0,0,0,0,0,0
8031,-0.3629,0,0,0,0,0,0
8032,-1.0,0,0,0,0,0,0
8033,-1.0,0,0,0,0,0,0
8034,1.3237,0,0,0,0,0,0
8035,-1.0,0,0,0,0,0,0
8036,-0.6429,0,0,0,0,0,0
8037,-1.0,0,0,0,0,0,0
8038,3.6,1,0,1,0,0,0
8039,1.5063,0,0,1,0,0,0
8040,0.4218,0,0,1,0,0,0
8041,-1.0,0,0,1,0,0,0
8042,3.5224,0,0,1,0,0,0
8043,2.8522,0,0,1,0,0,0
8044,2.9026,0,0,1,0,0,0
8045,3.3939,0,0,1,0,0,0
8046,-1.0,0,0,1,0,0,0
8047,5.6896,0,0,0,0,0,0
8048,-1.0,0,0,0,0,0,0
8049,0.7436,0,0,0,0,0,0
8050,0.5626,0,0,0,0,0,0
8051,-0.4089,0,0,0,0,0,0
8052,2.0766,0,0,0,0,0,0
8053,-0.5954,0,0,0,0,0,0
8054,0.5905,0,0,0,0,0,0
8055,0.5045,0,0,0,0,0,0
8056,-1.0,0,0,0,0,0,0
8057,-0.44,0,0,0,0,0,0
8058,0.412,0,0,0,0,0,0
8059,0.9945,0,0,0,0,0,0
8060,1.3845,0,0,0,0,0,0
8061,0.5778,0,0,0,0,0,0
8062,1.7653,0,0,0,0,0,0
8063,0.0879,0,0,0,0,0,0
8064,1.7389,0,0,0,0,0,0
8065,-1.0,0,0,0,0,0,0
8066,0.5177,0,0,0,0,0,0
8067,1.0904,0,0,0,0,0,0
8068,-0.9441,0,0,0,0,0,0
8069,1.108,0,0,0,0,0,0
8070,-1.0,0,0,0,0,0,0
8071,0.6136,0,0,0,0,0,0
8072,0.5092,0,0,0,0,0,0
8073,0.4368,0,0,0,0,0,0
8074,-1.0,0,0,0,0,0,0
8075,-1.0,0,0,0,0,0,0
8076,0.8072,0,0,0,0,0,0
8077,0.0676,0,0,0,0,0,0
8078,0.3353,0,0,0,0,0,0
8079,1.8103,1,1,0,0,0,0
8080,-0.3032,0,1,0,0,0,0
8081,0.4926,0,1,0,0,0,0
8082,-1.0,0,1,0,0,0,0
8083,-0.2783,0,1,0,0,0,0
8084,3.8142,0,1,0,0,0,0
8085,-0.8868,0,1,0,0,0,0
8086,1.9991,0,1,0,0,0,0
8087,2.0732,0,1,0,0,0,0
8088,-0.9155,0,0,0,0,0,0
8089,2.2486,0,0,0,0,0,0
8090,-0.0691,0,0,0,0,0,0
8091,-0.4147,0,0,0,0,0,0
8092,-0.913,0,0,0,0,0,0
8093,1.2482,0,0,0,0,0,0
8094,2.4866,0,0,0,0,0,0
8095,-1.0,0,0,0,0,0,0
8096,2.043,0,0,0,0,0,0
8097,-1.0,0,0,0,0,0,0
8098,-1.0,0,0,0,0,0,0
8099,0.1933,0,0,0,0,0,0
8100,-0.4971,0,0,0,0,0,0
8101,-1.0,0,0,0,0,0,0
8102,1.2832,0,0,0,0,0,0
8103,-0.9989,0,0,0,0,0,0
8104,-0.8256,0,0,0,0,0,0
8105,2.8068,0,0,0,0,0,0
8106,3.5344,0,0,0,0,0,0
8107,-1.0,0,0,0,0,0,0
8108,-1.0,0,0,0,0,0,0
8109,3.0193,0,0,0,0,0,0
8110,3.5696,0,0,0,0,0,0
8111,-0.7787,0,0,0,0,0,0
8112,0.4441,0,0,0,0,0,0
8113,1.2893,0,0,0,0,0,0
8114,1.6679,0,0,0,0,0,0
8115,2.9315,0,0,0,0,0,0
8116,5.6531,0,0,0,0,0,0
8117,2.896,0,0,0,0,0,0
8118,-1.0,0,0,0,0,0,0
8119,0.4055,0,0,0,0,0,0
8120,-1.0,1,1,0,0,0,0
8121,2.2846,0,1,0,0,0,0
8122,-1.0,0,1,0,0,0,0
8123,-1.0,0,1,0,0,0,0
8124,0.4504,0,1,0,0,0,0
8125,2.8724,0,1,0,0,0,0
8126,3.6794,0,1,0,0,0,0
8127,1.4023,0,1,0,0,0,0
8128,-1.0,0,1,0,0,0,0
8129,2.8863,0,0,0,0,0,0
8130,-0.6759,0,0,0,0,0,0
8131,0.8923,0,0,0,0,0,0
8132,-1.0,0,0,0,0,0,0
8133,-0.1944,0,0,0,0,0,0
8134,1.372,0,0,0,0,0,0
8135,-1.0,0,0,0,0,0,0
8136,-1.0,0,0,0,0,0,0
8137,0.7703,0,0,0,0,0,0
8138,1.5371,0,0,0,0,0,0
8139,-0.3311,0,0,0,0,0,0
8140,0.5046,0,0,0,0,0,0
8141,0.7396,0,0,0,0,0,0
8142,0.049,0,0,0,0,0,0
8143,-0.4719,0,0,0,0,0,0
8144,2.1148,0,0,0,0,0,0
8145,-1.0,0,0,0,0,0,0
8146,-1.0,0,0,0,0,0,0
8147,0.4502,0,0,0,0,0,0
8148,-0.6055,0,0,0,0,0,0
8149,-0.1471,0,0,0,0,0,0
8150,-1.0,0,0,0,0,0,0
8151,-0.2873,0,0,0,0,0,0
8152,-0.8708,0,0,0,0,0,0
8153,0.38,0,0,0,0,0,0
8154,-1.0,0,0,0,0,0,0
8155,-1.0,0,0,0,0,0,0
8156,-0.6497,0,0,0,0,0,0
8157,3.311,0,0,0,0,0,0
8158,-1.0,0,0,0,0,0,0
8159,-1.0,0,0,0,0,0,0
8160,2.5175,0,0,0,0,0,0
8161,-1.0,1,0,1,0,0,0
8162,-1.0,0,0,1,0,0,0
8163,-1.0,0,0,1,0,0,0
8164,0.2064,0,0,1,0,0,0
8165,-1.0,0,0,1,0,0,0
8166,0.7458,0,0,1,0,0,0
8167,1.3603,0,0,1,0,0,0
8168,-0.3331,0,0,1,0,0,0
8169,2.4009,0,0,1,0,0,0
8170,-0.572,0,0,0,0,0,0
8171,1.2847,0,0,0,0,0,0
8172,2.8068,0,0,0,0,0,0
8173,0.7514,0,0,0,0,0,0
8174,2.1838,0,0,0,0,0,0
8175,4.5968,0,0,0,0,0,0
8176,-1.0,0,0,0,0,0,0
8177,-0.824,0,0,0,0,0,0
8178,-1.0,0,0,0,0,0,0
8179,-1.0,0,0,0,0,0,0
8180,-1.0,0,0,0,0,0,0
8181,0.0588,0,0,0,0,0,0
8182,-1.0,0,0,0,0,0,0
8183,-0.0316,0,0,0,0,0,0
8184,0.7135,0,0,0,0,0,0
8185,-1.0,0,0,0,0,0,0
8186,-0.0058,0,0,0,0,0,0
8187,0.2035,0,0,0,0,0,0
8188,-0.3432,0,0,0,0,0,0
8189,1.8457,0,0,0,0,0,0
8190,-1.0,0,0,0,0,0,0
8191,-0.8873,0,0,0,0,0,0
8192,-1.0,0,0,0,0,0,0
8193,-0.6924,0,0,0,0,0,0
8194,-1.0,0,0,0,0,0,0
8195,-0.119,0,0,0,0,0,0
8196,-1.0,0,0,0,0,0,0
8197,2.8547,0,0,0,0,0,0
8198,-1.0,0,0,0,0,0,0
8199,2.6367,0,0,0,0,0,0
8200,-0.1288,0,0,0,0,0,0
8201,-0.2495,0,0,0,0,0,0
8202,1.2318,1,0,1,0,0,0
8203,0.14,0,0,1,0,0,0
8204,-0.1704,0,0,1,0,0,0
8205,-1.0,0,0,1,0,0,0
8206,-1.0,0,0,1,0,0,0
8207,0.3401,0,0,1,0,0,0
8208,-1.0,0,0,1,0,0,0
8209,1.5039,0,0,1,0,0,0
8210,3.4833,0,0,1,0,0,0
8211,-1.0,0,0,0,0,0,0
8212,4.2967,0,0,0,0,0,0
8213,0.8219,0,0,0,0,0,0
8214,1.0843,0,0,0,0,0,0
8215,0.0333,0,0,0,0,0,0
8216,-0.5655,0,0,0,0,0,0
8217,0.0591,0,0,0,0,0,0
8218,-0.1506,0,0,0,0,0,0
8219,0.0228,0,0,0,0,0,0
8220,1.0483,0,0,0,0,0,0
8221,-0.2317,0,0,0,0,0,0
8222,-0.6397,0,0,0,0,0,0
8223,-0.1076,0,0,0,0,0,0
8224,-0.6397,0,0,0,0,0,0
8225,-1.0,0,0,0,0,0,0
8226,1.7058,0,0,0,0,0,0
8227,-0.6023,0,0,0,0,0,0
8228,2.1312,0,0,0,0,0,0
8229,-1.0,0,0,0,0,0,0
8230,-1.0,0,0,0,0,0,0
8231,-1.0,0,0,0,0,0,0
8232,-0.4779,0,0,0,0,0,0
8233,-1.0,0,0,0,0,0,0
8234,-0.9609,0,0,0,0,0,0
8235,-1.0,0,0,0,0,0,0
8236,2.4389,0,0,0,0,0,0
8237,3.3782,0,0,0,0,0,0
8238,-0.3061,0,0,0,0,0,0
8239,-0.6459,0,0,0,0,0,0
8240,-1.0,0,0,0,0,0,0
8241,0.7808,0,0,0,0,0,0
8242,4.9231,0,0,0,0,0,0
8243,2.9614,1,1,0,0,0,0
8244,-1.0,0,1,0,0,0,0
8245,0.1764,0,1,0,0,0,0
8246,2.9607,0,1,0,0,0,0
8247,1.3647,0,1,0,0,0,0
8248,0.3999,0,1,0,0,0,0
8249,-1.0,0,1,0,0,0,0
8250,3.5162,0,1,0,0,0,0
8251,1.08,0,1,0,0,0,0
8252,-1.0,0,0,0,0,0,0
8253,3.4096,0,0,0,0,0,0
8254,1.175,0,0,0,0,0,0
8255,2.4359,0,0,0,0,0,0
8256,-1.0,0,0,0,0,0,0
8257,0.4135,0,0,0,0,0,0
8258,0.5956,0,0,0,0,0,0
8259,-1.0,0,0,0,0,0,0
8260,-1.0,0,0,0,0,0,0
8261,2.9313,0,0,0,0,0,0
8262,1.2273,0,0,0,0,0,0
8263,-1.0,0,0,0,0,0,0
8264,3.2826,0,0,0,0,0,0
8265,-0.7581,0,0,0,0,0,0
8266,-1.0,0,0,0,0,0,0
8267,0.3153,0,0,0,0,0,0
8268,2.4527,0,0,0,0,0,0
8269,-1.0,0,0,0,0,0,0
8270,1.9611,0,0,0,0,0,0
8271,3.3953,0,0,0,0,0,0
8272,0.3235,0,0,0,0,0,0
8273,-0.7742,0,0,0,0,0,0
8274,-1.0,0,0,0,0,0,0
8275,4.5663,0,0,0,0,0,0
8276,-0.22,0,0,0,0,0,0
8277,0.0266,0,0,0,0,0,0
8278,-1.0,0,0,0,0,0,0
8279,2.0854,0,0,0,0,0,0
8280,3.6942,0,0,0,0,0,0
8281,0.8815,0,0,0,0,0,0
8282,-1.0,0,0,0,0,0,0
8283,1.2195,0,0,0,0,0,0
8284,0.3273,1,0,1,0,0,0
8285,3.7093,0,0,1,0,0,0
8286,-0.4646,0,0,1,0,0,0
8287,1.6081,0,0,1,0,0,0
8288,-1.0,0,0,1,0,0,0
8289,1.6657,0,0,1,0,0,0
8290,-1.0,0,0,1,0,0,0
8291,2.6841,0,0,1,0,0,0
8292,-0.4206,0,0,1,0,0,0
8293,-0.1857,0,0,0,0,0,0
8294,1.5973,0,0,0,0,0,0
8295,-1.0,0,0,0,0,0,0
8296,1.1363,0,0,0,0,0,0
8297,-1.0,0,0,0,0,0,0
8298,0.0171,0,0,0,0,0,0
8299,1.2368,0,0,0,0,0,0
8300,0.6025,0,0,0,0,0,0
8301,-1.0,0,0,0,0,0,0
8302,-0.1989,0,0,0,0,0,0
8303,2.43,0,0,0,0,0,0
8304,-1.0,0,0,0,0,0,0
8305,-0.0102,0,0,0,0,0,0
8306,0.1731,0,0,0,0,0,0
8307,-0.1498,0,0,0,0,0,0
8308,-1.0,0,0,0,0,0,0
8309,0.4666,0,0,0,0,0,0
8310,-1.0,0,0,0,0,0,0
8311,-1.0,0,0,0,0,0,0
8312,-0.6361,0,0,0,0,0,0
8313,-0.8243,0,0,0,0,0,0
8314,-0.9045,0,0,0,0,0,0
8315,-0.2001,0,0,0,0,0,0
8316,1.5008,0,0,0,0,0,0
8317,-0.6805,0,0,0,0,0,0
8318,0.4237,0,0,0,0,0,0
8319,-0.6951,0,0,0,0,0,0
8320,0.6954,0,0,0,0,0,0
8321,-0.771,0,0,0,0,0,0
8322,-0.2771,0,0,0,0,0,0
8323,-0.3107,0,0,0,0,0,0
8324,0.3456,0,0,0,0,0,0
8325,1.2955,1,1,0,0,0,0
8326,-0.5087,0,1,0,0,0,0
8327,0.5396,0,1,0,0,0,0
8328,-0.95,0,1,0,0,0,0
8329,-1.0,0,1,0,0,0,0
8330,-1.0,0,1,0,0,0,0
8331,6.1325,0,1,0,1,0,1
8332,4.1834,0,1,0,0,0,1
8333,2.3678,0,1,0,0,0,1
8334,3.5808,0,0,0,0,0,1
8335,4.4267,0,0,0,0,0,1
8336,1.4912,0,0,0,0,0,1
8337,2.5112,0,0,0,0,0,1
8338,4.0731,0,0,0,0,0,0
8339,0.5212,0,0,0,0,0,0
8340,5.0588,0,0,0,0,0,0
8341,3.1244,0,0,0,0,0,0
8342,1.4252,0,0,0,0,0,1
8343,2.4681,0,0,0,0,0,1
8344,1.0879,0,0,0,0,0,0
8345,0.8826,0,0,0,0,0,0
8346,1.9813,0,0,0,0,0,0
8347,1.4108,0,0,0,0,0,0
8348,-0.1874,0,0,0,0,0,0
8349,1.7493,0,0,0,0,0,0
8350,1.587,0,0,0,0,0,0
8351,-1.0,0,0,0,0,0,0
8352,4.7615,0,0,0,0,0,0
8353,3.9064,0,0,0,0,0,0
8354,1.8812,0,0,0,0,0,0
8355,0.9831,0,0,0,0,0,0
8356,0.452,0,0,0,0,0,0
8357,2.6151,0,0,0,0,0,0
8358,0.4096,0,0,0,0,0,0
8359,2.286,0,0,0,0,0,0
8360,-0.1552,0,0,0,0,0,0
8361,-0.5058,0,0,0,0,0,0
8362,0.3397,0,0,0,0,0,0
8363,-1.0,0,0,0,0,0,0
8364,0.4688,0,0,0,0,0,0
8365,0.7628,0,0,0,0,0,0
8366,-0.5541,1,0,1,0,0,0
8367,-1.0,0,0,1,0,0,0
8368,-1.0,0,0,1,0,0,0
8369,-0.2971,0,0,1,0,0,0
8370,-0.2247,0,0,1,0,0,0
8371,-0.3363,0,0,1,0,0,0
8372,1.5982,0,0,1,0,0,0
8373,-0.7193,0,0,1,0,0,0
8374,-0.9015,0,0,1,0,0,0
8375,-0.9283,0,0,0,0,0,0
8376,0.8006,0,0,0,0,0,0
8377,0.0914,0,0,0,0,0,0
8378,1.2209,0,0,0,0,0,0
8379,-1.0,0,0,0,0,0,0
8380,-1.0,0,0,0,0,0,0
8381,-0.734,0,0,0,0,0,0
8382,-1.0,0,0,0,0,0,0
8383,-0.6321,0,0,0,0,0,0
8384,0.6516,0,0,0,0,0,0
8385,0.9405,0,0,0,0,0,0
8386,1.0098,0,0,0,0,0,0
8387,-1.0,0,0,0,0,0,0
8388,1.9227,0,0,0,0,0,0
8389,2.2519,0,0,0,0,0,0
8390,2.0994,0,0,0,0,0,0
8391,-0.7089,0,0,0,0,0,0
8392,-0.735,0,0,0,0,0,0
8393,0.6613,0,0,0,0,0,0
8394,-1.0,0,0,0,0,0,0
8395,0.8156,0,0,0,0,0,0
8396,-1.0,0,0,0,0,0,0
8397,-0.1894,0,0,0,0,0,0
8398,-1.0,0,0,0,0,0,0
8399,-1.0,0,0,0,0,0,0
8400,0.4,0,0,0,0,0,0
8401,-1.0,0,0,0,0,0,0
8402,-1.0,0,0,0,0,0,0
8403,-1.0,0,0,0,0,0,0
8404,1.163,0,0,0,0,0,0
8405,0.2349,0,0,0,0,0,0
8406,2.3253,0,0,0,0,0,0
8407,0.9611,1,0,1,0,0,0
8408,-1.0,0,0,1,0,0,0
8409,-0.563,0,0,1,0,0,0
8410,0.5797,0,0,1,0,0,0
8411,-0.6519,0,0,1,0,0,0
8412,-0.7404,0,0,1,0,0,0
8413,1.1894,0,0,1,0,1,1
8414,3.0697,0,0,1,0,1,1
8415,-1.0,0,0,1,0,1,1
8416,-0.8219,0,0,0,0,1,1
8417,1.3316,0,0,0,0,1,1
8418,0.7832,0,0,0,0,1,1
8419,-0.3375,0,0,0,0,1,1
8420,0.3606,0,0,0,0,1,1
8421,1.7462,0,0,0,0,0,0
8422,-0.6427,0,0,0,0,0,0
8423,0.3567,0,0,0,0,0,0
8424,0.3206,0,0,0,0,0,0
8425,0.1381,0,0,0,0,0,0
8426,0.3783,0,0,0,0,0,0
8427,-1.0,0,0,0,0,0,0
8428,-0.538,0,0,0,0,0,0
8429,-0.1884,0,0,0,0,0,0
8430,0.1412,0,0,0,0,0,0
8431,4.6261,0,0,0,0,0,0
8432,-0.1196,0,0,0,0,0,0
8433,1.5595,0,0,0,0,0,0
8434,-0.1241,0,0,0,0,0,0
8435,-0.5991,0,0,0,0,0,0
8436,2.1207,0,0,0,0,0,0
8437,-0.3218,0,0,0,0,0,0
8438,-0.7224,0,0,0,0,0,0
8439,-1.0,0,0,0,0,0,0
8440,-1.0,0,0,0,0,0,0
8441,-0.8158,0,0,0,0,0,0
8442,-1.0,0,0,0,0,0,0
8443,-1.0,0,0,0,0,0,0
8444,-1.0,0,0,0,0,0,0
8445,1.3457,0,0,0,0,0,0
8446,-0.3419,0,0,0,0,0,0
8447,0.0,0,0,0,0,0,0
8448,-0.7504,1,1,0,0,0,0
8449,0.4373,0,1,0,0,0,0
8450,1.0221,0,1,0,0,0,0
8451,0.1586,0,1,0,0,0,0
8452,2.8029,0,1,0,0,0,0
8453,1.7369,0,1,0,0,0,0
8454,1.1739,0,1,0,0,0,0
8455,3.8719,0,1,0,0,0,0
8456,4.3012,0,1,0,0,0,0
8457,1.1637,0,0,0,0,0,0
8458,1.3606,0,0,0,0,0,0
8459,1.2191,0,0,0,0,0,0
8460,2.82,0,0,0,1,0,1
8461,0.4057,0,0,0,0,0,1
8462,0.7501,0,0,0,0,0,1
8463,-0.4067,0,0,0,0,0,1
8464,3.1591,0,0,0,0,0,1
8465,-1.0,0,0,0,0,0,1
8466,0.9374,0,0,0,0,0,1
8467,-1.0,0,0,0,0,0,1
8468,1.3967,0,0,0,0,0,1
8469,0.3857,0,0,0,0,0,1
8470,4.1121,0,0,0,0,0,1
8471,2.4108,0,0,0,0,0,1
8472,0.2363,0,0,0,0,0,0
8473,0.8988,0,0,0,0,0,0
8474,0.7674,0,0,0,0,0,0
8475,1.9208,0,0,0,0,0,0
8476,1.1987,0,0,0,0,0,0
8477,-0.66,0,0,0,0,0,0
8478,3.2584,0,0,0,0,0,0
8479,3.9789,0,0,0,0,0,0
8480,1.2127,0,0,0,0,0,0
8481,3.9881,0,0,0,0,0,0
8482,0.1513,0,0,0,0,0,0
8483,0.516,0,0,0,0,0,0
8484,-0.6213,0,0,0,0,0,0
8485,2.3677,0,0,0,0,0,0
8486,-0.1829,0,0,0,0,0,0
8487,-1.0,0,0,0,0,0,0
8488,0.911,0,0,0,0,0,0
8489,-0.1927,1,1,0,0,0,0
8490,-0.5592,0,1,0,0,0,0
8491,1.9268,0,1,0,0,0,0
8492,-0.2842,0,1,0,0,0,0
8493,-0.0065,0,1,0,0,0,0
8494,0.7548,0,1,0,0,0,0
8495,0.1637,0,1,0,0,0,0
8496,1.7513,0,1,0,0,0,0
8497,-0.1469,0,1,0,0,0,0
8498,-0.1951,0,0,0,0,0,0
8499,0.6375,0,0,0,0,0,0
8500,-0.2003,0,0,0,0,0,0
8501,0.7481,0,0,0,0,0,0
8502,0.6467,0,0,0,0,0,0
8503,1.1434,0,0,0,0,0,0
8504,1.7093,0,0,0,0,0,0
8505,0.5403,0,0,0,0,0,0
8506,0.4158,0,0,0,0,0,0
8507,-0.1026,0,0,0,0,0,0
8508,1.2481,0,0,0,0,0,0
8509,-0.8218,0,0,0,0,0,0
8510,0.5438,0,0,0,0,0,0
8511,1.476,0,0,0,0,0,0
8512,-0.5789,0,0,0,0,0,0
8513,0.9921,0,0,0,0,0,0
8514,4.5918,0,0,0,0,0,0
8515,1.8362,0,0,0,0,0,0
8516,0.6533,0,0,0,0,0,0
8517,1.4231,0,0,0,0,0,0
8518,1.4026,0,0,0,0,0,0
8519,0.2179,0,0,0,0,0,0
8520,0.214,0,0,0,0,0,0
8521,0.706,0,0,0,0,0,0
8522,0.9639,0,0,0,0,0,0
8523,3.5814,0,0,0,0,0,0
8524,-0.4858,0,0,0,0,0,0
8525,0.8502,0,0,0,0,0,0
8526,3.0045,0,0,0,0,0,0
8527,2.1018,0,0,0,0,0,0
8528,-1.0,0,0,0,0,0,0
8529,-1.0,0,0,0,0,0,0
8530,0.339,1,1,0,0,0,0
8531,-0.9244,0,1,0,0,0,0
8532,-0.9298,0,1,0,0,0,0
8533,-0.2233,0,1,0,0,0,0
8534,-0.7437,0,1,0,0,0,0
8535,-1.0,0,1,0,0,0,0
8536,0.8843,0,1,0,0,0,0
8537,0.5419,0,1,0,0,0,0
8538,0.0382,0,1,0,0,0,0
8539,-0.3444,0,0,0,0,0,0
8540,-0.3582,0,0,0,0,0,0
8541,1.2346,0,0,0,0,0,0
8542,-1.0,0,0,0,0,0,0
8543,0.6927,0,0,0,0,0,0
8544,0.9023,0,0,0,0,0,0
8545,-0.3086,0,0,0,0,0,0
8546,0.2597,0,0,0,0,0,0
8547,-1.0,0,0,0,0,0,0
8548,-1.0,0,0,0,0,0,0
8549,-0.0401,0,0,0,0,0,0
8550,-0.5597,0,0,0,0,0,0
8551,0.742,0,0,0,0,0,0
8552,-0.0771,0,0,0,0,0,0
8553,-0.1915,0,0,0,0,0,0
8554,-0.1475,0,0,0,0,0,0
8555,-0.1872,0,0,0,0,0,0
8556,-0.4778,0,0,0,0,0,0
8557,-1.0,0,0,0,0,0,0
8558,-0.6651,0,0,0,0,0,0
8559,-0.5486,0,0,0,0,0,0
8560,-0.9404,0,0,0,0,0,0
8561,-0.7655,0,0,0,0,0,0
8562,-1.0,0,0,0,0,0,0
8563,-0.3832,0,0,0,0,0,0
8564,0.4925,0,0,0,0,0,0
8565,-1.0,0,0,0,0,0,0
8566,-0.1087,0,0,0,0,0,0
8567,0.1399,0,0,0,0,0,0
8568,2.425,0,0,0,0,0,0
8569,-0.5261,0,0,0,0,0,0
8570,0.3406,0,0,0,0,0,0
8571,-0.6003,1,0,1,0,0,0
8572,-1.0,0,0,1,0,0,0
8573,0.0687,0,0,1,0,0,0
8574,-0.6621,0,0,1,0,0,0
8575,1.9649,0,0,1,0,0,0
8576,0.6746,0,0,1,0,0,0
8577,0.6018,0,0,1,0,0,0
8578,0.2228,0,0,1,0,0,0
8579,1.4113,0,0,1,0,0,0
8580,-0.0523,0,0,0,0,0,0
8581,0.0023,0,0,0,0,0,0
8582,0.9132,0,0,0,0,0,0
8583,-1.0,0,0,0,0,0,0
8584,0.031,0,0,0,0,0,0
8585,0.1265,0,0,0,0,0,0
8586,-1.0,0,0,0,0,0,0
8587,-0.0316,0,0,0,0,0,0
8588,0.0102,0,0,0,0,0,0
8589,0.8601,0,0,0,0,0,0
8590,-0.344,0,0,0,0,0,0
8591,0.7898,0,0,0,0,0,0
8592,-0.1645,0,0,0,0,0,0
8593,-1.0,0,0,0,0,0,0
8594,0.3377,0,0,0,0,0,0
8595,-0.3403,0,0,0,0,0,0
8596,0.3197,0,0,0,0,0,0
8597,1.4021,0,0,0,0,0,0
8598,0.2773,0,0,0,0,0,0
8599,-0.0857,0,0,0,0,0,0
8600,-0.5656,0,0,0,0,0,0
8601,-0.2088,0,0,0,0,0,0
8602,-0.2932,0,0,0,0,0,0
8603,-1.0,0,0,0,0,0,0
8604,-1.0,0,0,0,0,0,0
8605,-0.0148,0,0,0,0,0,0
8606,-0.1183,0,0,0,0,0,0
8607,0.433,0,0,0,0,0,0
8608,-0.2519,0,0,0,0,0,0
8609,-0.625,0,0,0,0,0,0
8610,1.1462,0,0,0,0,0,0
8611,0.9741,0,0,0,0,0,0
8612,-0.4219,1,1,0,0,0,0
8613,2.9506,0,1,0,0,0,0
8614,-0.1867,0,1,0,0,0,0
8615,1.1573,0,1,0,0,0,0
8616,-0.2652,0,1,0,0,0,0
8617,-0.5653,0,1,0,0,0,0
8618,1.4572,0,1,0,0,0,0
8619,0.0,0,1,0,0,0,0
8620,-0.4745,0,1,0,0,0,0
8621,3.7966,0,0,0,0,0,0
8622,0.5493,0,0,0,0,0,0
8623,-0.2108,0,0,0,0,0,0
8624,2.127,0,0,0,0,0,0
8625,0.4393,0,0,0,0,0,0
8626,1.2294,0,0,0,0,0,0
8627,0.8507,0,0,0,0,0,0
8628,0.7443,0,0,0,0,0,0
8629,0.7069,0,0,0,0,0,0
8630,0.6748,0,0,0,0,0,0
8631,0.5137,0,0,0,0,0,0
8632,1.517,0,0,0,0,0,0
8633,1.0302,0,0,0,0,0,0
8634,-1.0,0,0,0,0,0,0
8635,-0.5287,0,0,0,0,0,0
8636,0.8421,0,0,0,0,0,0
8637,-1.0,0,0,0,0,0,0
8638,-0.8709,0,0,0,0,0,0
8639,-1.0,0,0,0,0,0,0
8640,0.1741,0,0,0,0,0,0
8641,-1.0,0,0,0,0,0,0
8642,-1.0,0,0,0,0,0,0
8643,-0.5387,0,0,0,0,0,0
8644,-0.7508,0,0,0,0,0,0
8645,0.6172,0,0,0,0,0,0
8646,0.9534,0,0,0,0,0,0
8647,1.6518,0,0,0,0,0,0
8648,0.8523,0,0,0,0,0,0
8649,-0.9912,0,0,0,0,0,0
8650,0.0086,0,0,0,0,0,0
8651,-0.936,0,0,0,0,0,0
8652,-1.0,0,0,0,0,0,0
8653,-0.5612,1,0,1,0,0,0
8654,-1.0,0,0,1,0,0,0
8655,-1.0,0,0,1,0,0,0
8656,0.0814,0,0,1,0,0,0
8657,-1.0,0,0,1,0,0,0
8658,0.3052,0,0,1,0,0,0
8659,3.2933,0,0,1,0,0,0
8660,0.4457,0,0,1,0,0,0
8661,-0.0664,0,0,1,0,0,0
8662,-0.3203,0,0,0,0,0,0
8663,1.0058,0,0,0,0,0,0
8664,-0.2952,0,0,0,0,0,0
8665,1.2625,0,0,0,0,0,0
8666,0.8436,0,0,0,0,0,0
8667,-1.0,0,0,0,0,0,0
8668,-1.0,0,0,0,0,0,0
8669,-1.0,0,0,0,0,0,0
8670,-0.4444,0,0,0,0,0,0
8671,1.1263,0,0,0,0,0,0
8672,0.054,0,0,0,0,0,0
8673,0.6827,0,0,0,0,0,0
8674,0.5005,0,0,0,0,0,0
8675,-0.0445,0,0,0,0,0,0
8676,-0.0698,0,0,0,0,0,0
8677,-0.1796,0,0,0,0,0,0
8678,-0.9369,0,0,0,0,0,0
8679,-0.8623,0,0,0,0,0,0
8680,-1.0,0,0,0,0,0,0
8681,-0.737,0,0,0,0,0,0
8682,0.4878,0,0,0,0,0,0
8683,0.2174,0,0,0,0,0,0
8684,-0.7449,0,0,0,0,0,0
8685,0.7267,0,0,0,0,0,0
8686,0.8283,0,0,0,0,0,0
8687,-0.029,0,0,0,0,0,0
8688,1.9464,0,0,0,0,0,0
8689,0.2,0,0,0,0,0,0
8690,-1.0,0,0,0,0,0,0
8691,-0.7441,0,0,0,0,0,0
8692,0.3047,0,0,0,0,0,0
8693,-0.0138,0,0,0,0,0,0
8694,0.3352,1,1,0,0,0,1
8695,3.3771,0,1,0,0,0,1
8696,0.3988,0,1,0,0,0,1
8697,1.7944,0,1,0,0,0,1
8698,3.9159,0,1,0,0,0,0
8699,-0.7831,0,1,0,1,0,1
8700,1.9767,0,1,0,0,0,1
8701,1.3368,0,1,0,0,0,0
8702,0.0154,0,1,0,0,0,0
8703,0.1934,0,0,0,0,0,0
8704,-0.9609,0,0,0,0,0,0
8705,1.404,0,0,0,0,0,0
8706,4.1606,0,0,0,0,0,0
8707,2.2,0,0,0,0,0,1
8708,2.0405,0,0,0,0,0,1
8709,0.4957,0,0,0,0,0,1
8710,0.9477,0,0,0,0,0,1
8711,1.138,0,0,0,0,0,0
8712,-0.9916,0,0,0,0,0,0
8713,1.8998,0,0,0,0,0,0
8714,0.9396,0,0,0,0,0,0
8715,-1.0,0,0,0,0,0,0
8716,0.1077,0,0,0,0,0,0
8717,-0.651,0,0,0,0,0,0
8718,2.8911,0,0,0,0,0,0
8719,0.2171,0,0,0,0,0,0
8720,-1.0,0,0,0,0,0,0
8721,0.4283,0,0,0,0,0,0
8722,1.058,0,0,0,0,0,0
8723,1.175,0,0,0,0,0,0
8724,1.1466,0,0,0,0,0,0
8725,-1.0,0,0,0,0,0,0
8726,0.408,0,0,0,0,0,0
8727,1.1959,0,0,0,0,0,0
8728,1.3311,0,0,0,0,0,0
8729,1.1904,0,0,0,0,0,0
8730,-0.6921,0,0,0,0,0,0
8731,-1.0,0,0,0,0,0,0
8732,-0.0208,0,0,0,0,0,0
8733,1.3536,0,0,0,0,0,0
8734,0.6253,0,0,0,0,0,0
8735,0.5091,1,0,1,0,0,1
8736,-1.0,0,0,1,0,0,0
8737,0.3539,0,0,1,0,0,0
8738,-1.0,0,0,1,0,0,0
8739,-1.0,0,0,1,0,0,0
8740,-0.1957,0,0,1,0,0,0
8741,1.2044,0,0,1,0,0,0
8742,-0.0195,0,0,1,0,0,0
8743,0.2567,0,0,1,0,0,0
8744,0.1856,0,0,0,0,0,0
8745,-0.8885,0,0,0,0,0,0
8746,-0.3257,0,0,0,0,0,0
8747,-1.0,0,0,0,0,0,0
8748,-1.0,0,0,0,0,1,1
8749,-0.0055,0,0,0,0,1,1
8750,0.7443,0,0,0,0,0,0
8751,-0.7233,0,0,0,0,0,0
8752,1.1447,0,0,0,0,0,0
8753,2.1622,0,0,0,0,0,0
8754,3.9893,0,0,0,0,0,0
8755,-0.407,0,0,0,0,1,1
8756,-0.8386,0,0,0,0,0,0
8757,1.7049,0,0,0,0,0,0
8758,-0.4568,0,0,0,0,0,0
8759,-0.4199,0,0,0,0,0,0
8760,0.7026,0,0,0,0,0,0
8761,-0.9232,0,0,0,0,0,0
8762,0.3589,0,0,0,0,0,0
8763,0.0596,0,0,0,0,0,0
8764,0.7979,0,0,0,0,0,0
8765,-1.0,0,0,0,0,0,0
8766,-0.8857,0,0,0,0,0,0
8767,0.0061,0,0,0,0,0,0
8768,0.4894,0,0,0,0,0,0
8769,-0.6309,0,0,0,0,0,0
8770,0.2342,0,0,0,0,0,0
8771,1.4337,0,0,0,0,0,0
8772,1.815,0,0,0,0,0,0
8773,0.967,0,0,0,0,0,0
8774,-0.7162,0,0,0,0,0,0
8775,-0.805,0,0,0,0,0,0
8776,-1.0,1,0,1,0,0,0
8777,-1.0,0,0,1,0,0,0
8778,-0.6498,0,0,1,0,0,0
8779,-1.0,0,0,1,0,0,0
8780,-1.0,0,0,1,0,0,0
8781,-1.0,0,0,1,0,0,0
8782,-0.2784,0,0,1,0,0,0
8783,0.409,0,0,1,0,0,0
8784,0.6398,0,0,1,0,0,0
8785,-0.4228,0,0,0,0,0,0
8786,-1.0,0,0,0,0,0,0
8787,-0.6836,0,0,0,0,0,0
8788,-0.1136,0,0,0,0,0,0
8789,0.6085,0,0,0,0,0,0
8790,2.7833,0,0,0,0,0,0
8791,0.056,0,0,0,0,0,0
8792,-1.0,0,0,0,0,0,0
8793,-0.5333,0,0,0,0,0,0
8794,-1.0,0,0,0,0,0,0
8795,-0.2547,0,0,0,0,0,0
8796,-1.0,0,0,0,0,0,0
8797,-0.7577,0,0,0,0,0,0
8798,-1.0,0,0,0,0,0,0
8799,-0.9162,0,0,0,0,0,0
8800,-0.7333,0,0,0,0,0,0
8801,-1.0,0,0,0,0,0,0
8802,-1.0,0,0,0,0,0,0
8803,-1.0,0,0,0,0,0,0
8804,-1.0,0,0,0,0,0,0
8805,-0.8252,0,0,0,0,0,0
8806,0.8278,0,0,0,0,0,0
8807,0.0011,0,0,0,0,0,0
8808,-1.0,0,0,0,0,0,0
8809,-1.0,0,0,0,0,0,0
8810,-0.5791,0,0,0,0,0,0
8811,0.1404,0,0,0,0,0,0
8812,-1.0,0,0,0,0,0,0
8813,0.1952,0,0,0,0,0,0
8814,-0.8076,0,0,0,0,0,0
8815,0.1378,0,0,0,0,0,0
8816,1.2958,0,0,0,0,0,0
8817,1.5341,1,0,1,0,0,0
8818,3.3823,0,0,1,0,0,0
8819,2.5554,0,0,1,0,0,0
8820,6.9243,0,0,1,0,0,0
8821,2.9029,0,0,1,0,0,0
8822,3.8779,0,0,1,0,0,0
8823,2.3372,0,0,1,0,0,0
8824,0.6696,0,0,1,0,0,0
8825,2.3485,0,0,1,0,0,0
8826,3.7339,0,0,0,0,0,0
8827,0.8178,0,0,0,0,0,0
8828,0.8635,0,0,0,0,0,0
8829,-0.5116,0,0,0,0,0,0
8830,0.1671,0,0,0,0,0,0
8831,-0.3123,0,0,0,0,0,0
8832,0.8784,0,0,0,0,0,0
8833,0.3794,0,0,0,0,0,0
8834,-1.0,0,0,0,0,0,0
8835,1.1141,0,0,0,0,0,0
8836,-0.0217,0,0,0,0,0,0
8837,-1.0,0,0,0,0,0,0
8838,-0.0282,0,0,0,0,0,0
8839,2.8377,0,0,0,0,0,0
8840,-1.0,0,0,0,0,0,0
8841,-0.7729,0,0,0,0,0,0
8842,-1.0,0,0,0,0,0,0
8843,-0.415,0,0,0,0,0,0
8844,0.3066,0,0,0,0,0,0
8845,0.2495,0,0,0,0,0,0
8846,1.9159,0,0,0,0,0,0
8847,-0.1623,0,0,0,0,0,0
8848,2.5578,0,0,0,0,0,0
8849,-1.0,0,0,0,0,0,0
8850,-0.9788,0,0,0,0,0,0
8851,0.3389,0,0,0,0,0,0
8852,0.7183,0,0,0,0,0,0
8853,-1.0,0,0,0,0,0,0
8854,-0.386,0,0,0,0,0,0
8855,1.1505,0,0,0,0,0,0
8856,6.5108,0,0,0,0,0,0
8857,1.6878,0,0,0,0,0,0
8858,4.3713,1,1,0,0,0,0
8859,2.9598,0,1,0,0,0,0
8860,1.7399,0,1,0,0,0,0
8861,3.0724,0,1,0,0,0,0
8862,2.3491,0,1,0,0,0,0
8863,3.5929,0,1,0,0,0,0
8864,1.5,0,1,0,0,0,0
8865,-1.0,0,1,0,0,0,0
8866,-1.0,0,1,0,0,0,0
8867,0.4599,0,0,0,0,0,0
8868,-0.4342,0,0,0,0,0,0
8869,-0.6174,0,0,0,0,0,0
8870,-1.0,0,0,0,0,0,0
8871,-0.7706,0,0,0,0,0,0
8872,-1.0,0,0,0,0,0,0
8873,-1.0,0,0,0,0,0,0
8874,-1.0,0,0,0,0,0,0
8875,-0.8256,0,0,0,0,0,0
8876,0.4073,0,0,0,0,0,0
8877,1.0706,0,0,0,0,0,0
8878,-0.7646,0,0,0,0,0,0
8879,0.6351,0,0,0,0,0,0
8880,0.2198,0,0,0,0,0,0
8881,0.5153,0,0,0,0,0,0
8882,1.614,0,0,0,0,0,0
8883,-1.0,0,0,0,0,0,0
8884,5.4376,0,0,0,0,0,0
8885,0.2669,0,0,0,0,0,0
8886,-0.8567,0,0,0,0,0,0
8887,-0.1231,0,0,0,0,0,0
8888,0.577,0,0,0,0,0,0
8889,1.7433,0,0,0,0,0,0
8890,0.8411,0,0,0,0,0,0
8891,0.6288,0,0,0,0,0,0
8892,1.542,0,0,0,0,0,0
8893,3.7861,0,0,0,0,0,0
8894,1.111,0,0,0,0,0,0
8895,-1.0,0,0,0,0,0,0
8896,-1.0,0,0,0,0,0,0
8897,-1.0,0,0,0,0,0,0
8898,-0.858,0,0,0,0,0,0
8899,-0.1752,1,0,1,0,0,0
8900,-0.8487,0,0,1,0,0,0
8901,-0.0304,0,0,1,0,0,0
8902,-1.0,0,0,1,0,0,0
8903,-0.9683,0,0,1,0,0,0
8904,-1.0,0,0,1,0,0,0
8905,1.5328,0,0,1,0,0,0
8906,4.0533,0,0,1,0,0,0
8907,1.5742,0,0,1,0,1,1
8908,1.8688,0,0,0,0,1,1
8909,0.907,0,0,0,0,1,1
8910,-0.991,0,0,0,0,1,1
8911,1.1555,0,0,0,0,1,1
8912,1.8875,0,0,0,0,0,0
8913,1.9247,0,0,0,0,0,0
8914,1.5107,0,0,0,0,0,0
8915,-1.0,0,0,0,0,0,0
8916,1.2135,0,0,0,0,0,0
8917,-1.0,0,0,0,0,0,0
8918,-0.2246,0,0,0,0,0,0
8919,0.9753,0,0,0,0,0,0
8920,1.2306,0,0,0,0,0,0
8921,-0.0829,0,0,0,0,0,0
8922,0.2501,0,0,0,0,0,0
8923,1.4834,0,0,0,0,0,0
8924,1.1236,0,0,0,0,0,0
8925,-1.0,0,0,0,0,0,0
8926,0.2481,0,0,0,0,0,0
8927,2.869,0,0,0,0,0,0
8928,0.2128,0,0,0,0,0,0
8929,0.2258,0,0,0,0,0,0
8930,1.8231,0,0,0,0,0,0
8931,-0.5065,0,0,0,0,0,0
8932,0.1304,0,0,0,0,0,0
8933,-1.0,0,0,0,0,0,0
8934,-1.0,0,0,0,0,0,0
8935,-0.1393,0,0,0,0,0,0
8936,0.328,0,0,0,0,0,0
8937,-1.0,0,0,0,0,0,0
8938,1.6914,0,0,0,0,0,0
8939,-0.3618,0,0,0,0,0,0
8940,0.2726,1,1,0,0,0,0
8941,-1.0,0,1,0,0,0,0
8942,-0.3346,0,1,0,0,0,0
8943,-1.0,0,1,0,0,0,0
8944,-0.9034,0,1,0,0,0,0
8945,-0.6902,0,1,0,0,0,0
8946,-1.0,0,1,0,0,0,0
8947,-0.9665,0,1,0,0,0,0
8948,-0.3886,0,1,0,0,0,0
8949,0.3909,0,0,0,0,0,0
8950,-0.7961,0,0,0,0,0,0
8951,0.2551,0,0,0,0,0,0
8952,-0.6495,0,0,0,0,0,0
8953,0.1447,0,0,0,0,0,0
8954,-0.4191,0,0,0,0,0,0
8955,0.3482,0,0,0,0,0,0
8956,0.0,0,0,0,0,0,0
8957,-0.3641,0,0,0,0,0,0
8958,0.3537,0,0,0,0,0,0
8959,0.1825,0,0,0,0,0,0
8960,0.0877,0,0,0,0,0,0
8961,-0.2362,0,0,0,0,0,0
8962,-0.7144,0,0,0,0,0,0
8963,0.4613,0,0,0,0,0,0
8964,-0.0614,0,0,0,0,0,0
8965,-1.0,0,0,0,0,0,0
8966,0.0,0,0,0,0,0,0
8967,1.0898,0,0,0,0,0,0
8968,-1.0,0,0,0,0,0,0
8969,0.7123,0,0,0,0,0,0
8970,-0.433,0,0,0,0,0,0
8971,0.6183,0,0,0,0,0,0
8972,-1.0,0,0,0,0,0,0
8973,-0.1881,0,0,0,0,0,0
8974,0.9146,0,0,0,0,0,0
8975,0.5049,0,0,0,0,0,0
8976,-1.0,0,0,0,0,0,0
8977,-0.4943,0,0,0,0,0,0
8978,-0.4154,0,0,0,0,0,0
8979,1.3319,0,0,0,0,0,0
8980,-0.961,0,0,0,0,0,0
8981,-1.0,1,0,1,0,0,0
8982,-0.1842,0,0,1,0,0,0
8983,0.766,0,0,1,0,0,0
8984,-0.0687,0,0,1,0,0,0
8985,-1.0,0,0,1,0,0,0
8986,-0.5217,0,0,1,0,0,0
8987,0.2009,0,0,1,0,0,0
8988,-1.0,0,0,1,0,0,0
8989,-1.0,0,0,1,0,0,0
8990,-0.5095,0,0,0,0,0,0
8991,-1.0,0,0,0,0,0,0
8992,0.8776,0,0,0,0,0,0
8993,-0.2984,0,0,0,0,0,0
8994,-1.0,0,0,0,0,0,0
8995,-1.0,0,0,0,0,0,0
8996,0.361,0,0,0,0,0,0
8997,-1.0,0,0,0,0,0,0
8998,-0.5701,0,0,0,0,0,0
8999,-0.4628,0,0,0,0,0,0
9000,0.0493,0,0,0,0,0,0
9001,0.4121,0,0,0,0,0,0
9002,1.0556,0,0,0,0,0,0
9003,-1.0,0,0,0,0,0,0
9004,-0.112,0,0,0,0,0,0
9005,0.825,0,0,0,0,0,0
9006,0.0,0,0,0,0,0,0
9007,-1.0,0,0,0,0,0,0
9008,-0.1545,0,0,0,0,0,0
9009,-1.0,0,0,0,0,0,0
9010,0.5282,0,0,0,0,0,0
9011,0.4181,0,0,0,0,0,0
9012,-0.988,0,0,0,0,0,0
9013,2.199,0,0,0,0,0,0
9014,-0.2569,0,0,0,0,0,0
9015,0.4985,0,0,0,0,0,0
9016,0.4576,0,0,0,0,0,0
9017,-0.9961,0,0,0,0,0,0
9018,1.636,0,0,0,0,0,0
9019,2.6654,0,0,0,0,0,0
9020,-1.0,0,0,0,0,0,0
9021,-0.9477,0,0,0,0,0,0
9022,-1.0,1,1,0,0,0,0
9023,-1.0,0,1,0,0,0,0
9024,-1.0,0,1,0,0,0,0
9025,2.9339,0,1,0,0,0,0
9026,2.403,0,1,0,0,0,0
9027,4.842,0,1,0,0,0,0
9028,2.5725,0,1,0,0,0,0
9029,-0.1217,0,1,0,0,0,0
9030,1.2303,0,1,0,0,0,0
9031,-1.0,0,0,0,0,0,0
9032,0.4834,0,0,0,0,0,0
9033,0.5491,0,0,0,0,0,0
9034,1.8717,0,0,0,0,0,0
9035,-1.0,0,0,0,0,0,0
9036,2.7316,0,0,0,0,0,0
9037,-0.7721,0,0,0,0,0,0
9038,3.0407,0,0,0,0,0,0
9039,-0.1617,0,0,0,0,0,0
9040,2.1464,0,0,0,0,0,0
9041,0.0733,0,0,0,0,0,0
9042,-0.6055,0,0,0,0,0,0
9043,-0.0972,0,0,0,0,0,0
9044,-1.0,0,0,0,0,0,0
9045,-1.0,0,0,0,0,0,0
9046,-1.0,0,0,0,0,0,0
9047,-0.7932,0,0,0,0,0,0
9048,3.2201,0,0,0,0,0,0
9049,-1.0,0,0,0,0,0,0
9050,3.0244,0,0,0,0,0,0
9051,0.707,0,0,0,0,0,0
9052,-0.4856,0,0,0,0,0,0
9053,1.2742,0,0,0,0,0,0
9054,2.4277,0,0,0,0,0,0
9055,-0.702,0,0,0,0,0,0
9056,2.3978,0,0,0,0,0,0
9057,1.2141,0,0,0,0,0,0
9058,-0.2308,0,0,0,0,0,0
9059,1.4265,0,0,0,0,0,0
9060,-0.0113,0,0,0,0,0,0
9061,-0.8797,0,0,0,0,0,0
9062,-0.8394,0,0,0,0,0,0
9063,-0.5855,1,1,0,0,0,0
9064,-0.4676,0,1,0,0,0,0
9065,5.6784,0,1,0,0,0,0
9066,-1.0,0,1,0,0,0,0
9067,1.7079,0,1,0,0,0,1
9068,4.1662,0,1,0,1,0,1
9069,3.9371,0,1,0,0,0,1
9070,3.7042,0,1,0,0,0,1
9071,2.3473,0,1,0,0,0,1
9072,3.3541,0,0,0,0,0,1
9073,4.3281,0,0,0,0,0,1
9074,6.0576,0,0,0,0,0,0
9075,2.8951,0,0,0,0,0,0
9076,-1.0,0,0,0,0,0,0
9077,-1.0,0,0,0,0,0,0
9078,0.7731,0,0,0,0,0,0
9079,1.9474,0,0,0,0,0,0
9080,1.5479,0,0,0,0,0,0
9081,4.0765,0,0,0,0,0,0
9082,7.3094,0,0,0,0,0,0
9083,2.1261,0,0,0,0,0,0
9084,-0.0134,0,0,0,0,0,0
9085,0.4905,0,0,0,0,0,0
9086,1.0181,0,0,0,0,0,0
9087,-0.6707,0,0,0,0,0,0
9088,-1.0,0,0,0,0,0,0
9089,-0.0444,0,0,0,0,0,0
9090,-0.4243,0,0,0,0,0,0
9091,-1.0,0,0,0,0,0,0
9092,-0.4715,0,0,0,0,0,0
9093,-1.0,0,0,0,0,0,0
9094,-1.0,0,0,0,0,0,0
9095,-1.0,0,0,0,0,0,0
9096,-0.2496,0,0,0,0,0,0
9097,0.1028,0,0,0,0,0,0
9098,0.7648,0,0,0,0,0,0
9099,-1.0,0,0,0,0,0,0
9100,-1.0,0,0,0,0,0,0
9101,-0.9944,0,0,0,0,0,0
9102,4.0621,0,0,0,0,0,0
9103,0.5344,0,0,0,0,0,0
9104,-1.0,1,1,0,0,0,0
9105,1.3957,0,1,0,0,0,0
9106,2.993,0,1,0,0,0,0
9107,0.8533,0,1,0,0,0,0
9108,-0.5512,0,1,0,0,0,0
9109,1.4302,0,1,0,0,0,0
9110,-1.0,0,1,0,0,0,0
9111,-1.0,0,1,0,0,0,0
9112,-1.0,0,1,0,0,0,0
9113,-1.0,0,0,0,0,0,0
9114,-0.7302,0,0,0,0,0,0
9115,-0.3062,0,0,0,0,0,0
9116,1.2924,0,0,0,0,0,0
9117,0.5802,0,0,0,0,0,0
9118,2.9506,0,0,0,0,0,0
9119,0.6803,0,0,0,0,0,0
9120,-0.6378,0,0,0,0,0,0
9121,-1.0,0,0,0,0,0,0
9122,1.3098,0,0,0,0,0,0
9123,-1.0,0,0,0,0,0,0
9124,-1.0,0,0,0,0,0,0
9125,-0.7169,0,0,0,0,0,0
9126,2.2786,0,0,0,0,0,0
9127,3.9154,0,0,0,0,0,0
9128,0.8712,0,0,0,0,0,0
9129,-1.0,0,0,0,0,0,0
9130,-1.0,0,0,0,0,0,0
9131,-1.0,0,0,0,0,0,0
9132,-1.0,0,0,0,0,0,0
9133,-1.0,0,0,0,0,0,0
9134,-1.0,0,0,0,0,0,0
9135,-1.0,0,0,0,0,0,0
9136,-1.0,0,0,0,0,0,0
9137,-1.0,0,0,0,0,0,0
9138,2.3854,0,0,0,0,0,0
9139,-0.1609,0,0,0,0,0,0
9140,0.7102,0,0,0,0,0,0
9141,0.7769,0,0,0,0,0,0
9142,1.1351,0,0,0,0,0,0
9143,-1.0,0,0,0,0,0,0
9144,-0.3793,0,0,0,0,0,0
9145,2.0768,1,0,1,0,0,0
9146,-1.0,0,0,1,0,0,0
9147,1.7961,0,0,1,0,0,0
9148,2.5795,0,0,1,0,0,0
9149,-0.3964,0,0,1,0,0,0
9150,-0.1827,0,0,1,0,0,0
9151,2.9218,0,0,1,0,0,0
9152,-1.0,0,0,1,0,0,0
9153,1.5707,0,0,1,0,0,0
9154,0.6674,0,0,0,0,0,0
9155,4.1257,0,0,0,0,0,0
9156,1.2374,0,0,0,0,0,0
9157,3.2242,0,0,0,0,0,0
9158,-1.0,0,0,0,0,0,0
9159,-0.6749,0,0,0,0,0,0
9160,-1.0,0,0,0,0,0,0
9161,-1.0,0,0,0,0,0,0
9162,2.8116,0,0,0,0,0,0
9163,-1.0,0,0,0,0,0,0
9164,-1.0,0,0,0,0,0,0
9165,-1.0,0,0,0,0,0,0
9166,-1.0,0,0,0,0,0,0
9167,-1.0,0,0,0,0,0,0
9168,-1.0,0,0,0,0,0,0
9169,-1.0,0,0,0,0,0,0
9170,-1.0,0,0,0,0,0,0
9171,-1.0,0,0,0,0,0,0
9172,0.6066,0,0,0,0,0,0
9173,-0.4579,0,0,0,0,0,0
9174,-1.0,0,0,0,0,0,0
9175,0.3988,0,0,0,0,0,0
9176,-1.0,0,0,0,0,0,0
9177,-0.6872,0,0,0,0,0,0
9178,2.657,0,0,0,0,0,0
9179,0.4616,0,0,0,0,0,0
9180,1.5361,0,0,0,0,0,0
9181,-1.0,0,0,0,0,0,0
9182,2.2341,0,0,0,0,0,0
9183,0.5275,0,0,0,0,0,0
9184,6.4873,0,0,0,0,0,0
9185,4.9387,0,0,0,0,0,0
9186,0.8178,1,1,0,0,0,0
9187,2.2314,0,1,0,0,0,0
9188,-0.7201,0,1,0,0,0,0
9189,1.5195,0,1,0,0,0,0
9190,-1.0,0,1,0,0,0,0
9191,2.5119,0,1,0,1,0,1
9192,3.9259,0,1,0,0,0,1
9193,3.5112,0,1,0,0,0,1
9194,5.9727,0,1,0,0,0,0
9195,6.3823,0,0,0,0,0,0
9196,0.4947,0,0,0,0,0,0
9197,-1.0,0,0,0,0,0,0
9198,-1.0,0,0,0,0,0,0
9199,-1.0,0,0,0,0,0,0
9200,0.5873,0,0,0,0,0,0
9201,-0.6854,0,0,0,0,0,0
9202,2.3354,0,0,0,0,0,0
9203,-1.0,0,0,0,0,0,0
9204,5.2831,0,0,0,0,0,0
9205,-1.0,0,0,0,0,0,0
9206,-1.0,0,0,0,0,0,0
9207,-0.2925,0,0,0,0,0,0
9208,-0.5731,0,0,0,0,0,0
9209,-0.3249,0,0,0,0,0,0
9210,-0.5205,0,0,0,0,0,0
9211,2.8719,0,0,0,0,0,0
9212,-1.0,0,0,0,0,0,0
9213,-1.0,0,0,0,0,0,0
9214,-0.2582,0,0,0,0,0,0
9215,-1.0,0,0,0,0,0,0
9216,4.7531,0,0,0,0,0,0
9217,-1.0,0,0,0,0,0,0
9218,-1.0,0,0,0,0,0,0
9219,4.3457,0,0,0,0,0,0
9220,-1.0,0,0,0,0,0,0
9221,0.6687,0,0,0,0,0,0
9222,2.745,0,0,0,0,0,0
9223,1.7526,0,0,0,0,0,0
9224,-1.0,0,0,0,0,0,0
9225,0.7369,0,0,0,0,0,0
9226,-0.9398,0,0,0,0,0,0
9227,3.574,1,1,0,0,0,0
9228,2.8869,0,1,0,0,0,0
9229,0.0516,0,1,0,0,0,0
9230,-1.0,0,1,0,0,0,0
9231,4.8307,0,1,0,0,0,0
9232,-0.527,0,1,0,0,0,0
9233,2.0596,0,1,0,0,0,0
9234,-0.1853,0,1,0,0,0,0
9235,0.5692,0,1,0,0,0,0
9236,3.5417,0,0,0,0,0,0
9237,0.3722,0,0,0,0,0,0
9238,1.805,0,0,0,0,0,0
9239,-1.0,0,0,0,0,0,0
9240,0.2788,0,0,0,0,0,0
9241,1.6657,0,0,0,0,0,0
9242,0.8564,0,0,0,0,0,0
9243,0.5777,0,0,0,0,0,0
9244,1.3002,0,0,0,0,0,0
9245,-0.8286,0,0,0,0,0,0
9246,-0.9496,0,0,0,0,0,0
9247,0.4564,0,0,0,0,0,0
9248,1.6629,0,0,0,0,0,0
9249,-1.0,0,0,0,0,0,0
9250,-1.0,0,0,0,0,0,0
9251,-0.7627,0,0,0,0,0,0
9252,0.5908,0,0,0,0,0,0
9253,-1.0,0,0,0,0,0,0
9254,0.4083,0,0,0,0,0,0
9255,0.0,0,0,0,0,0,0
9256,1.7157,0,0,0,0,0,0
9257,1.0309,0,0,0,0,0,0
9258,-0.4662,0,0,0,0,0,0
9259,-0.2876,0,0,0,0,0,0
9260,-1.0,0,0,0,0,0,0
9261,0.3628,0,0,0,0,0,0
9262,1.4258,0,0,0,0,0,0
9263,3.7343,0,0,0,0,0,0
9264,0.9284,0,0,0,0,0,0
9265,-0.3462,0,0,0,0,0,0
9266,0.6621,0,0,0,0,0,0
9267,0.5032,0,0,0,0,0,0
9268,0.5888,1,0,1,0,0,0
9269,-0.9818,0,0,1,0,0,0
9270,-0.9006,0,0,1,0,0,0
9271,-1.0,0,0,1,0,0,0
9272,-1.0,0,0,1,0,0,0
9273,0.465,0,0,1,0,0,0
9274,-1.0,0,0,1,0,0,0
9275,1.213,0,0,1,0,0,0
9276,1.0328,0,0,1,0,0,0
9277,-1.0,0,0,0,0,0,0
9278,0.955,0,0,0,0,0,0
9279,1.3098,0,0,0,0,0,0
9280,0.0319,0,0,0,0,0,0
9281,0.9839,0,0,0,0,0,0
9282,-1.0,0,0,0,0,0,0
9283,0.7507,0,0,0,0,0,0
9284,0.6141,0,0,0,0,0,0
9285,-1.0,0,0,0,0,0,0
9286,-1.0,0,0,0,0,0,0
9287,-0.796,0,0,0,0,0,0
9288,-0.4956,0,0,0,0,0,0
9289,-0.1543,0,0,0,0,0,0
9290,-1.0,0,0,0,0,0,0
9291,-0.3565,0,0,0,0,0,0
9292,0.5687,0,0,0,0,0,0
9293,-1.0,0,0,0,0,0,0
9294,-0.8477,0,0,0,0,0,0
9295,-1.0,0,0,0,0,0,0
9296,-0.6726,0,0,0,0,0,0
9297,-1.0,0,0,0,0,0,0
9298,0.2974,0,0,0,0,0,0
9299,1.1194,0,0,0,0,0,0
9300,0.3171,0,0,0,0,0,0
9301,-1.0,0,0,0,0,0,0
9302,-1.0,0,0,0,0,0,0
9303,-1.0,0,0,0,0,0,0
9304,-1.0,0,0,0,0,0,0
9305,0.3549,0,0,0,0,0,0
9306,2.31,0,0,0,0,0,0
9307,-1.0,0,0,0,0,0,0
9308,0.3219,0,0,0,0,0,0
9309,0.1814,1,1,0,0,0,0
9310,-0.2854,0,1,0,0,0,0
9311,-0.9445,0,1,0,0,0,0
9312,-1.0,0,1,0,0,0,0
9313,-0.0356,0,1,0,0,0,0
9314,2.241,0,1,0,0,0,0
9315,2.042,0,1,0,0,0,0
9316,-0.4659,0,1,0,0,0,0
9317,-0.366,0,1,0,0,0,0
9318,-1.0,0,0,0,0,0,0
9319,1.1191,0,0,0,1,0,1
9320,2.8893,0,0,0,0,0,1
9321,2.0401,0,0,0,0,0,1
9322,-0.2656,0,0,0,0,0,1
9323,3.1718,0,0,0,0,0,1
9324,3.083,0,0,0,0,0,1
9325,1.2661,0,0,0,0,0,1
9326,4.7705,0,0,0,0,0,0
9327,-0.4557,0,0,0,0,0,0
9328,4.1387,0,0,0,0,0,0
9329,0.2063,0,0,0,0,0,0
9330,2.7636,0,0,0,0,0,0
9331,0.5471,0,0,0,0,0,0
9332,0.4173,0,0,0,0,0,0
9333,0.0,0,0,0,0,0,0
9334,-1.0,0,0,0,0,0,0
9335,2.373,0,0,0,0,0,0
9336,-0.1187,0,0,0,0,0,0
9337,0.1339,0,0,0,0,0,0
9338,-0.6238,0,0,0,0,0,0
9339,-1.0,0,0,0,0,0,0
9340,-0.4945,0,0,0,0,0,0
9341,0.4235,0,0,0,0,0,0
9342,2.2357,0,0,0,0,0,0
9343,-0.3515,0,0,0,0,0,0
9344,0.1354,0,0,0,0,0,0
9345,-1.0,0,0,0,0,0,0
9346,-1.0,0,0,0,0,0,0
9347,-1.0,0,0,0,0,0,0
9348,-0.4312,0,0,0,0,0,0
9349,1.9455,0,0,0,0,0,0
9350,-1.0,1,0,1,0,0,0
9351,-1.0,0,0,1,0,0,0
9352,1.9846,0,0,1,0,0,0
9353,1.2547,0,0,1,0,0,0
9354,-1.0,0,0,1,0,0,0
9355,1.1591,0,0,1,0,0,0
9356,-1.0,0,0,1,0,0,0
9357,0.3552,0,0,1,0,0,0
9358,2.0071,0,0,1,0,0,0
9359,0.1865,0,0,0,0,0,0
9360,1.4218,0,0,0,0,0,0
9361,2.1559,0,0,0,0,0,0
9362,0.3304,0,0,0,0,0,0
9363,-0.0461,0,0,0,0,0,0
9364,0.7109,0,0,0,0,0,0
9365,-0.6074,0,0,0,0,0,0
9366,-1.0,0,0,0,0,0,0
9367,4.4555,0,0,0,0,0,0
9368,2.2854,0,0,0,0,0,0
9369,1.7271,0,0,0,0,0,0
9370,0.3237,0,0,0,0,0,0
9371,-0.4567,0,0,0,0,0,0
9372,3.6258,0,0,0,0,0,0
9373,-1.0,0,0,0,0,0,0
9374,-1.0,0,0,0,0,0,0
9375,-0.021,0,0,0,0,0,0
9376,-0.2553,0,0,0,0,0,0
9377,-1.0,0,0,0,0,0,0
9378,1.1258,0,0,0,0,0,0
9379,-1.0,0,0,0,0,0,0
9380,0.0426,0,0,0,0,0,0
9381,0.9459,0,0,0,0,0,0
9382,1.417,0,0,0,0,0,0
9383,0.5371,0,0,0,0,0,0
9384,-0.1844,0,0,0,0,0,0
9385,3.4411,0,0,0,0,0,0
9386,0.0937,0,0,0,0,0,0
9387,3.6479,0,0,0,0,0,0
9388,2.0085,0,0,0,0,0,0
9389,-0.8633,0,0,0,0,0,0
9390,0.1129,0,0,0,0,0,0
9391,-0.0881,1,1,0,0,0,0
9392,0.6627,0,1,0,0,0,0
9393,-0.1725,0,1,0,0,0,0
9394,-1.0,0,1,0,0,0,0
9395,-1.0,0,1,0,0,0,0
9396,-0.0435,0,1,0,0,0,0
9397,-0.9302,0,1,0,0,0,0
9398,-0.2839,0,1,0,0,0,0
9399,-1.0,0,1,0,0,0,0
9400,0.0711,0,0,0,0,0,0
9401,-0.9565,0,0,0,0,0,0
9402,0.9611,0,0,0,0,0,0
9403,0.7672,0,0,0,0,0,0
9404,0.3794,0,0,0,0,0,0
9405,0.782,0,0,0,0,0,0
9406,0.493,0,0,0,0,0,0
9407,0.1237,0,0,0,0,0,0
9408,-0.1775,0,0,0,0,0,0
9409,-0.9576,0,0,0,0,0,0
9410,2.4766,0,0,0,0,0,0
9411,0.0367,0,0,0,0,0,0
9412,0.0269,0,0,0,0,0,0
9413,-0.3173,0,0,0,0,0,0
9414,1.1166,0,0,0,0,0,0
9415,0.836,0,0,0,0,0,0
9416,1.0651,0,0,0,0,0,0
9417,0.9227,0,0,0,0,0,0
9418,0.2689,0,0,0,0,0,0
9419,1.6462,0,0,0,0,0,0
9420,3.266,0,0,0,0,0,0
9421,1.6193,0,0,0,0,0,0
9422,-1.0,0,0,0,0,0,0
9423,0.6705,0,0,0,0,0,0
9424,-0.4256,0,0,0,0,0,0
9425,0.849,0,0,0,0,0,0
9426,-1.0,0,0,0,0,0,0
9427,-0.7902,0,0,0,0,0,0
9428,0.5997,0,0,0,0,0,0
9429,2.4505,0,0,0,0,0,0
9430,-1.0,0,0,0,0,0,0
9431,-1.0,0,0,0,0,0,0
9432,0.5634,1,0,1,0,0,0
9433,-0.3321,0,0,1,0,0,0
9434,-0.277,0,0,1,0,0,0
9435,-0.1633,0,0,1,0,0,0
9436,-1.0,0,0,1,0,0,0
9437,0.4416,0,0,1,0,0,0
9438,0.3208,0,0,1,0,0,0
9439,-0.1046,0,0,1,0,0,0
9440,-1.0,0,0,1,0,0,0
9441,0.6661,0,0,0,0,0,0
9442,-0.0147,0,0,0,0,0,0
9443,1.5927,0,0,0,0,0,0
9444,1.3549,0,0,0,0,0,0
9445,2.1684,0,0,0,0,1,1
9446,2.3998,0,0,0,0,1,1
9447,0.5053,0,0,0,0,0,0
9448,0.2247,0,0,0,0,0,0
9449,1.1775,0,0,0,0,0,0
9450,0.3244,0,0,0,0,0,0
9451,-0.1804,0,0,0,0,0,0
9452,-1.0,0,0,0,0,0,0
9453,-1.0,0,0,0,0,0,0
9454,0.115,0,0,0,0,0,0
9455,1.5657,0,0,0,0,0,0
9456,-0.279,0,0,0,0,0,0
9457,2.8931,0,0,0,0,0,0
9458,0.5239,0,0,0,0,0,0
9459,0.7683,0,0,0,0,0,0
9460,-0.1601,0,0,0,0,0,0
9461,1.2365,0,0,0,0,0,0
9462,1.117,0,0,0,0,0,0
9463,5.717,0,0,0,0,0,0
9464,2.3387,0,0,0,0,0,0
9465,1.7119,0,0,0,0,0,0
9466,1.0133,0,0,0,0,0,0
9467,0.2572,0,0,0,0,0,0
9468,0.7208,0,0,0,0,0,0
9469,-0.2819,0,0,0,0,0,0
9470,0.9954,0,0,0,0,0,0
9471,-1.0,0,0,0,0,0,0
9472,-1.0,0,0,0,0,0,0
9473,-1.0,1,1,0,0,0,0
9474,-1.0,0,1,0,0,0,0
9475,-0.9113,0,1,0,0,0,0
9476,0.2165,0,1,0,0,0,0
9477,-1.0,0,1,0,0,0,0
9478,-1.0,0,1,0,0,0,0
9479,-0.4977,0,1,0,0,0,0
9480,-1.0,0,1,0,0,0,0
9481,-0.6209,0,1,0,0,0,0
9482,-1.0,0,0,0,0,0,0
9483,-1.0,0,0,0,0,0,0
9484,-0.7026,0,0,0,0,0,0
9485,-1.0,0,0,0,0,0,0
9486,-0.6959,0,0,0,0,0,0
9487,0.9301,0,0,0,0,0,0
9488,-1.0,0,0,0,0,0,0
9489,-0.5035,0,0,0,0,0,0
9490,1.6743,0,0,0,0,0,0
9491,-0.2332,0,0,0,0,0,0
9492,-1.0,0,0,0,0,0,0
9493,-1.0,0,0,0,0,0,0
9494,1.2393,0,0,0,0,0,0
9495,-1.0,0,0,0,0,0,0
9496,0.0,0,0,0,0,0,0
9497,0.0,0,0,0,0,0,0
9498,0.8397,0,0,0,0,0,0
9499,-0.9348,0,0,0,0,0,0
9500,0.0645,0,0,0,0,0,0
9501,-1.0,0,0,0,0,0,0
9502,-1.0,0,0,0,0,0,0
9503,0.0573,0,0,0,0,0,0
9504,0.1994,0,0,0,0,0,0
9505,-0.536,0,0,0,0,0,0
9506,0.1492,0,0,0,0,0,0
9507,-1.0,0,0,0,0,0,0
9508,0.3768,0,0,0,0,0,0
9509,0.9152,0,0,0,0,0,0
9510,-0.6626,0,0,0,0,0,0
9511,-1.0,0,0,0,0,0,0
9512,-0.5892,0,0,0,0,0,0
9513,-1.0,0,0,0,0,0,0
9514,2.456,1,0,1,0,0,0
9515,-0.1035,0,0,1,0,0,0
9516,0.1504,0,0,1,0,0,0
9517,-1.0,0,0,1,0,0,0
9518,-0.5018,0,0,1,0,0,0
9519,0.73,0,0,1,0,0,0
9520,0.2825,0,0,1,0,0,0
9521,-0.001,0,0,1,0,0,0
9522,-0.5502,0,0,1,0,0,0
9523,-1.0,0,0,0,0,0,0
9524,-1.0,0,0,0,0,0,0
9525,-1.0,0,0,0,0,0,0
9526,0.1137,0,0,0,0,0,0
9527,-1.0,0,0,0,0,0,0
9528,-0.4086,0,0,0,0,0,0
9529,-0.7148,0,0,0,0,0,0
9530,-0.4471,0,0,0,0,0,0
9531,-0.4551,0,0,0,0,0,0
9532,-1.0,0,0,0,0,0,0
9533,-1.0,0,0,0,0,0,0
9534,-0.9303,0,0,0,0,0,0
9535,-0.62,0,0,0,0,0,0
9536,0.2766,0,0,0,0,0,0
9537,-1.0,0,0,0,0,0,0
9538,0.4654,0,0,0,0,0,0
9539,0.4133,0,0,0,0,0,0
9540,-1.0,0,0,0,0,0,0
9541,-0.9714,0,0,0,0,0,0
9542,1.6488,0,0,0,0,0,0
9543,1.6019,0,0,0,0,0,0
9544,-1.0,0,0,0,0,0,0
9545,-1.0,0,0,0,0,0,0
9546,2.279,0,0,0,0,0,0
9547,-1.0,0,0,0,0,0,0
9548,-0.7334,0,0,0,0,0,0
9549,-1.0,0,0,0,0,0,0
9550,0.0353,0,0,0,0,0,0
9551,0.7871,0,0,0,0,0,0
9552,2.9187,0,0,0,0,0,0
9553,2.2551,0,0,0,0,0,0
9554,-1.0,0,0,0,0,0,0
9555,0.8694,1,0,1,0,0,0
9556,-1.0,0,0,1,0,0,0
9557,3.2992,0,0,1,0,0,0
9558,-1.0,0,0,1,0,0,0
9559,0.5892,0,0,1,0,0,0
9560,2.2925,0,0,1,0,0,0
9561,1.3288,0,0,1,0,0,0
9562,0.9825,0,0,1,0,0,0
9563,0.6735,0,0,1,0,0,0
9564,2.3507,0,0,0,0,0,0
9565,-1.0,0,0,0,0,0,0
9566,0.9213,0,0,0,0,0,0
9567,-0.8073,0,0,0,0,0,0
9568,-0.2972,0,0,0,0,0,0
9569,2.425,0,0,0,0,0,0
9570,-0.3686,0,0,0,0,0,0
9571,-1.0,0,0,0,0,0,0
9572,0.8685,0,0,0,0,0,0
9573,-1.0,0,0,0,0,0,0
9574,-0.6366,0,0,0,0,0,0
9575,-0.2799,0,0,0,0,0,0
9576,-0.3073,0,0,0,0,0,0
9577,3.9319,0,0,0,0,0,0
9578,-0.2096,0,0,0,0,0,0
9579,7.4062,0,0,0,0,0,0
9580,-1.0,0,0,0,0,0,0
9581,2.5089,0,0,0,0,0,0
9582,-0.7491,0,0,0,0,0,0
9583,1.1257,0,0,0,0,0,0
9584,-1.0,0,0,0,0,0,0
9585,-0.1417,0,0,0,0,0,0
9586,-1.0,0,0,0,0,0,0
9587,-0.9099,0,0,0,0,0,0
9588,-1.0,0,0,0,0,0,0
9589,-1.0,0,0,0,0,0,0
9590,-1.0,0,0,0,0,0,0
9591,-1.0,0,0,0,0,0,0
9592,7.1342,0,0,0,0,0,0
9593,0.7221,0,0,0,0,0,0
9594,-1.0,0,0,0,0,0,0
9595,-0.7972,0,0,0,0,0,0
9596,0.0453,1,0,1,0,0,0
9597,-1.0,0,0,1,0,0,0
9598,-1.0,0,0,1,0,0,0
9599,5.664,0,0,1,0,0,0
9600,-0.7198,0,0,1,0,0,0
9601,6.2524,0,0,1,0,0,0
9602,-1.0,0,0,1,0,0,0
9603,0.632,0,0,1,0,0,0
9604,5.0698,0,0,1,0,0,0
9605,-1.0,0,0,0,0,0,0
9606,1.5956,0,0,0,0,0,0
9607,-1.0,0,0,0,0,0,0
9608,-1.0,0,0,0,0,0,0
9609,0.3361,0,0,0,0,0,0
9610,-1.0,0,0,0,0,0,0
9611,4.6835,0,0,0,0,0,0
9612,-1.0,0,0,0,0,0,0
9613,0.7119,0,0,0,0,0,0
9614,0.2947,0,0,0,0,0,0
9615,5.2126,0,0,0,0,0,0
9616,0.9754,0,0,0,0,0,0
9617,1.1675,0,0,0,0,0,0
9618,-1.0,0,0,0,0,0,0
9619,-0.5235,0,0,0,0,0,0
9620,-0.2643,0,0,0,0,0,0
9621,-1.0,0,0,0,0,0,0
9622,5.1318,0,0,0,0,0,0
9623,-1.0,0,0,0,0,0,0
9624,-1.0,0,0,0,0,0,0
9625,-1.0,0,0,0,0,0,0
9626,-0.98,0,0,0,0,0,0
9627,1.0038,0,0,0,0,0,0
9628,7.3434,0,0,0,0,0,0
9629,1.6981,0,0,0,0,0,0
9630,5.8421,0,0,0,0,0,0
9631,1.4334,0,0,0,0,0,0
9632,3.8512,0,0,0,0,0,0
9633,-0.4621,0,0,0,0,0,0
9634,0.3667,0,0,0,0,0,0
