Year,Date,Month,Site,Plot,Community,Crop,Plants,Flowers,Beetles,Hoverflies,Flies,Butterflies,Honeybees,SolitaryBees,Wasps,Terrestris,Lapidarius,Pascuorum,Pratorum,Hypnorum,Hortorum,Bumblebees
2017,2017-08-16,August,Camp_Site,Pete,Individual,Raspberry,3,6,0,0,0,0,0,0,0,0,0,0,0,0,0,0
2017,2017-08-16,August,Camp_Site,Pete,Individual,Rbean,50,50,0,0,0,0,0,0,0,0,0,0,0,0,0,0
2018,2018-08-14,August,Hoggs,Community_H,Community,Rbean,14,140,0,0,0,0,0,0,0,0,0,1,0,0,0,1
2018,2018-08-14,August,Hoggs,Community_H,Community,Rbean,4,28,0,0,0,0,0,0,0,0,0,0,0,0,1,1
2018,2018-08-31,August,Hoggs,Community_H,Community,Rbean,15,75,0,0,0,0,1,0,0,0,0,0,0,0,0,0
2018,2018-08-31,August,Hoggs,Community_H,Community,Rbean,10,100,0,0,0,0,2,0,1,0,0,0,0,0,0,0
2018,2018-08-31,August,Hoggs,Community_H,Community,Rbean,10,100,0,0,0,0,0,0,0,0,0,0,0,0,0,0
2018,2018-08-31,August,Hoggs,Community_H,Community,Rbean,10,100,0,0,0,0,0,0,0,0,0,0,0,0,0,0
2018,2018-08-14,August,Hoggs,Community_H,Community,Rbean,3,21,0,0,0,0,0,0,0,0,0,0,0,0,0,0
2018,2018-08-14,August,Hoggs,Community_H,Community,Rbean,6,60,0,0,0,0,0,0,0,0,0,0,0,0,0,0
2018,2018-08-14,August,Hoggs,Community_H,Community,Rbean,6,60,0,0,0,0,0,0,0,0,0,0,0,0,0,0
2018,2018-08-14,August,Hoggs,Community_H,Community,Rbean,10,100,0,0,0,0,0,0,0,1,0,0,0,0,0,1
2018,2018-08-14,August,Hoggs,Community_H,Community,Rbean,20,140,0,0,0,0,0,0,0,0,0,0,0,0,0,0
2018,2018-08-14,August,Hoggs,Community_H,Community,Rbean,20,60,0,0,0,0,0,0,0,0,1,1,0,0,0,2
2018,2018-08-14,August,Hoggs,Community_H,Community,Rbean,,60,0,0,0,0,0,0,0,1,0,0,0,0,0,1
2018,2018-04-25,April,Hoggs,Community_H,Community,Plum,1,200,0,2,0,0,0,0,0,0,0,0,0,0,0,0
2018,2018-08-31,August,Hoggs,Community_H,Community,Bbean,50,350,0,0,0,0,0,0,0,0,0,1,0,0,0,1
2018,2018-08-14,August,Hoggs,Community_H,Community,Bbean,45,180,0,0,0,0,0,0,0,0,0,0,0,0,0,0
2018,2018-08-31,August,Hoggs,Community_H,Community,Courgette,1,1,0,0,0,0,0,0,0,0,0,0,0,0,0,0
2018,2018-08-31,August,Hoggs,Community_H,Community,Courgette,1,1,0,0,0,0,0,0,0,0,0,0,0,0,0,0
2018,2018-08-31,August,Hoggs,Community_H,Community,Courgette,1,1,0,0,0,0,0,0,0,0,0,0,0,0,0,0
2018,2018-08-31,August,Hoggs,Community_H,Community,Courgette,1,1,0,0,0,0,0,0,0,0,0,0,0,0,0,0
2018,2018-08-31,August,Hoggs,Community_H,Community,Courgette,1,2,0,0,1,0,0,0,0,0,0,0,0,0,0,0
2018,2018-08-31,August,Hoggs,Community_H,Community,Courgette,3,3,0,0,0,0,0,0,0,0,0,0,0,0,0,0
2018,2018-08-14,August,Hoggs,Community_H,Community,Courgette,1,1,0,0,0,0,0,0,0,0,0,0,0,0,0,0
2018,2018-08-14,August,Hoggs,Community_H,Community,Courgette,1,1,0,0,0,0,0,0,0,0,0,0,0,0,0,0
2018,2018-08-14,August,Hoggs,Community_H,Community,Courgette,1,1,0,0,0,0,1,0,0,0,0,0,0,0,0,0
2018,2018-08-14,August,Hoggs,Community_H,Community,Courgette,1,1,0,0,0,0,0,0,0,0,0,0,0,0,0,0
2018,2018-08-14,August,Hoggs,Community_H,Community,Courgette,1,1,0,0,0,0,0,0,0,0,0,0,0,0,0,0
2018,2018-08-31,August,Hoggs,Community_H,Community,Cucumber,1,5,0,0,0,0,0,0,0,0,0,0,0,0,0,0
2018,2018-08-14,August,Hoggs,Community_H,Community,Cucumber,1,2,0,0,0,0,0,0,0,0,0,0,0,0,0,0
2018,2018-08-14,August,Hoggs,Community_H,Community,Cucumber,2,4,0,0,0,0,0,0,0,0,0,0,0,0,0,0
2018,2018-08-02,August,Hoggs,Community_H,Community,Cucumber,10,30,0,0,0,0,0,0,0,0,0,0,0,0,0,0
2018,2018-08-14,August,Hoggs,Community_H,Community,Cucumber,3,12,0,0,0,0,0,0,0,0,0,0,0,0,0,0
2018,2018-08-14,August,Hoggs,Community_H,Community,Cucumber,8,40,0,0,0,0,0,0,0,0,0,0,0,0,0,0
2018,2018-08-31,August,Hoggs,Community_H,Community,Physalis,2,60,0,0,0,0,0,0,1,0,0,3,0,0,0,3
2018,2018-08-31,August,Hoggs,Community_H,Community,Raspberry,5,20,0,0,0,0,0,0,0,1,0,0,0,0,0,1
2018,2018-08-31,August,Hoggs,Community_H,Community,Raspberry,30,60,0,0,0,0,1,2,2,0,0,2,0,0,0,2
2018,2018-08-31,August,Hoggs,Community_H,Community,Raspberry,20,80,0,0,0,0,0,0,0,0,0,2,0,0,0,2
2018,2018-08-31,August,Hoggs,Community_H,Community,Raspberry,50,100,0,0,0,0,0,0,0,0,0,3,0,0,0,3
2018,2018-08-31,August,Hoggs,Community_H,Community,Raspberry,50,200,0,0,0,0,0,0,0,0,0,3,0,0,0,3
2018,2018-08-31,August,Hoggs,Community_H,Community,Raspberry,100,400,0,0,0,0,0,0,0,0,0,2,0,0,0,2
2018,2018-08-14,August,Hoggs,Community_H,Community,Raspberry,15,30,0,0,0,0,0,0,0,0,0,0,0,0,0,0
2018,2018-08-14,August,Hoggs,Community_H,Community,Raspberry,20,40,0,0,0,0,2,1,0,1,0,1,0,0,0,2
2018,2018-08-14,August,Hoggs,Community_H,Community,Raspberry,30,60,0,0,0,0,4,0,0,2,0,2,0,0,0,4
2018,2018-08-14,August,Hoggs,Community_H,Community,Raspberry,20,60,0,0,0,0,1,0,0,0,0,2,0,0,0,2
2018,2018-08-14,August,Hoggs,Community_H,Community,Raspberry,20,80,0,0,0,0,2,0,0,0,0,1,1,0,0,2
2018,2018-08-14,August,Hoggs,Community_H,Community,Raspberry,50,100,0,0,0,0,0,0,0,1,0,1,0,0,0,2
2018,2018-08-14,August,Hoggs,Community_H,Community,Raspberry,50,100,0,0,0,0,0,0,0,0,0,0,0,0,0,0
2018,2018-08-14,August,Hoggs,Community_H,Community,Raspberry,100,200,0,0,0,0,1,0,0,0,0,1,0,0,0,1
2018,2018-08-14,August,Hoggs,Community_H,Community,Raspberry,100,400,0,0,0,0,1,0,0,0,0,1,0,4,0,5
2018,2018-08-14,August,Hoggs,Community_H,Community,Raspberry,100,400,0,0,0,0,0,0,0,1,0,0,2,0,0,3
2018,2018-08-02,August,Hoggs,Community_H,Community,Raspberry,10,20,0,0,0,0,0,0,0,0,0,0,0,0,0,0
2018,2018-08-02,August,Hoggs,Community_H,Community,Raspberry,10,30,0,0,0,0,0,0,0,0,0,1,0,0,0,1
2018,2018-08-02,August,Hoggs,Community_H,Community,Raspberry,10,40,0,0,0,0,0,0,1,0,0,0,0,0,0,0
2018,2018-08-02,August,Hoggs,Community_H,Community,Raspberry,20,40,0,0,0,0,0,0,1,0,0,0,0,0,0,0
2018,2018-08-02,August,Hoggs,Community_H,Community,Raspberry,20,80,0,0,0,0,0,0,0,1,0,1,0,0,0,2
2018,2018-08-02,August,Hoggs,Community_H,Community,Raspberry,50,200,0,0,0,0,2,0,0,0,0,2,0,0,0,2
2018,2018-08-02,August,Hoggs,Community_H,Community,Raspberry,50,200,0,0,0,0,3,0,0,0,0,0,0,0,0,0
2018,2018-08-02,August,Hoggs,Community_H,Community,Raspberry,100,300,0,0,0,0,4,0,0,1,0,1,0,0,0,2
2018,2018-08-02,August,Hoggs,Community_H,Community,Raspberry,100,400,0,0,0,0,10,0,0,1,0,2,0,0,0,3
2018,2018-08-14,August,Hoggs,Community_H,Community,Raspberry,100,200,0,0,0,0,2,0,0,0,0,2,0,0,0,2
2018,2018-08-31,August,Hoggs,Community_H,Community,Rbean,3,15,0,0,0,0,0,0,0,0,0,0,0,0,0,0
2018,2018-08-31,August,Hoggs,Community_H,Community,Rbean,5,15,0,0,0,0,0,0,0,0,0,0,0,0,0,0
2018,2018-08-31,August,Hoggs,Community_H,Community,Rbean,10,50,0,0,0,0,0,0,0,0,0,0,0,0,0,0
2018,2018-08-14,August,Hoggs,Community_H,Community,Rbean,5,15,0,0,0,0,0,0,0,0,0,0,0,0,0,0
2018,2018-08-14,August,Hoggs,Community_H,Community,Rbean,6,30,0,0,0,0,0,0,0,0,0,0,0,0,0,0
2018,2018-08-14,August,Hoggs,Community_H,Community,Rbean,12,240,0,0,0,0,2,0,0,0,0,0,0,0,0,0
2018,2018-08-02,August,Hoggs,Community_H,Community,Rbean,2,20,0,0,0,0,0,0,0,0,0,0,0,0,0,0
2018,2018-08-02,August,Hoggs,Community_H,Community,Rbean,6,30,0,0,0,0,0,0,0,0,0,0,0,0,0,0
2018,2018-08-02,August,Hoggs,Community_H,Community,Rbean,10,100,0,0,0,0,0,0,0,0,0,0,0,0,0,0
2018,2018-08-02,August,Hoggs,Community_H,Community,Rbean,20,100,0,0,0,0,0,0,0,0,0,0,0,0,0,0
2018,2018-08-02,August,Hoggs,Community_H,Community,Rbean,36,180,0,0,0,0,2,0,0,1,0,0,0,0,0,1
2018,2018-08-02,August,Hoggs,Community_H,Community,Rbean,24,240,0,0,0,0,0,0,0,1,0,1,0,0,0,2
2018,2018-08-31,August,Hoggs,Community_H,Community,Squash,1,2,0,0,0,0,0,0,0,0,0,0,0,0,0,0
2018,2018-08-31,August,Hoggs,Community_H,Community,Squash,4,4,0,0,0,0,0,0,0,0,0,0,0,0,0,0
2018,2018-08-31,August,Hoggs,Community_H,Community,Squash,2,6,0,0,0,0,0,0,1,0,0,0,0,0,0,0
2018,2018-08-31,August,Hoggs,Community_H,Community,Squash,5,10,0,0,0,0,0,0,0,0,0,0,0,0,0,0
2018,2018-08-14,August,Hoggs,Community_H,Community,Squash,1,1,0,0,0,0,0,0,0,0,0,0,0,0,0,0
2018,2018-08-14,August,Hoggs,Community_H,Community,Squash,1,1,0,0,0,0,0,0,0,1,0,0,0,0,0,1
2018,2018-08-14,August,Hoggs,Community_H,Community,Squash,1,1,0,0,0,0,0,0,0,0,0,0,0,0,0,0
2018,2018-08-14,August,Hoggs,Community_H,Community,Squash,2,2,0,0,0,0,0,0,0,0,0,0,0,0,0,0
2018,2018-08-14,August,Hoggs,Community_H,Community,Squash,2,2,0,0,0,0,0,0,0,0,0,0,0,0,0,0
2018,2018-08-14,August,Hoggs,Community_H,Community,Squash,2,3,0,0,0,0,0,0,0,0,0,0,0,0,0,0
2018,2018-08-14,August,Hoggs,Community_H,Community,Squash,4,4,0,0,0,0,0,0,0,0,0,0,0,0,0,0
2018,2018-08-14,August,Hoggs,Community_H,Community,Squash,4,4,0,0,0,0,0,0,0,0,0,0,0,0,0,0
2018,2018-08-14,August,Hoggs,Community_H,Community,Squash,5,5,0,0,0,0,0,0,0,0,0,0,0,0,0,0
2018,2018-08-14,August,Hoggs,Community_H,Community,Squash,6,6,0,0,0,0,1,0,0,0,0,0,0,0,0,0
2018,2018-08-14,August,Hoggs,Community_H,Community,Squash,6,6,0,0,0,0,5,0,0,0,0,0,0,0,0,0
2018,2018-08-14,August,Hoggs,Community_H,Community,Squash,3,8,0,0,0,0,5,0,0,1,0,0,0,0,0,1
2018,2018-08-14,August,Hoggs,Community_H,Community,Squash,15,225,0,0,0,0,0,0,0,0,0,0,0,0,0,0
2018,2018-08-31,August,Hoggs,Community_H,Community,Tomato,6,30,0,0,0,0,0,0,0,0,0,0,0,0,0,0
2018,2018-08-14,August,Hoggs,Community_H,Community,Tomato,1,10,0,0,0,0,0,0,0,0,0,0,0,0,0,0
2018,2018-08-14,August,Hoggs,Community_H,Community,Tomato,60,120,0,0,0,0,0,0,0,0,0,0,0,0,0,0
2018,2018-06-08,June,Hoggs,Community_H,Community,Blackberry,2,20,0,0,0,0,0,0,0,0,0,0,1,0,0,1
2018,2018-06-08,June,Hoggs,Community_H,Community,Blackberry,1,30,0,0,0,0,0,0,0,0,0,0,1,0,0,1
2018,2018-06-08,June,Hoggs,Community_H,Community,Blackberry,4,200,1,0,0,0,0,0,0,1,0,0,1,0,0,2
2018,2018-06-08,June,Hoggs,Community_H,Community,Blackberry,4,600,0,0,0,0,1,0,0,0,0,0,1,1,0,2
2018,2018-06-08,June,Hoggs,Community_H,Community,Bbean,10,50,0,0,0,0,0,0,0,0,0,0,0,0,0,0
2018,2018-06-08,June,Hoggs,Community_H,Community,Bbean,10,50,0,0,0,0,0,0,0,0,0,0,0,0,0,0
2018,2018-06-08,June,Hoggs,Community_H,Community,Bbean,20,100,0,0,0,0,0,0,0,1,0,0,0,0,0,1
2018,2018-06-08,June,Hoggs,Community_H,Community,Bbean,15,150,0,0,0,0,0,1,0,0,0,0,0,0,0,0
2018,2018-06-08,June,Hoggs,Community_H,Community,Bbean,15,150,0,0,0,0,0,0,0,0,0,0,0,0,0,0
2018,2018-06-08,June,Hoggs,Community_H,Community,Bbean,30,150,0,0,0,0,0,0,0,0,0,0,0,0,0,0
2018,2018-06-08,June,Hoggs,Community_H,Community,Bbean,40,400,0,0,0,0,0,0,0,1,0,2,0,0,0,3
2018,2018-06-28,June,Hoggs,Community_H,Community,Raspberry,60,120,0,0,0,0,0,0,0,0,0,0,1,0,0,1
2018,2018-06-08,June,Hoggs,Community_H,Community,Raspberry,10,30,0,0,0,0,0,0,0,0,0,0,0,0,0,0
2018,2018-06-08,June,Hoggs,Community_H,Community,Raspberry,30,30,0,0,0,0,0,0,0,0,0,0,1,0,0,1
2018,2018-06-08,June,Hoggs,Community_H,Community,Raspberry,30,60,0,0,0,0,0,0,0,0,0,0,0,0,0,0
2018,2018-06-08,June,Hoggs,Community_H,Community,Raspberry,50,100,0,0,0,0,0,0,0,0,0,0,0,0,0,0
2018,2018-06-08,June,Hoggs,Community_H,Community,Raspberry,50,150,0,0,0,0,0,0,0,0,0,0,2,1,0,3
2018,2018-06-28,June,Hoggs,Community_H,Community,Rbean,3,6,0,0,0,0,0,0,0,0,0,0,0,0,0,0
2018,2018-06-28,June,Hoggs,Community_H,Community,Rbean,12,84,0,0,0,0,0,0,0,0,0,0,0,0,0,0
2018,2018-06-08,June,Hoggs,Community_H,Community,Strawberry,3,12,0,0,0,0,0,0,0,0,0,0,0,0,0,0
2018,2018-06-08,June,Hoggs,Community_H,Community,Tomato,5,25,0,0,0,0,0,0,0,0,0,0,0,0,0,0
2018,2018-05-10,May,Hoggs,Community_H,Community,Apple,1,10,0,0,0,0,0,0,0,0,0,0,0,0,0,0
2018,2018-05-10,May,Hoggs,Community_H,Community,Apple,1,20,0,0,0,0,0,0,0,0,0,0,0,0,0,0
2018,2018-05-10,May,Hoggs,Community_H,Community,Apple,1,20,0,0,0,0,0,0,0,0,0,0,0,0,0,0
2018,2018-05-10,May,Hoggs,Community_H,Community,Apple,1,30,0,0,0,0,0,0,0,0,0,1,0,0,0,1
2018,2018-05-10,May,Hoggs,Community_H,Community,Apple,1,50,0,0,0,0,0,0,0,0,0,1,0,0,0,1
2018,2018-05-10,May,Hoggs,Community_H,Community,Apple,1,50,0,0,0,0,0,0,0,0,0,0,0,0,0,0
2018,2018-05-10,May,Hoggs,Community_H,Community,Apple,3,60,0,0,0,0,0,0,0,0,0,0,0,0,0,0
2018,2018-05-10,May,Hoggs,Community_H,Community,Apple,1,75,0,0,0,0,0,0,0,0,0,0,0,0,0,0
2018,2018-05-10,May,Hoggs,Community_H,Community,Apple,1,200,0,0,1,0,0,0,0,0,0,0,0,0,0,0
2018,2018-05-10,May,Hoggs,Community_H,Community,Apple,1,500,0,0,0,0,0,0,0,0,0,0,0,0,0,0
2018,2018-05-25,May,Hoggs,Community_H,Community,Blackberry,,30,0,0,0,0,1,0,0,0,0,0,0,0,0,0
2018,2018-05-25,May,Hoggs,Community_H,Community,Blackberry,1,20,0,0,0,0,1,0,0,0,0,0,0,0,0,0
2018,2018-05-25,May,Hoggs,Community_H,Community,Blackberry,3,150,0,0,0,0,1,0,0,0,0,0,0,0,0,0
2018,2018-05-25,May,Hoggs,Community_H,Community,Blackberry,3,225,0,0,0,0,10,0,0,0,0,0,0,0,0,0
2018,2018-05-25,May,Hoggs,Community_H,Community,Blackberry,3,300,0,1,0,0,8,0,0,0,0,0,0,0,0,0
2018,2018-05-25,May,Hoggs,Community_H,Community,Blackberry,4,600,2,0,0,0,4,0,0,0,0,0,0,0,0,0
2018,2018-05-25,May,Hoggs,Community_H,Community,Blackberry,5,1000,0,0,0,0,6,0,0,0,0,0,0,0,0,0
2018,2018-05-10,May,Hoggs,Community_H,Community,Blackberry,1,10,0,0,0,0,0,0,0,0,0,0,0,0,0,0
2018,2018-05-10,May,Hoggs,Community_H,Community,Blueberry,1,50,0,0,0,0,0,0,0,1,0,0,0,0,0,1
2018,2018-05-25,May,Hoggs,Community_H,Community,Bbean,3,9,0,0,0,0,0,0,0,0,0,0,0,0,0,0
2018,2018-05-25,May,Hoggs,Community_H,Community,Bbean,6,12,0,0,0,0,0,0,0,0,0,0,0,0,0,0
2018,2018-05-25,May,Hoggs,Community_H,Community,Bbean,7,56,0,0,0,0,0,0,0,0,0,0,0,0,0,0
2018,2018-05-25,May,Hoggs,Community_H,Community,Bbean,20,140,0,0,0,0,0,0,0,0,0,0,0,0,0,0
2018,2018-05-25,May,Hoggs,Community_H,Community,Bbean,30,150,0,0,0,0,0,0,0,0,0,1,0,0,0,1
2018,2018-05-25,May,Hoggs,Community_H,Community,Bbean,30,150,0,0,0,0,0,0,0,0,0,0,0,0,0,0
2018,2018-05-25,May,Hoggs,Community_H,Community,Bbean,40,160,0,0,0,0,0,0,0,0,0,1,0,0,0,1
2018,2018-05-25,May,Hoggs,Community_H,Community,Bbean,40,280,0,0,0,0,0,0,0,0,0,0,0,0,0,0
2018,2018-05-10,May,Hoggs,Community_H,Community,Bbean,7,49,0,0,0,0,0,0,0,0,0,0,0,0,0,0
2018,2018-05-10,May,Hoggs,Community_H,Community,Bbean,12,84,0,0,0,0,0,0,0,0,0,0,0,0,0,0
2018,2018-05-10,May,Hoggs,Community_H,Community,Bbean,20,160,0,0,0,0,0,0,0,0,0,0,0,0,0,0
2018,2018-05-10,May,Hoggs,Community_H,Community,Bbean,100,1000,0,0,0,0,0,0,0,0,0,1,0,0,0,1
2018,2018-05-10,May,Hoggs,Community_H,Community,Currant,1,100,0,0,0,0,0,0,0,0,0,0,0,0,0,0
2018,2018-05-10,May,Hoggs,Community_H,Community,Currant,6,600,0,0,0,0,0,0,0,0,0,0,1,0,0,1
2018,2018-05-25,May,Hoggs,Community_H,Community,Raspberry,3,3,0,0,0,0,0,0,0,0,0,0,0,0,0,0
2018,2018-05-25,May,Hoggs,Community_H,Community,Raspberry,5,10,0,0,0,0,0,0,0,0,0,0,0,0,0,0
2018,2018-05-25,May,Hoggs,Community_H,Community,Raspberry,8,24,0,0,0,0,1,0,0,0,0,0,0,0,0,0
2018,2018-05-25,May,Hoggs,Community_H,Community,Raspberry,8,48,0,0,0,0,0,0,0,0,0,0,0,0,0,0
2018,2018-05-25,May,Hoggs,Community_H,Community,Raspberry,20,60,0,0,0,0,0,0,0,0,0,0,1,0,0,1
2018,2018-05-25,May,Hoggs,Community_H,Community,Raspberry,25,75,0,0,0,0,7,0,0,0,0,0,0,0,0,0
2018,2018-05-25,May,Hoggs,Community_H,Community,Raspberry,12,84,0,0,0,0,4,0,0,0,0,0,0,0,0,0
2018,2018-05-25,May,Hoggs,Community_H,Community,Raspberry,15,150,0,0,1,0,1,0,0,0,0,0,0,0,0,0
2018,2018-05-25,May,Hoggs,Community_H,Community,Raspberry,30,210,0,0,0,0,0,1,0,0,0,0,1,0,0,1
2018,2018-05-25,May,Hoggs,Community_H,Community,Raspberry,30,210,0,0,0,0,10,0,0,0,0,1,0,0,0,1
2018,2018-05-25,May,Hoggs,Community_H,Community,Raspberry,40,800,0,0,0,0,3,0,0,0,0,0,0,0,0,0
2018,2018-05-25,May,Hoggs,Community_H,Community,Strawberry,5,10,0,0,0,0,0,0,0,0,0,0,0,0,0,0
2018,2018-05-25,May,Hoggs,Community_H,Community,Strawberry,3,12,0,0,0,0,0,0,1,0,0,0,0,0,0,0
2018,2018-05-25,May,Hoggs,Community_H,Community,Strawberry,7,21,0,0,0,0,0,0,0,0,0,0,0,0,0,0
2018,2018-05-25,May,Hoggs,Community_H,Community,Strawberry,9,27,0,0,0,0,0,0,0,0,0,0,0,0,0,0
2018,2018-05-25,May,Hoggs,Community_H,Community,Strawberry,20,100,2,1,1,0,0,0,0,0,0,0,0,0,0,0
2018,2018-05-25,May,Hoggs,Community_H,Community,Strawberry,25,125,0,0,2,0,0,1,0,0,0,0,0,0,0,0
2018,2018-05-25,May,Hoggs,Community_H,Community,Strawberry,60,180,0,1,0,0,0,2,0,0,0,0,0,0,0,0
2018,2018-05-10,May,Hoggs,Community_H,Community,Strawberry,5,10,0,0,0,0,0,0,0,0,0,0,0,0,0,0
2018,2018-05-10,May,Hoggs,Community_H,Community,Strawberry,4,20,0,0,0,0,0,0,0,0,0,0,0,0,0,0
2018,2018-05-10,May,Hoggs,Community_H,Community,Strawberry,15,60,0,0,0,0,0,0,0,0,0,0,0,0,0,0
2018,2018-05-10,May,Hoggs,Community_H,Community,Strawberry,20,100,0,0,0,0,0,0,0,0,0,0,0,0,0,0
2018,2018-05-10,May,Hoggs,Community_H,Community,Strawberry,60,300,0,0,0,0,0,0,0,0,0,0,0,0,0,0
2018,2018-05-25,May,Hoggs,Community_H,Community,Tomato,10,20,0,0,0,0,0,0,0,0,0,0,0,0,0,0
2018,2018-08-24,August,Keston,Christine,Individual,Rbean,4,20,0,0,0,0,0,0,0,0,0,0,0,0,0,0
2018,2018-04-26,April,Keston,Christine,Individual,Apple,1,75,0,0,0,0,0,0,0,0,0,0,0,0,0,0
2018,2018-04-26,April,Keston,Christine,Individual,Apple,1,150,0,0,0,0,0,0,0,0,0,0,0,0,0,0
2018,2018-04-26,April,Keston,Christine,Individual,Apple,1,200,0,0,0,0,0,0,0,0,0,0,0,0,0,0
2018,2018-04-26,April,Keston,Christine,Individual,Bbean,16,80,0,0,0,0,0,0,0,0,0,0,0,0,0,0
2018,2018-04-26,April,Keston,Christine,Individual,Gooseberry,2,200,0,0,0,0,0,0,0,0,0,0,0,0,0,0
2018,2018-04-26,April,Keston,Christine,Individual,Strawberry,2,4,0,0,0,0,0,0,0,0,0,0,0,0,0,0
2018,2018-08-24,August,Keston,Christine,Individual,Courgette,1,1,0,0,0,0,2,0,0,0,0,0,0,0,0,0
2018,2018-08-24,August,Keston,Christine,Individual,Courgette,1,1,0,0,0,0,0,0,0,0,0,0,0,0,0,0
2018,2018-08-24,August,Keston,Christine,Individual,Squash,2,6,0,0,0,0,0,0,0,0,0,0,0,0,0,0
2018,2018-07-26,July,Keston,Christine,Individual,Courgette,2,3,0,0,0,0,0,0,0,2,0,0,0,0,0,2
2018,2018-07-26,July,Keston,Christine,Individual,Rbean,7,70,0,0,0,0,0,0,0,0,0,1,0,0,0,1
2018,2018-07-26,July,Keston,Christine,Individual,Squash,3,5,0,0,0,0,0,0,0,0,0,0,0,0,0,0
2018,2018-06-29,June,Keston,Christine,Individual,Courgette,1,1,1,0,0,0,0,0,0,0,0,0,0,0,0,0
2018,2018-06-29,June,Keston,Christine,Individual,Courgette,2,2,1,0,0,0,0,0,0,0,0,0,0,0,0,0
2018,2018-06-29,June,Keston,Christine,Individual,Courgette,2,2,1,0,0,0,0,0,0,0,0,0,0,0,0,0
2018,2018-06-05,June,Keston,Christine,Individual,Raspberry,20,60,0,0,0,0,0,0,0,0,0,0,0,1,0,1
2018,2018-06-29,June,Keston,Christine,Individual,Squash,1,1,1,0,0,0,0,0,0,0,0,0,0,0,0,0
2018,2018-06-29,June,Keston,Christine,Individual,Squash,1,1,1,0,0,0,0,0,0,0,0,0,0,0,0,0
2018,2018-05-09,May,Keston,Christine,Individual,Apple,1,10,0,0,0,0,0,0,0,0,0,0,0,0,0,0
2018,2018-05-09,May,Keston,Christine,Individual,Apple,1,50,0,0,0,0,1,0,0,0,0,0,0,0,0,0
2018,2018-05-25,May,Keston,Christine,Individual,Bbean,8,16,0,0,0,0,0,0,0,0,0,0,0,0,0,0
2018,2018-05-25,May,Keston,Christine,Individual,Raspberry,20,140,0,0,0,0,5,0,0,0,0,0,0,0,0,0
2018,2018-09-06,September,Keston,Christine,Individual,Courgette,1,1,0,0,0,0,0,0,0,0,0,0,0,0,0,0
2018,2018-09-06,September,Keston,Christine,Individual,Courgette,1,1,0,0,0,0,0,0,0,0,0,0,0,0,0,0
2018,2018-09-06,September,Keston,Christine,Individual,Courgette,1,1,0,0,0,0,0,0,0,0,0,0,0,0,0,0
2018,2018-09-06,September,Keston,Christine,Individual,Rbean,3,9,0,0,0,0,0,0,0,0,0,0,0,0,0,0
2018,2018-09-06,September,Keston,Christine,Individual,Squash,2,2,0,0,0,0,1,0,0,0,0,0,0,0,0,0
2018,2018-08-24,August,Keston,Katherine,Individual,Rbean,4,40,0,0,0,0,0,0,0,0,0,0,0,0,0,0
2018,2018-09-06,September,Keston,Katherine,Individual,Rbean,4,12,0,0,0,0,0,0,0,0,0,0,0,0,0,0
2018,2018-08-24,August,Keston,Katherine,Individual,Courgette,1,1,0,0,0,0,0,0,0,0,0,0,0,0,0,0
2018,2018-08-24,August,Keston,Katherine,Individual,Courgette,3,3,0,0,0,0,0,0,0,1,0,0,0,0,0,1
2018,2018-08-24,August,Keston,Katherine,Individual,Raspberry,20,60,0,0,0,0,0,0,0,0,0,1,0,0,0,1
2018,2018-08-24,August,Keston,Katherine,Individual,Squash,3,6,0,0,0,0,0,0,0,0,0,0,0,0,0,0
2018,2018-08-24,August,Keston,Katherine,Individual,Squash,10,10,0,0,0,0,7,0,0,0,0,0,0,0,0,0
2018,2018-08-24,August,Keston,Katherine,Individual,Strawberry,4,16,0,0,1,0,0,0,0,0,0,0,0,0,0,0
2018,2018-07-26,July,Keston,Katherine,Individual,Courgette,1,1,1,0,0,0,0,0,0,0,0,0,0,0,0,0
2018,2018-07-26,July,Keston,Katherine,Individual,Raspberry,16,16,0,0,0,0,0,0,0,0,0,0,0,0,0,0
2018,2018-07-26,July,Keston,Katherine,Individual,Rbean,4,40,0,0,0,0,0,0,0,0,0,0,0,0,0,0
2018,2018-07-26,July,Keston,Katherine,Individual,Tomato,5,10,0,0,0,0,0,0,0,0,0,0,0,0,0,0
2018,2018-06-29,June,Keston,Katherine,Individual,Courgette,2,4,1,0,0,0,0,0,0,0,0,0,0,0,0,0
2018,2018-06-29,June,Keston,Katherine,Individual,Raspberry,20,40,0,0,0,0,0,0,0,0,0,1,0,0,0,1
2018,2018-06-29,June,Keston,Katherine,Individual,Squash,1,1,1,0,0,0,0,0,0,0,0,0,0,0,0,0
2018,2018-06-29,June,Keston,Katherine,Individual,Strawberry,4,8,0,0,0,0,0,1,0,0,0,0,0,0,0,0
2018,2018-06-29,June,Keston,Katherine,Individual,Tomato,6,30,0,0,0,0,0,0,0,0,0,0,0,0,0,0
2018,2018-05-09,May,Keston,Katherine,Individual,Apple,2,20,0,0,0,0,0,0,0,0,0,0,0,0,0,0
2018,2018-05-09,May,Keston,Katherine,Individual,Apple,1,20,0,0,0,0,0,0,0,0,0,0,0,0,0,0
2018,2018-05-25,May,Keston,Katherine,Individual,Blackberry,7,30,0,0,0,0,2,0,0,0,0,0,0,0,0,0
2018,2018-05-25,May,Keston,Katherine,Individual,Strawberry,5,10,0,0,0,0,0,0,0,0,0,0,0,0,0,0
2018,2018-05-25,May,Keston,Katherine,Individual,Strawberry,8,32,0,1,0,1,0,0,0,0,0,0,0,0,0,0
2018,2018-05-09,May,Keston,Katherine,Individual,Strawberry,8,24,0,0,0,0,0,0,0,0,0,0,0,0,0,0
2018,2018-05-09,May,Keston,Katherine,Individual,Strawberry,6,36,0,0,0,0,0,0,0,0,0,0,0,0,0,0
2018,2018-05-09,May,Keston,Katherine,Individual,Strawberry,25,125,0,0,0,0,0,3,0,0,0,0,0,0,0,0
2018,2018-09-06,September,Keston,Katherine,Individual,Courgette,3,4,0,0,0,0,1,0,0,0,0,0,0,0,0,0
2018,2018-09-26,September,Keston,Katherine,Individual,Raspberry,10,10,0,0,0,0,0,0,0,0,0,0,0,0,0,0
2018,2018-09-06,September,Keston,Katherine,Individual,Raspberry,15,30,0,0,0,0,1,0,0,0,0,0,0,0,0,0
2018,2018-09-06,September,Keston,Katherine,Individual,Squash,3,3,0,1,0,0,2,0,0,0,0,0,0,0,0,0
2018,2018-09-06,September,Keston,Katherine,Individual,Squash,2,7,0,0,0,0,0,0,1,0,0,0,0,0,0,0
2018,2018-09-26,September,Keston,Katherine,Individual,Strawberry,2,4,0,0,0,0,0,0,0,0,0,0,0,0,0,0
2018,2018-09-26,September,Keston,Katherine,Individual,Strawberry,6,30,0,0,0,0,0,0,0,0,0,0,0,0,0,0
2018,2018-09-06,September,Keston,Katherine,Individual,Strawberry,5,15,0,0,1,0,0,0,0,0,0,1,0,0,0,1
2018,2018-08-24,August,Keston,Lisa,Individual,Rbean,10,50,0,0,0,0,0,0,0,0,0,0,0,0,0,0
2018,2018-09-06,September,Keston,Lisa,Individual,Rbean,10,30,0,0,0,0,0,0,0,0,0,0,0,0,0,0
2018,2018-08-24,August,Keston,Lisa,Individual,Courgette,4,4,0,0,0,0,0,0,0,0,0,0,0,0,0,0
2018,2018-08-24,August,Keston,Lisa,Individual,Raspberry,100,300,0,0,0,0,0,0,0,0,0,0,0,0,0,0
2018,2018-08-24,August,Keston,Lisa,Individual,Tomato,4,20,0,0,0,0,1,0,0,0,0,0,0,0,0,0
2018,2018-07-26,July,Keston,Lisa,Individual,Courgette,2,4,0,0,0,0,0,0,0,0,0,0,0,0,0,0
2018,2018-07-26,July,Keston,Lisa,Individual,Raspberry,40,80,0,0,0,0,0,0,0,1,0,1,0,0,0,2
2018,2018-07-26,July,Keston,Lisa,Individual,Rbean,30,300,0,0,0,0,0,0,0,0,0,1,0,0,0,1
2018,2018-07-26,July,Keston,Lisa,Individual,Tomato,5,10,0,0,0,0,0,0,0,0,0,0,0,0,0,0
2018,2018-06-05,June,Keston,Lisa,Individual,Bbean,6,42,0,0,0,0,0,0,0,0,0,0,0,0,0,0
2018,2018-06-05,June,Keston,Lisa,Individual,Raspberry,50,500,0,0,0,0,0,0,0,0,0,0,0,1,0,1
2018,2018-06-29,June,Keston,Lisa,Individual,Rbean,12,60,0,0,0,0,0,0,0,0,0,0,0,0,0,0
2018,2018-06-29,June,Keston,Lisa,Individual,Tomato,3,9,0,0,0,0,0,0,0,0,0,0,0,0,0,0
2018,2018-06-05,June,Keston,Lisa,Individual,Tomato,5,15,0,0,0,0,0,0,0,0,0,0,0,0,0,0
2018,2018-05-25,May,Keston,Lisa,Individual,Blueberry,1,50,0,0,0,0,0,0,0,0,0,0,0,0,0,0
2018,2018-05-25,May,Keston,Lisa,Individual,Bbean,16,160,0,0,0,0,0,0,0,0,0,0,0,0,0,0
2018,2018-05-25,May,Keston,Lisa,Individual,Raspberry,50,350,0,0,0,0,7,0,0,1,1,0,0,2,0,4
2018,2018-05-25,May,Keston,Lisa,Individual,Tomato,1,2,0,0,0,0,0,0,0,0,0,0,0,0,0,0
2018,2018-09-06,September,Keston,Lisa,Individual,Courgette,3,3,0,0,0,0,1,0,0,0,0,0,0,0,0,0
2018,2018-09-26,September,Keston,Lisa,Individual,Raspberry,100,200,0,0,0,0,1,0,0,0,0,0,0,0,0,0
2018,2018-09-06,September,Keston,Lisa,Individual,Raspberry,150,600,0,0,0,0,4,0,0,0,0,1,0,0,0,1
2018,2018-09-06,September,Keston,Lisa,Individual,Rbean,3,9,0,0,0,0,2,0,0,0,0,0,0,0,0,0
2018,2018-05-25,May,Keston,RandomK_1,Individual,Bbean,5,35,0,0,0,0,0,0,0,0,0,0,0,0,0,0
2018,2018-04-26,April,Keston,RandomK_10,Individual,Pear,1,20,0,0,0,0,0,0,0,0,0,0,0,0,0,0
2018,2018-04-26,April,Keston,RandomK_11,Individual,Blueberry,2,100,0,0,0,0,0,0,0,0,0,0,0,0,0,0
2018,2018-04-26,April,Keston,RandomK_12,Individual,Bbean,50,350,0,0,0,0,0,0,0,0,0,0,0,0,0,0
2018,2018-04-26,April,Keston,RandomK_13,Individual,Apple,1,500,0,1,0,0,0,1,0,0,0,0,0,0,0,0
2018,2018-04-26,April,Keston,RandomK_14,Individual,Blueberry,2,1000,0,0,0,0,0,0,0,0,0,0,0,0,0,0
2018,2018-04-26,April,Keston,RandomK_15,Individual,Cherry,1,1000,0,0,0,0,0,0,0,0,0,0,0,0,0,0
2018,2018-05-25,May,Keston,RandomK_2,Individual,Bbean,8,80,0,0,0,0,0,0,0,0,0,0,0,0,0,0
2018,2018-05-25,May,Keston,RandomK_3,Individual,Raspberry,14,168,0,0,0,0,3,0,0,0,0,0,1,0,0,1
2018,2018-04-26,April,Keston,RandomK_4,Individual,Apple,1,20,0,0,0,0,0,0,0,0,0,0,0,0,0,0
2018,2018-06-29,June,Keston,RandomK_5,Individual,Rbean,10,50,0,0,0,0,0,0,0,0,0,0,0,0,0,0
2018,2018-04-26,April,Keston,RandomK_6,Individual,Currant,3,300,0,0,0,0,0,0,0,0,0,0,0,0,0,0
2018,2018-07-26,July,Keston,RandomK_7,Individual,Courgette,4,7,0,0,0,0,1,0,0,1,0,0,0,0,0,1
2018,2018-07-26,July,Keston,RandomK_7,Individual,Cucumber,4,16,0,0,0,0,0,0,0,0,0,0,0,0,0,0
2018,2018-07-26,July,Keston,RandomK_7,Individual,Squash,7,9,1,0,0,0,0,0,0,0,0,0,0,0,0,0
2018,2018-07-26,July,Keston,RandomK_7,Individual,Squash,22,44,0,1,0,0,0,0,0,0,0,0,0,0,0,0
2018,2018-06-29,June,Keston,RandomK_7,Individual,Courgette,4,4,0,0,0,0,0,0,0,0,0,0,0,0,0,0
2018,2018-06-29,June,Keston,RandomK_7,Individual,Cucumber,4,20,0,0,0,0,0,0,0,0,0,0,0,0,0,0
2018,2018-06-29,June,Keston,RandomK_7,Individual,Rbean,12,84,0,0,0,0,0,0,0,0,0,0,0,0,0,0
2018,2018-06-29,June,Keston,RandomK_7,Individual,Squash,9,9,1,0,0,0,0,0,0,0,0,0,0,0,0,0
2018,2018-05-25,May,Keston,RandomK_7,Individual,Strawberry,11,33,0,0,0,0,0,0,0,0,0,0,0,0,0,0
2018,2018-05-25,May,Keston,RandomK_8,Individual,Raspberry,40,1000,0,0,0,0,15,1,0,1,4,2,0,0,0,7
2018,2018-05-25,May,Keston,RandomK_9,Individual,Bbean,40,160,0,0,0,0,0,0,0,0,0,0,0,0,0,0
2018,2018-08-17,August,Moulsecoomb,Community_M,Community,Rbean,20,200,0,0,0,0,0,0,1,0,0,0,0,0,0,0
2018,2018-08-17,August,Moulsecoomb,Community_M,Community,Rbean,40,400,0,0,0,0,0,0,0,0,0,0,0,0,0,0
2017,2017-09-01,August,Moulsecoomb,Community_M,Community,Courgette,12,12,12,0,0,0,0,0,0,0,0,0,0,0,0,0
2017,2017-08-11,August,Moulsecoomb,Community_M,Community,Courgette,3,3,0,0,0,0,0,0,0,0,0,0,0,0,0,0
2017,2017-08-11,August,Moulsecoomb,Community_M,Community,Cucumber,1,1,0,0,0,0,0,0,0,0,0,0,0,0,0,0
2017,2017-09-01,August,Moulsecoomb,Community_M,Community,Raspberry,10,20,0,0,0,0,0,0,0,0,0,1,0,0,0,1
2017,2017-08-11,August,Moulsecoomb,Community_M,Community,Raspberry,50,150,0,0,0,0,0,0,0,0,0,1,0,0,0,1
2017,2017-08-11,August,Moulsecoomb,Community_M,Community,Raspberry,20,203,0,0,0,0,0,0,0,0,0,0,0,0,0,0
2017,2017-08-11,August,Moulsecoomb,Community_M,Community,Raspberry,75,225,0,0,0,0,0,0,0,0,0,2,0,0,0,2
2017,2017-09-01,August,Moulsecoomb,Community_M,Community,Raspberry,25,25,0,0,0,0,0,0,0,0,0,2,0,0,0,2
2017,2017-08-11,August,Moulsecoomb,Community_M,Community,Raspberry,75,225,0,0,0,0,0,0,0,0,1,3,0,0,0,4
2017,2017-09-01,August,Moulsecoomb,Community_M,Community,Rbean,6,30,0,0,0,0,0,0,0,0,0,0,0,0,0,0
2017,2017-08-11,August,Moulsecoomb,Community_M,Community,Rbean,32,160,0,0,0,0,1,0,0,0,0,0,0,0,0,0
2017,2017-09-01,August,Moulsecoomb,Community_M,Community,Squash,2,2,0,0,0,0,0,0,0,0,0,0,0,0,0,0
2017,2017-08-11,August,Moulsecoomb,Community_M,Community,Squash,9,9,0,0,0,0,1,0,0,0,0,0,0,0,0,0
2017,2017-09-01,August,Moulsecoomb,Community_M,Community,Tomato,5,15,0,0,0,0,0,0,0,0,0,0,0,0,0,0
2017,2017-07-21,July,Moulsecoomb,Community_M,Community,Blackberry,,17,0,1,0,0,0,0,0,0,0,0,0,0,0,0
2017,2017-07-21,July,Moulsecoomb,Community_M,Community,Courgette,6,6,6,0,0,0,0,1,0,0,0,0,0,0,0,0
2017,2017-07-07,July,Moulsecoomb,Community_M,Community,Cucumber,1,3,0,0,0,0,0,0,0,0,0,1,0,0,0,1
2017,2017-07-21,July,Moulsecoomb,Community_M,Community,Raspberry,10,20,0,0,0,0,1,0,0,0,0,1,0,0,0,1
2017,2017-07-21,July,Moulsecoomb,Community_M,Community,Raspberry,10,30,0,0,0,0,0,0,0,1,1,0,0,0,0,2
2017,2017-07-21,July,Moulsecoomb,Community_M,Community,Raspberry,75,150,0,0,0,0,0,0,1,0,0,4,2,0,0,6
2017,2017-07-21,July,Moulsecoomb,Community_M,Community,Raspberry,75,225,0,0,0,0,4,0,0,1,0,7,2,0,0,10
2017,2017-07-07,July,Moulsecoomb,Community_M,Community,Raspberry,100,200,0,0,0,0,2,2,0,1,0,1,0,0,0,2
2017,2017-07-21,July,Moulsecoomb,Community_M,Community,Raspberry,100,200,0,0,0,0,1,0,0,0,0,4,2,0,0,6
2017,2017-07-21,July,Moulsecoomb,Community_M,Community,Rbean,23,46,0,0,0,0,0,0,0,0,0,0,0,0,0,0
2017,2017-07-21,July,Moulsecoomb,Community_M,Community,Rbean,24,240,0,0,0,0,0,0,0,0,0,1,0,0,0,1
2017,2017-07-21,July,Moulsecoomb,Community_M,Community,Rbean,41,410,0,0,0,0,1,0,0,0,0,2,0,0,0,2
2017,2017-07-07,July,Moulsecoomb,Community_M,Community,Rbean,6,48,0,0,0,0,1,0,0,0,0,0,0,0,0,0
2017,2017-07-07,July,Moulsecoomb,Community_M,Community,Rbean,27,270,0,0,0,0,0,0,0,0,0,0,0,0,0,0
2017,2017-07-21,July,Moulsecoomb,Community_M,Community,Squash,6,6,6,0,0,0,0,0,0,0,0,0,0,0,0,0
2017,2017-07-21,July,Moulsecoomb,Community_M,Community,Squash,9,10,10,0,0,0,1,0,0,0,0,1,0,0,0,1
2017,2017-07-21,July,Moulsecoomb,Community_M,Community,Squash,13,13,13,1,0,0,2,0,0,2,0,0,0,0,0,2
2017,2017-07-07,July,Moulsecoomb,Community_M,Community,Squash,3,3,0,0,0,0,0,0,0,0,0,0,0,0,0,0
2017,2017-06-23,June,Moulsecoomb,Community_M,Community,Blackberry,,200,0,0,0,0,1,0,0,5,0,0,0,0,0,5
2017,2017-06-09,June,Moulsecoomb,Community_M,Community,Blackberry,,200,0,0,0,0,3,0,0,4,0,2,0,0,0,6
2017,2017-06-09,June,Moulsecoomb,Community_M,Community,Bbean,8,40,0,0,0,0,0,0,0,0,0,0,0,0,0,0
2017,2017-06-09,June,Moulsecoomb,Community_M,Community,Raspberry,10,50,0,0,0,0,0,0,0,0,0,1,0,0,0,1
2017,2017-06-09,June,Moulsecoomb,Community_M,Community,Raspberry,15,75,0,0,0,0,0,0,0,0,0,1,2,0,0,3
2017,2017-06-23,June,Moulsecoomb,Community_M,Community,Rbean,11,165,0,0,0,0,0,0,0,0,0,0,0,0,0,0
2017,2017-06-09,June,Moulsecoomb,Community_M,Community,Strawberry,5,5,0,0,1,0,0,0,0,0,0,0,0,0,0,0
2017,2017-06-23,June,Moulsecoomb,Community_M,Community,Tomato,12,120,0,0,0,0,0,0,0,0,0,0,0,0,0,0
2017,2017-06-09,June,Moulsecoomb,Community_M,Community,Tomato,3,9,0,0,0,0,0,0,0,0,0,0,0,0,0,0
2017,2017-05-26,May,Moulsecoomb,Community_M,Community,Bbean,17,119,0,2,0,0,0,0,0,0,0,0,0,0,0,0
2017,2017-05-26,May,Moulsecoomb,Community_M,Community,Strawberry,32,96,0,0,0,0,0,0,0,0,0,0,0,0,0,0
2017,2017-05-26,May,Moulsecoomb,Community_M,Community,Tomato,18,90,0,0,0,0,0,0,0,0,0,0,0,0,0,0
2018,2018-04-20,April,Moulsecoomb,Community_M,Community,Blueberry,2,20,0,0,0,0,0,0,0,0,0,0,0,0,0,0
2018,2018-04-20,April,Moulsecoomb,Community_M,Community,Bbean,12,24,0,0,0,0,0,0,0,0,0,0,0,0,0,0
2018,2018-04-20,April,Moulsecoomb,Community_M,Community,Bbean,46,92,0,0,0,0,0,0,0,0,0,0,0,0,0,0
2018,2018-04-20,April,Moulsecoomb,Community_M,Community,Cherry,1,50,0,4,1,0,0,1,0,1,0,0,0,0,0,1
2018,2018-04-20,April,Moulsecoomb,Community_M,Community,Cherry,1,80,0,0,0,0,0,0,0,0,0,0,0,0,0,0
2018,2018-04-20,April,Moulsecoomb,Community_M,Community,Cherry,1,1000,0,0,0,0,0,0,0,0,0,0,0,0,0,0
2018,2018-04-20,April,Moulsecoomb,Community_M,Community,Cherry,1,1000,0,0,0,0,0,2,0,0,0,0,0,0,0,0
2018,2018-04-20,April,Moulsecoomb,Community_M,Community,Currant,5,500,0,3,0,0,0,0,0,0,0,0,0,0,0,0
2018,2018-04-20,April,Moulsecoomb,Community_M,Community,Currant,12,1200,0,0,0,0,0,0,0,0,0,0,0,0,0,0
2018,2018-04-20,April,Moulsecoomb,Community_M,Community,Gooseberry,1,100,0,0,0,0,0,0,0,0,0,0,0,0,0,0
2018,2018-04-20,April,Moulsecoomb,Community_M,Community,Gooseberry,2,200,0,0,0,0,0,0,0,0,0,0,3,0,0,3
2018,2018-04-20,April,Moulsecoomb,Community_M,Community,Gooseberry,8,800,0,0,0,0,0,1,0,0,0,0,0,0,0,0
2018,2018-04-20,April,Moulsecoomb,Community_M,Community,Strawberry,2,8,0,0,0,0,0,0,0,0,0,0,0,0,0,0
2018,2018-08-31,August,Moulsecoomb,Community_M,Community,Courgette,8,8,0,0,0,0,3,0,0,0,0,0,0,0,0,0
2018,2018-08-17,August,Moulsecoomb,Community_M,Community,Courgette,2,2,0,0,0,0,1,0,0,0,0,0,0,0,0,0
2018,2018-08-17,August,Moulsecoomb,Community_M,Community,Courgette,6,12,0,1,0,0,0,0,0,1,0,0,0,0,0,1
2018,2018-08-31,August,Moulsecoomb,Community_M,Community,Raspberry,30,60,0,0,0,0,0,0,0,0,0,1,0,0,0,1
2018,2018-08-31,August,Moulsecoomb,Community_M,Community,Raspberry,20,80,0,0,0,0,0,0,0,0,0,0,0,0,0,0
2018,2018-08-17,August,Moulsecoomb,Community_M,Community,Raspberry,3,6,0,0,0,0,0,0,0,0,0,0,0,0,0,0
2018,2018-08-17,August,Moulsecoomb,Community_M,Community,Raspberry,50,100,0,0,0,0,0,0,0,0,0,3,0,0,0,3
2018,2018-08-17,August,Moulsecoomb,Community_M,Community,Raspberry,200,400,0,0,0,0,0,0,0,0,0,1,0,0,0,1
2018,2018-08-31,August,Moulsecoomb,Community_M,Community,Rbean,10,50,0,0,0,0,0,0,0,0,0,0,0,0,0,0
2018,2018-08-31,August,Moulsecoomb,Community_M,Community,Rbean,40,200,0,0,0,0,0,0,0,0,0,0,0,0,0,0
2018,2018-08-31,August,Moulsecoomb,Community_M,Community,Squash,4,4,0,0,0,0,0,1,0,0,0,0,0,0,0,0
2018,2018-08-31,August,Moulsecoomb,Community_M,Community,Squash,24,24,0,0,0,0,0,0,0,0,0,0,0,0,0,0
2018,2018-08-17,August,Moulsecoomb,Community_M,Community,Squash,2,5,0,0,0,0,0,0,0,0,0,0,0,0,0,0
2018,2018-08-17,August,Moulsecoomb,Community_M,Community,Squash,8,12,0,0,0,0,0,0,0,0,0,0,0,0,0,0
2018,2018-08-17,August,Moulsecoomb,Community_M,Community,Squash,5,35,0,0,0,0,0,0,0,0,0,0,0,0,0,0
2018,2018-08-17,August,Moulsecoomb,Community_M,Community,Squash,6,48,0,0,0,0,1,0,0,0,0,0,0,0,0,0
2018,2018-06-29,June,Moulsecoomb,Community_M,Community,Cucumber,2,10,0,0,0,0,0,0,0,0,0,0,0,0,0,0
2018,2018-06-29,June,Moulsecoomb,Community_M,Community,Pepper,4,16,0,0,0,0,0,0,0,0,0,0,0,0,0,0
2018,2018-06-29,June,Moulsecoomb,Community_M,Community,Raspberry,100,200,0,0,0,0,0,0,0,0,0,0,0,0,0,0
2018,2018-06-29,June,Moulsecoomb,Community_M,Community,Rbean,33,231,0,0,0,0,0,0,0,0,0,1,0,0,0,1
2018,2018-06-29,June,Moulsecoomb,Community_M,Community,Tomato,16,80,0,0,0,0,0,0,0,0,0,0,0,0,0,0
2018,2018-06-29,June,Moulsecoomb,Community_M,Community,Tomato,18,126,0,0,0,0,0,0,0,0,0,0,0,0,0,0
2018,2018-05-04,May,Moulsecoomb,Community_M,Community,Apple,1,750,0,0,0,0,3,0,0,0,0,1,0,0,0,1
2018,2018-05-04,May,Moulsecoomb,Community_M,Community,Apple,1,1000,0,0,0,0,4,2,0,0,0,0,0,0,0,0
2018,2018-05-18,May,Moulsecoomb,Community_M,Community,Blackberry,1,40,0,0,0,0,2,0,0,0,0,1,0,0,0,1
2018,2018-05-18,May,Moulsecoomb,Community_M,Community,Blueberry,2,100,0,0,0,0,0,0,0,0,0,0,0,0,0,0
2018,2018-05-04,May,Moulsecoomb,Community_M,Community,Blueberry,4,50,0,0,0,0,0,0,0,0,0,0,0,0,0,0
2018,2018-05-18,May,Moulsecoomb,Community_M,Community,Bbean,20,140,0,0,0,0,0,0,0,0,0,0,0,0,0,0
2018,2018-05-04,May,Moulsecoomb,Community_M,Community,Bbean,60,180,0,0,0,0,0,0,0,0,0,0,0,0,0,0
2018,2018-05-04,May,Moulsecoomb,Community_M,Community,Bbean,100,300,0,0,0,0,0,0,0,0,0,2,0,0,0,2
2018,2018-05-04,May,Moulsecoomb,Community_M,Community,Bbean,15,75,0,0,0,0,0,0,0,0,0,0,0,0,0,0
2018,2018-05-18,May,Moulsecoomb,Community_M,Community,Cucumber,,2,0,0,0,0,0,0,0,0,0,0,0,0,0,0
2018,2018-05-04,May,Moulsecoomb,Community_M,Community,Currant,9,900,0,0,0,0,0,0,0,0,0,0,0,0,0,0
2018,2018-05-04,May,Moulsecoomb,Community_M,Community,Currant,13,1300,0,0,2,0,0,0,0,0,0,0,0,0,0,0
2018,2018-05-04,May,Moulsecoomb,Community_M,Community,Gooseberry,2,200,0,0,0,0,0,0,0,0,0,0,0,0,0,0
2018,2018-05-04,May,Moulsecoomb,Community_M,Community,Pear,1,500,0,0,0,0,0,2,0,0,0,0,0,0,0,0
2018,2018-05-18,May,Moulsecoomb,Community_M,Community,Raspberry,8,24,0,0,0,0,0,0,0,0,0,0,0,0,0,0
2018,2018-05-18,May,Moulsecoomb,Community_M,Community,Tomato,10,50,0,0,0,0,0,0,0,0,0,0,0,0,0,0
2018,2018-09-21,September,Moulsecoomb,Community_M,Community,Courgette,3,3,0,0,0,0,0,0,0,0,0,0,0,0,0,0
2018,2018-09-21,September,Moulsecoomb,Community_M,Community,Raspberry,20,80,0,0,0,0,0,0,0,0,0,0,0,0,0,0
2018,2018-09-21,September,Moulsecoomb,Community_M,Community,Raspberry,100,400,0,0,0,0,0,0,0,0,0,0,0,0,0,0
2018,2018-09-21,September,Moulsecoomb,Community_M,Community,Rbean,5,25,0,0,0,0,0,0,0,0,0,0,0,0,0,0
2018,2018-09-21,September,Moulsecoomb,Community_M,Community,Squash,30,30,0,2,0,0,0,0,0,0,0,0,0,0,0,0
2017,2017-07-05,July,Moulsecoomb_Est,Dave_W,Community,Courgette,1,1,0,0,0,0,0,0,0,0,0,0,0,0,0,0
2017,2017-07-05,July,Moulsecoomb_Est,Dave_W,Community,Cucumber,4,15,2,0,0,0,0,0,0,0,0,0,0,0,0,0
2017,2017-07-05,July,Moulsecoomb_Est,Dave_W,Community,Cucumber,1,2,0,0,0,0,0,0,0,0,0,0,0,0,0,0
2017,2017-07-05,July,Moulsecoomb_Est,Dave_W,Community,Pepper,1,5,0,0,0,0,0,0,0,0,0,0,0,0,0,0
2017,2017-07-05,July,Moulsecoomb_Est,Dave_W,Community,Pepper,6,6,0,0,0,0,0,0,0,0,0,0,0,0,0,0
2017,2017-07-05,July,Moulsecoomb_Est,Dave_W,Community,Rbean,5,25,0,0,0,0,0,0,0,0,0,0,0,0,0,0
2017,2017-07-05,July,Moulsecoomb_Est,Dave_W,Community,Strawberry,3,3,2,0,1,0,0,0,0,0,0,0,0,0,0,0
2017,2017-07-05,July,Moulsecoomb_Est,Dave_W,Community,Tomato,1,15,0,0,0,0,0,0,0,0,0,0,0,0,0,0
2018,2018-04-16,April,Racehill,Community_R,Community,Cherry,2,6,0,0,0,0,1,0,0,0,0,0,0,0,0,0
2018,2018-04-16,April,Racehill,Community_R,Community,Cherry,1,30,0,0,0,0,0,0,0,0,0,0,0,0,0,0
2018,2018-04-16,April,Racehill,Community_R,Community,Cherry,1,100,0,0,0,0,0,0,0,0,0,0,0,0,0,0
2018,2018-04-16,April,Racehill,Community_R,Community,Cherry,1,200,0,0,0,0,0,0,0,0,0,0,0,0,0,0
2018,2018-04-16,April,Racehill,Community_R,Community,Cherry,1,200,0,0,1,0,0,0,0,0,0,0,0,0,0,0
2018,2018-04-16,April,Racehill,Community_R,Community,Currant,1,1000,0,0,0,0,0,0,0,2,0,0,0,0,0,2
2018,2018-04-16,April,Racehill,Community_R,Community,Gooseberry,1,100,0,0,0,0,1,0,0,0,0,0,1,0,0,1
2018,2018-04-16,April,Racehill,Community_R,Community,Gooseberry,1,100,0,0,0,0,0,0,0,1,0,1,0,0,0,2
2018,2018-04-16,April,Racehill,Community_R,Community,Plum,,50,0,0,0,0,0,0,0,0,0,0,0,0,0,0
2018,2018-04-16,April,Racehill,Community_R,Community,Plum,1,50,0,0,0,0,0,0,0,0,0,0,0,0,0,0
2018,2018-04-16,April,Racehill,Community_R,Community,Plum,1,60,0,0,0,0,0,0,0,0,0,0,0,0,0,0
2018,2018-04-16,April,Racehill,Community_R,Community,Plum,1,60,0,0,0,0,0,0,0,0,0,0,0,0,0,0
2018,2018-04-16,April,Racehill,Community_R,Community,Plum,1,60,0,0,0,0,0,0,0,0,0,0,0,0,0,0
2018,2018-04-16,April,Racehill,Community_R,Community,Plum,1,75,0,0,0,0,0,0,0,0,0,0,0,0,0,0
2018,2018-04-16,April,Racehill,Community_R,Community,Plum,1,90,0,0,0,0,0,0,0,0,0,0,0,0,0,0
2018,2018-04-16,April,Racehill,Community_R,Community,Plum,1,100,0,0,0,0,0,0,0,0,0,0,0,0,0,0
2018,2018-05-08,May,Racehill,Community_R,Community,Apple,1,10,0,0,0,0,0,0,0,0,0,0,0,0,0,0
2018,2018-05-08,May,Racehill,Community_R,Community,Apple,1,10,0,0,0,0,0,0,0,0,0,0,0,0,0,0
2018,2018-05-08,May,Racehill,Community_R,Community,Apple,1,20,0,0,0,0,0,0,0,0,0,0,0,0,0,0
2018,2018-05-08,May,Racehill,Community_R,Community,Apple,3,30,0,0,0,0,0,0,0,0,0,0,0,0,0,0
2018,2018-05-08,May,Racehill,Community_R,Community,Apple,1,50,0,0,0,0,0,0,0,0,0,0,0,0,0,0
2018,2018-05-08,May,Racehill,Community_R,Community,Apple,4,80,0,0,1,0,0,0,0,0,0,0,0,0,0,0
2018,2018-05-08,May,Racehill,Community_R,Community,Apple,6,120,0,0,0,0,0,1,0,0,0,0,0,0,0,0
2018,2018-05-08,May,Racehill,Community_R,Community,Apple,7,140,0,0,0,0,0,0,0,0,0,0,0,0,0,0
2018,2018-05-08,May,Racehill,Community_R,Community,Apple,6,180,0,1,1,0,0,0,0,0,0,0,0,0,0,0
2018,2018-05-08,May,Racehill,Community_R,Community,Apple,5,200,0,0,0,0,0,0,0,0,0,0,0,0,0,0
2018,2018-05-08,May,Racehill,Community_R,Community,Apple,3,225,0,0,0,0,1,1,0,0,0,0,0,0,0,0
2018,2018-05-08,May,Racehill,Community_R,Community,Apple,4,300,0,0,1,0,0,1,0,0,0,0,0,0,0,0
2018,2018-05-08,May,Racehill,Community_R,Community,Apple,6,300,0,0,1,0,0,1,0,0,0,1,0,0,0,1
2018,2018-05-08,May,Racehill,Community_R,Community,Apple,4,360,0,1,0,0,1,0,0,0,0,0,0,0,0,0
2018,2018-05-08,May,Racehill,Community_R,Community,Apple,1,500,0,0,0,0,2,1,0,0,0,0,0,0,0,0
2018,2018-05-08,May,Racehill,Community_R,Community,Apple,6,540,0,0,0,0,1,3,0,0,0,0,0,0,0,0
2018,2018-05-08,May,Racehill,Community_R,Community,Apple,10,750,0,1,1,0,1,3,0,0,0,0,0,0,0,0
2018,2018-05-08,May,Racehill,Community_R,Community,Apple,1,1000,0,0,0,0,2,2,0,0,0,1,0,0,0,1
2018,2018-05-08,May,Racehill,Community_R,Community,Cherry,1,1000,0,0,0,0,0,0,0,0,0,0,0,0,0,0
2018,2018-05-08,May,Racehill,Community_R,Community,Currant,1,100,0,0,0,0,0,0,0,0,0,0,0,0,0,0
2018,2018-08-30,August,Roedale,Amos,Individual,Squash,1,1,0,0,0,0,0,0,0,0,0,0,0,0,0,0
2018,2018-08-17,August,Roedale,Amos,Individual,Squash,3,6,0,0,0,0,1,0,0,0,0,0,0,0,0,0
2018,2018-07-23,July,Roedale,Amos,Individual,Squash,1,1,0,0,0,0,0,0,1,0,0,0,0,0,0,0
2018,2018-07-10,July,Roedale,Amos,Individual,Squash,1,1,0,0,0,0,0,0,0,0,0,0,0,0,0,0
2018,2018-06-04,June,Roedale,Amos,Individual,Bbean,5,25,0,0,0,0,0,0,0,1,0,0,0,0,0,1
2018,2018-05-09,May,Roedale,Amos,Individual,Apple,1,30,0,0,0,0,0,0,0,0,0,0,0,0,0,0
2018,2018-05-09,May,Roedale,Amos,Individual,Apple,1,50,0,0,0,0,0,0,0,1,0,0,0,0,0,1
2018,2018-05-09,May,Roedale,Amos,Individual,Apple,1,300,0,0,0,0,0,0,0,0,0,0,0,0,0,0
2018,2018-05-22,May,Roedale,Amos,Individual,Bbean,15,75,0,0,0,0,0,0,0,0,0,0,0,0,0,0
2018,2018-05-09,May,Roedale,Amos,Individual,Bbean,15,75,0,0,0,0,0,0,0,0,0,0,0,0,0,0
2018,2018-05-22,May,Roedale,Amos,Individual,Raspberry,3,24,0,0,0,0,1,0,0,0,0,0,0,0,0,0
2018,2018-05-22,May,Roedale,Amos,Individual,Raspberry,4,32,0,0,0,0,1,0,0,0,0,0,0,0,0,0
2018,2018-09-19,September,Roedale,Amos,Individual,Squash,3,3,0,0,0,0,1,0,0,0,0,0,0,0,0,0
2018,2018-08-17,August,Roedale,Barb,Individual,Rbean,12,60,0,0,0,0,0,0,0,0,0,0,0,0,0,0
2018,2018-08-17,August,Roedale,Barb,Individual,Rbean,12,120,0,0,0,0,0,0,0,0,0,0,0,0,0,0
2018,2018-08-17,August,Roedale,Barb,Individual,Courgette,1,1,0,0,0,0,0,0,0,0,0,0,0,0,0,0
2018,2018-08-17,August,Roedale,Barb,Individual,Courgette,2,2,0,0,0,0,0,0,0,0,0,0,0,0,0,0
2018,2018-08-17,August,Roedale,Barb,Individual,Cucumber,1,2,0,0,0,0,0,0,0,0,0,0,0,0,0,0
2018,2018-06-04,June,Roedale,Barb,Individual,Raspberry,12,120,0,0,0,0,0,0,0,0,0,0,1,1,0,2
2018,2018-09-13,September,Roedale,Barb,Individual,Courgette,1,1,0,0,0,0,0,0,0,0,0,0,0,0,0,0
2018,2018-09-13,September,Roedale,Barb,Individual,Rbean,2,10,0,0,0,0,0,0,0,0,0,0,0,0,0,0
2018,2018-08-30,August,Roedale,Helen_C,Individual,Rbean,4,20,0,0,0,0,0,0,1,0,0,0,0,0,0,0
2017,2017-08-29,August,Roedale,Helen_C,Individual,Courgette,2,2,0,0,0,0,0,1,0,0,0,0,0,0,0,0
2017,2017-08-10,August,Roedale,Helen_C,Individual,Courgette,2,2,0,0,0,0,0,0,0,0,0,0,0,0,0,0
2017,2017-08-29,August,Roedale,Helen_C,Individual,Raspberry,10,20,0,0,0,0,0,0,0,0,0,0,0,0,0,0
2017,2017-08-22,August,Roedale,Helen_C,Individual,Raspberry,25,75,0,0,0,0,0,0,0,0,0,2,0,0,0,2
2017,2017-08-10,August,Roedale,Helen_C,Individual,Raspberry,15,45,0,0,0,0,0,0,0,0,0,1,1,0,0,2
2017,2017-08-10,August,Roedale,Helen_C,Individual,Rbean,6,60,0,0,0,0,0,0,0,0,0,0,0,0,0,0
2017,2017-08-29,August,Roedale,Helen_C,Individual,Squash,12,12,0,0,0,0,7,0,0,0,0,0,0,0,0,0
2017,2017-08-22,August,Roedale,Helen_C,Individual,Squash,4,4,0,1,0,0,0,0,0,0,0,0,0,0,0,0
2017,2017-08-10,August,Roedale,Helen_C,Individual,Squash,15,15,0,0,0,0,1,0,0,0,0,0,0,0,0,0
2017,2017-07-25,July,Roedale,Helen_C,Individual,Courgette,6,6,6,0,0,0,0,0,0,0,0,0,0,0,0,0
2017,2017-07-18,July,Roedale,Helen_C,Individual,Courgette,3,12,12,0,0,0,0,0,0,0,0,0,0,0,0,0
2017,2017-07-25,July,Roedale,Helen_C,Individual,Raspberry,50,150,0,0,0,0,0,0,0,0,0,2,0,0,0,2
2017,2017-07-18,July,Roedale,Helen_C,Individual,Raspberry,50,100,0,0,0,0,0,0,0,0,0,2,0,0,0,2
2017,2017-07-04,July,Roedale,Helen_C,Individual,Raspberry,10,20,1,0,0,0,0,1,0,0,0,1,0,0,0,1
2017,2017-07-25,July,Roedale,Helen_C,Individual,Squash,7,7,7,0,0,0,0,0,0,1,0,0,0,0,0,1
2017,2017-07-18,July,Roedale,Helen_C,Individual,Squash,5,25,25,0,0,0,1,0,0,0,0,0,0,0,0,0
2017,2017-07-04,July,Roedale,Helen_C,Individual,Squash,2,2,2,0,0,0,0,0,0,0,0,0,0,0,0,0
2018,2018-04-20,April,Roedale,Helen_C,Individual,Cherry,1,10,0,0,0,0,0,0,0,0,0,0,0,0,0,0
2018,2018-04-20,April,Roedale,Helen_C,Individual,Currant,1,100,0,0,0,0,0,0,0,0,0,0,0,0,0,0
2018,2018-04-20,April,Roedale,Helen_C,Individual,Currant,3,300,0,0,0,0,0,0,0,0,0,0,0,0,0,0
2018,2018-04-20,April,Roedale,Helen_C,Individual,Plum,1,100,0,0,0,0,0,0,0,0,0,0,0,0,0,0
2018,2018-08-30,August,Roedale,Helen_C,Individual,Courgette,2,2,0,0,0,0,0,0,0,0,0,0,0,0,0,0
2018,2018-08-17,August,Roedale,Helen_C,Individual,Courgette,3,6,0,0,0,0,0,0,0,1,0,0,0,0,0,1
2018,2018-08-30,August,Roedale,Helen_C,Individual,Raspberry,5,20,0,0,0,0,0,0,0,0,0,1,0,0,0,1
2018,2018-08-17,August,Roedale,Helen_C,Individual,Rbean,2,10,0,0,0,0,0,0,0,0,0,0,0,0,0,0
2018,2018-08-30,August,Roedale,Helen_C,Individual,Squash,3,5,0,0,0,0,0,0,0,0,0,0,0,0,0,0
2018,2018-08-17,August,Roedale,Helen_C,Individual,Squash,3,3,0,0,0,0,0,0,0,0,0,0,0,0,0,0
2018,2018-07-23,July,Roedale,Helen_C,Individual,Rbean,4,40,0,0,0,0,0,0,0,0,0,0,0,0,0,0
2018,2018-06-04,June,Roedale,Helen_C,Individual,Bbean,8,40,0,0,0,0,0,0,0,0,0,0,0,0,0,0
2018,2018-06-04,June,Roedale,Helen_C,Individual,Raspberry,13,13,0,0,0,0,0,0,0,0,0,0,0,0,0,0
2018,2018-06-04,June,Roedale,Helen_C,Individual,Strawberry,4,16,0,0,0,0,0,0,0,0,0,0,0,0,0,0
2018,2018-05-09,May,Roedale,Helen_C,Individual,Apple,2,300,0,0,0,0,0,0,0,1,0,1,0,0,0,2
2018,2018-05-01,May,Roedale,Helen_C,Individual,Cherry,1,50,0,0,0,0,0,0,0,0,0,0,0,0,0,0
2018,2018-05-01,May,Roedale,Helen_C,Individual,Currant,3,300,0,0,0,0,0,0,0,0,0,0,0,0,0,0
2018,2018-05-01,May,Roedale,Helen_C,Individual,Gooseberry,2,200,0,0,0,0,0,0,0,0,0,0,0,0,0,0
2018,2018-05-22,May,Roedale,Helen_C,Individual,Raspberry,3,6,0,0,0,0,0,1,0,0,0,1,0,0,0,1
2018,2018-05-22,May,Roedale,Helen_C,Individual,Strawberry,18,90,0,0,0,0,0,0,0,0,0,0,0,0,0,0
2018,2018-05-09,May,Roedale,Helen_C,Individual,Strawberry,15,60,0,0,0,0,0,2,0,0,0,0,0,0,0,0
2018,2018-09-13,September,Roedale,Helen_C,Individual,Raspberry,20,80,0,0,0,0,0,0,0,0,0,2,0,0,0,2
2018,2018-09-13,September,Roedale,Helen_C,Individual,Rbean,4,20,0,0,0,0,0,0,0,0,0,0,0,0,0,0
2018,2018-05-09,May,Roedale,Jamie,Individual,Apple,2,100,0,0,0,0,0,0,0,0,0,0,0,0,0,0
2018,2018-05-09,May,Roedale,Jamie,Individual,Strawberry,6,30,0,0,0,0,0,0,0,0,0,0,0,0,0,0
2018,2018-05-09,May,Roedale,Jamie,Individual,Strawberry,30,210,0,0,0,0,0,0,0,0,0,0,0,0,0,0
2018,2018-08-17,August,Roedale,Jean_B,Individual,Courgette,1,1,0,0,0,0,0,0,0,0,0,0,0,0,0,0
2018,2018-08-30,August,Roedale,Jean_B,Individual,Rbean,5,25,0,0,0,0,0,0,0,0,0,1,0,0,0,1
2018,2018-08-17,August,Roedale,Jean_B,Individual,Rbean,10,50,0,0,0,0,0,0,0,0,0,0,0,0,0,0
2018,2018-08-17,August,Roedale,Jean_B,Individual,Squash,1,1,0,0,0,0,0,0,0,0,0,0,0,0,0,0
2018,2018-07-10,July,Roedale,Jean_B,Individual,Courgette,3,9,0,0,0,0,0,0,0,0,0,0,0,0,0,0
2018,2018-07-23,July,Roedale,Jean_B,Individual,Rbean,4,20,0,0,0,0,0,0,0,0,0,0,0,0,0,0
2018,2018-07-10,July,Roedale,Jean_B,Individual,Squash,1,1,1,0,0,0,0,0,0,0,0,0,0,0,0,0
2018,2018-05-22,May,Roedale,Jean_B,Individual,Strawberry,3,9,0,0,0,0,0,0,0,0,0,0,0,0,0,0
2018,2018-09-19,September,Roedale,Jean_B,Individual,Rbean,6,60,0,0,0,0,0,0,1,0,0,0,0,0,0,0
2018,2018-08-17,August,Roedale,Jenni_C,Individual,Courgette,2,4,0,0,0,0,0,0,0,0,0,0,0,0,0,0
2018,2018-08-17,August,Roedale,Jenni_C,Individual,Raspberry,30,30,0,0,0,0,0,0,0,0,0,2,0,0,0,2
2018,2018-07-10,July,Roedale,Jenni_C,Individual,Courgette,2,2,0,0,0,0,0,0,0,0,0,0,0,0,0,0
2018,2018-07-23,July,Roedale,Jenni_C,Individual,Cucumber,2,10,0,0,0,0,0,0,0,0,0,0,0,0,0,0
2018,2018-07-10,July,Roedale,Jenni_C,Individual,Cucumber,2,15,0,0,0,0,0,0,0,0,0,0,0,0,0,0
2018,2018-07-23,July,Roedale,Jenni_C,Individual,Raspberry,20,20,0,0,0,0,0,0,0,0,0,1,0,0,0,1
2018,2018-07-10,July,Roedale,Jenni_C,Individual,Rbean,12,24,0,0,0,0,0,0,0,0,0,0,0,0,0,0
2018,2018-07-23,July,Roedale,Jenni_C,Individual,Squash,1,1,0,0,0,0,0,0,0,0,0,0,0,0,0,0
2018,2018-07-10,July,Roedale,Jenni_C,Individual,Squash,2,2,0,0,0,0,0,0,0,0,0,0,0,0,0,0
2018,2018-07-10,July,Roedale,Jenni_C,Individual,Tomato,5,35,0,0,0,0,0,0,0,0,0,0,0,0,0,0
2018,2018-06-04,June,Roedale,Jenni_C,Individual,Bbean,8,56,0,0,0,0,0,0,0,0,0,0,0,0,0,0
2018,2018-06-04,June,Roedale,Jenni_C,Individual,Raspberry,2,20,0,0,0,0,0,0,0,0,0,0,0,0,0,0
2018,2018-06-04,June,Roedale,Jenni_C,Individual,Raspberry,4,20,0,0,0,0,0,0,0,0,0,0,0,0,0,0
2018,2018-06-19,June,Roedale,Jenni_C,Individual,Squash,1,1,0,0,0,0,0,0,0,0,0,0,0,0,0,0
2018,2018-06-19,June,Roedale,Jenni_C,Individual,Strawberry,14,42,1,0,0,0,0,1,0,0,0,0,0,0,0,0
2018,2018-06-04,June,Roedale,Jenni_C,Individual,Strawberry,5,10,0,0,0,0,0,0,0,0,0,0,0,0,0,0
2018,2018-06-04,June,Roedale,Jenni_C,Individual,Strawberry,20,60,0,0,0,0,0,0,0,0,0,0,0,0,0,0
2018,2018-06-19,June,Roedale,Jenni_C,Individual,Tomato,20,200,0,0,0,0,0,0,0,0,0,1,0,0,0,1
2018,2018-09-13,September,Roedale,Jenni_C,Individual,Courgette,1,1,0,0,0,0,0,0,0,0,0,0,0,0,0,0
2018,2018-09-13,September,Roedale,Jenni_C,Individual,Cucumber,2,6,0,0,0,0,0,0,0,0,0,0,0,0,0,0
2018,2018-09-13,September,Roedale,Jenni_C,Individual,Raspberry,50,150,0,0,0,0,1,0,0,0,0,1,0,0,0,1
2017,2017-08-29,August,Roedale,Karen,Individual,Blackberry,,30,0,0,0,0,4,0,1,0,0,1,0,0,0,1
2017,2017-08-22,August,Roedale,Karen,Individual,Blackberry,,40,0,0,0,0,3,0,0,0,0,0,0,0,0,0
2017,2017-08-10,August,Roedale,Karen,Individual,Blackberry,,20,0,0,0,0,2,0,0,0,0,0,0,0,0,0
2017,2017-08-29,August,Roedale,Karen,Individual,Courgette,1,1,0,0,0,0,0,0,0,0,0,0,0,0,0,0
2017,2017-08-10,August,Roedale,Karen,Individual,Courgette,1,2,0,0,0,0,0,0,0,0,0,0,0,0,0,0
2017,2017-08-22,August,Roedale,Karen,Individual,Courgette,1,1,0,0,0,0,0,0,0,0,0,0,0,0,0,0
2017,2017-08-10,August,Roedale,Karen,Individual,Courgette,1,1,0,0,0,0,0,0,0,0,0,0,0,0,0,0
2017,2017-08-29,August,Roedale,Karen,Individual,Raspberry,30,60,0,0,0,0,3,0,0,0,0,1,0,0,0,1
2017,2017-08-22,August,Roedale,Karen,Individual,Raspberry,50,200,0,0,0,0,0,0,0,0,0,2,0,0,0,2
2017,2017-08-10,August,Roedale,Karen,Individual,Raspberry,30,90,0,0,0,0,3,0,0,0,0,4,0,0,0,4
2017,2017-08-29,August,Roedale,Karen,Individual,Rbean,6,6,0,0,0,0,0,0,0,0,0,2,0,0,0,2
2017,2017-08-29,August,Roedale,Karen,Individual,Rbean,4,10,0,0,0,0,0,0,0,0,0,0,0,0,0,0
2017,2017-08-22,August,Roedale,Karen,Individual,Rbean,3,8,0,0,0,0,0,0,0,0,0,0,0,0,0,0
2017,2017-08-22,August,Roedale,Karen,Individual,Rbean,4,20,0,0,0,0,0,0,0,1,0,0,0,0,0,1
2017,2017-08-22,August,Roedale,Karen,Individual,Rbean,4,20,0,0,0,0,0,0,0,0,0,0,0,0,0,0
2017,2017-08-22,August,Roedale,Karen,Individual,Rbean,6,120,0,0,0,0,1,0,0,1,0,1,0,0,0,2
2017,2017-08-10,August,Roedale,Karen,Individual,Rbean,5,15,0,0,0,0,0,0,0,0,0,0,0,0,0,0
2017,2017-08-10,August,Roedale,Karen,Individual,Rbean,5,50,0,0,0,0,0,0,0,1,0,0,0,0,0,1
2017,2017-08-10,August,Roedale,Karen,Individual,Rbean,10,100,0,0,0,0,0,0,0,0,0,1,0,0,0,1
2017,2017-08-29,August,Roedale,Karen,Individual,Squash,1,1,0,0,0,0,0,0,0,0,0,0,0,0,0,0
2017,2017-08-22,August,Roedale,Karen,Individual,Squash,1,1,0,0,0,0,0,1,0,0,0,0,0,0,0,0
2017,2017-08-10,August,Roedale,Karen,Individual,Squash,1,1,0,0,0,0,0,0,0,0,0,0,0,0,0,0
2017,2017-08-10,August,Roedale,Karen,Individual,Squash,3,3,0,0,0,0,0,0,0,0,0,0,0,0,0,0
2017,2017-08-10,August,Roedale,Karen,Individual,Squash,4,4,0,0,0,0,0,0,0,0,0,0,0,0,0,0
2017,2017-08-10,August,Roedale,Karen,Individual,Squash,4,4,0,0,0,0,0,1,0,0,0,0,0,0,0,0
2017,2017-07-18,July,Roedale,Karen,Individual,Blackberry,,10,0,0,0,0,0,1,0,0,0,1,0,0,0,1
2017,2017-07-04,July,Roedale,Karen,Individual,Blackberry,1,50,0,0,0,0,2,0,0,1,0,0,0,0,0,1
2017,2017-07-25,July,Roedale,Karen,Individual,Courgette,1,1,0,0,0,0,0,0,0,0,0,0,0,0,0,0
2017,2017-07-25,July,Roedale,Karen,Individual,Courgette,2,2,2,0,0,0,0,0,0,0,0,0,0,0,0,0
2017,2017-07-18,July,Roedale,Karen,Individual,Courgette,3,3,3,0,0,0,0,0,0,0,0,0,0,0,0,0
2017,2017-07-04,July,Roedale,Karen,Individual,Courgette,1,1,0,0,0,0,0,0,0,0,0,0,0,0,0,0
2017,2017-07-04,July,Roedale,Karen,Individual,Cucumber,4,10,0,0,0,0,0,0,0,0,0,0,0,0,0,0
2017,2017-07-25,July,Roedale,Karen,Individual,Squash,3,3,3,0,0,0,0,0,0,0,0,0,0,0,0,0
2017,2017-07-25,July,Roedale,Karen,Individual,Squash,10,10,0,0,0,0,0,0,0,0,0,0,0,0,0,0
2017,2017-07-25,July,Roedale,Karen,Individual,Raspberry,25,75,0,0,0,0,0,0,0,0,0,0,0,0,0,0
2017,2017-07-18,July,Roedale,Karen,Individual,Raspberry,8,24,0,0,0,0,0,0,0,0,0,0,0,0,0,0
2017,2017-07-25,July,Roedale,Karen,Individual,Rbean,4,24,0,0,0,0,0,0,0,0,0,0,0,0,0,0
2017,2017-07-25,July,Roedale,Karen,Individual,Rbean,4,60,0,0,0,0,0,0,0,0,0,0,0,0,0,0
2017,2017-07-25,July,Roedale,Karen,Individual,Rbean,10,150,0,0,0,0,0,0,0,0,0,1,0,0,0,1
2017,2017-07-18,July,Roedale,Karen,Individual,Rbean,3,9,0,0,0,0,0,0,0,0,0,0,0,0,0,0
2017,2017-07-18,July,Roedale,Karen,Individual,Rbean,13,13,0,0,0,0,0,0,0,0,0,0,0,0,0,0
2017,2017-07-18,July,Roedale,Karen,Individual,Rbean,2,20,0,0,0,0,0,0,0,0,0,0,0,0,0,0
2017,2017-07-18,July,Roedale,Karen,Individual,Rbean,8,80,0,0,0,0,0,0,0,0,0,0,0,0,0,0
2017,2017-07-04,July,Roedale,Karen,Individual,Rbean,8,40,0,0,0,0,0,0,0,0,0,0,0,0,0,0
2017,2017-07-04,July,Roedale,Karen,Individual,Rbean,18,54,0,0,0,0,0,0,0,0,0,0,0,0,0,0
2017,2017-07-25,July,Roedale,Karen,Individual,Squash,2,2,2,0,0,0,0,0,0,0,0,0,0,0,0,0
2017,2017-07-25,July,Roedale,Karen,Individual,Squash,4,4,0,0,0,0,0,0,0,0,0,0,0,0,0,0
2017,2017-07-25,July,Roedale,Karen,Individual,Squash,4,4,4,0,0,0,0,0,0,0,0,0,0,0,0,0
2017,2017-07-18,July,Roedale,Karen,Individual,Squash,1,1,10,0,0,0,0,0,0,1,0,0,0,0,0,1
2017,2017-07-18,July,Roedale,Karen,Individual,Squash,6,6,0,0,0,0,3,0,0,1,0,0,0,0,0,1
2017,2017-07-18,July,Roedale,Karen,Individual,Squash,5,7,7,0,0,0,0,0,0,1,0,0,0,0,0,1
2017,2017-07-04,July,Roedale,Karen,Individual,Squash,2,2,2,0,0,0,0,0,0,0,0,0,0,0,0,0
2017,2017-07-25,July,Roedale,Karen,Individual,Tomato,1,7,0,0,0,0,0,0,0,0,0,0,0,0,0,0
2017,2017-07-18,July,Roedale,Karen,Individual,Tomato,1,6,0,0,0,0,0,0,0,0,0,0,0,0,0,0
2017,2017-07-04,July,Roedale,Karen,Individual,Tomato,1,4,0,0,0,0,0,0,0,0,0,0,0,0,0,0
2017,2017-06-20,June,Roedale,Karen,Individual,Blackberry,,50,1,0,0,0,1,0,0,0,0,0,0,0,0,0
2017,2017-06-20,June,Roedale,Karen,Individual,Blackberry,,500,4,0,0,0,10,0,0,0,0,0,0,0,0,0
2017,2017-06-09,June,Roedale,Karen,Individual,Blackberry,,150,0,0,0,0,0,0,0,3,0,0,2,0,0,5
2017,2017-06-09,June,Roedale,Karen,Individual,Bbean,40,600,1,0,0,0,0,0,0,2,0,0,0,0,0,2
2017,2017-06-20,June,Roedale,Karen,Individual,Courgette,1,1,0,0,0,0,0,0,0,0,0,0,0,0,0,0
2017,2017-06-20,June,Roedale,Karen,Individual,Cucumber,4,8,12,0,0,0,0,0,0,0,0,0,0,0,0,0
2017,2017-06-09,June,Roedale,Karen,Individual,Raspberry,,300,0,0,0,0,1,0,0,0,0,1,2,0,0,3
2017,2017-06-09,June,Roedale,Karen,Individual,Raspberry,,300,0,0,1,0,0,0,0,0,0,1,0,0,0,1
2017,2017-06-20,June,Roedale,Karen,Individual,Rbean,5,10,0,0,0,0,0,0,0,0,0,0,0,0,0,0
2017,2017-06-20,June,Roedale,Karen,Individual,Rbean,3,12,0,0,0,0,0,0,0,0,0,0,0,0,0,0
2017,2017-06-20,June,Roedale,Karen,Individual,Rbean,7,21,0,0,0,0,0,0,0,0,0,0,0,0,0,0
2017,2017-06-20,June,Roedale,Karen,Individual,Squash,2,2,0,0,0,0,0,0,0,0,0,0,0,0,0,0
2017,2017-06-09,June,Roedale,Karen,Individual,Squash,2,2,0,0,0,0,0,0,0,0,0,0,0,0,0,0
2017,2017-06-20,June,Roedale,Karen,Individual,Strawberry,3,3,0,0,0,0,0,0,0,0,0,0,0,0,0,0
2017,2017-05-27,May,Roedale,Karen,Individual,Raspberry,40,800,0,0,0,0,0,0,0,0,0,0,13,0,0,13
2018,2018-04-20,April,Roedale,Karen,Individual,Gooseberry,2,200,0,0,0,0,0,0,0,0,0,0,0,0,0,0
2018,2018-04-20,April,Roedale,Karen,Individual,Plum,1,200,0,0,0,0,0,0,0,1,0,0,0,0,0,1
2018,2018-08-17,August,Roedale,Karen,Individual,Courgette,5,5,0,0,0,0,0,0,0,0,0,0,0,0,0,0
2018,2018-08-30,August,Roedale,Karen,Individual,Raspberry,15,60,0,0,0,0,0,0,0,0,0,2,0,0,0,2
2018,2018-08-30,August,Roedale,Karen,Individual,Rbean,4,20,0,0,0,0,0,0,0,0,0,1,0,0,0,1
2018,2018-07-10,July,Roedale,Karen,Individual,Courgette,2,3,0,0,0,0,0,0,0,0,0,0,0,0,0,0
2018,2018-07-23,July,Roedale,Karen,Individual,Cucumber,2,2,0,0,0,0,0,0,0,0,0,0,0,0,0,0
2018,2018-07-10,July,Roedale,Karen,Individual,Cucumber,8,16,0,0,0,0,0,0,0,0,0,1,0,0,0,1
2018,2018-07-23,July,Roedale,Karen,Individual,Rbean,6,42,0,0,0,0,0,0,0,0,0,0,0,0,0,0
2018,2018-07-10,July,Roedale,Karen,Individual,Rbean,14,168,0,0,0,0,0,0,0,0,0,0,0,0,0,0
2018,2018-06-19,June,Roedale,Karen,Individual,Bbean,23,230,0,0,0,0,0,0,0,0,0,0,0,0,0,0
2018,2018-06-19,June,Roedale,Karen,Individual,Raspberry,20,60,0,0,0,0,0,0,0,0,0,0,1,0,0,1
2018,2018-06-04,June,Roedale,Karen,Individual,Raspberry,20,200,0,0,0,0,0,0,0,0,0,4,0,0,0,4
2018,2018-06-19,June,Roedale,Karen,Individual,Rbean,15,75,0,0,0,0,0,0,0,0,0,0,0,0,0,0
2018,2018-06-19,June,Roedale,Karen,Individual,Rbean,15,75,0,0,0,0,0,0,0,0,0,0,0,0,0,0
2018,2018-06-19,June,Roedale,Karen,Individual,Strawberry,3,3,0,0,0,0,0,0,0,0,0,0,0,0,0,0
2018,2018-05-09,May,Roedale,Karen,Individual,Apple,1,10,0,0,0,0,0,0,0,0,0,0,0,0,0,0
2018,2018-05-09,May,Roedale,Karen,Individual,Apple,1,200,2,0,0,0,0,0,0,0,0,0,0,0,0,0
2018,2018-05-01,May,Roedale,Karen,Individual,Apple,1,5,0,0,0,0,0,0,0,0,0,0,0,0,0,0
2018,2018-05-01,May,Roedale,Karen,Individual,Apple,1,20,0,0,0,0,0,0,0,0,0,0,0,0,0,0
2018,2018-05-01,May,Roedale,Karen,Individual,Apple,2,200,0,0,0,0,0,0,0,0,0,0,0,0,0,0
2018,2018-05-22,May,Roedale,Karen,Individual,Blueberry,1,50,0,0,0,0,0,0,0,0,0,0,0,0,0,0
2018,2018-05-09,May,Roedale,Karen,Individual,Blueberry,1,50,0,0,0,0,0,0,0,0,0,0,0,0,0,0
2018,2018-05-01,May,Roedale,Karen,Individual,Blueberry,1,50,0,0,0,0,0,0,0,0,0,0,0,0,0,0
2018,2018-05-09,May,Roedale,Karen,Individual,Currant,3,300,0,0,0,0,0,0,0,0,0,0,0,0,0,0
2018,2018-05-01,May,Roedale,Karen,Individual,Currant,6,600,0,1,0,0,0,0,0,1,0,0,0,0,0,1
2018,2018-05-01,May,Roedale,Karen,Individual,Gooseberry,1,100,0,0,0,0,0,0,0,0,0,0,0,0,0,0
2018,2018-05-22,May,Roedale,Karen,Individual,Raspberry,1,4,0,0,0,0,0,0,0,0,0,0,0,0,0,0
2018,2018-05-22,May,Roedale,Karen,Individual,Strawberry,75,375,0,0,0,0,0,0,0,0,0,0,0,0,0,0
2018,2018-05-09,May,Roedale,Karen,Individual,Strawberry,50,200,0,0,0,0,0,0,0,0,0,0,0,0,0,0
2018,2018-05-01,May,Roedale,Karen,Individual,Strawberry,5,55,0,0,0,0,0,0,0,0,0,0,0,0,0,0
2018,2018-09-19,September,Roedale,Karen,Individual,Courgette,2,2,0,0,0,0,0,0,0,0,0,0,0,0,0,0
2018,2018-04-20,April,Roedale,Karin,Individual,Cherry,1,200,0,0,0,0,0,1,0,0,0,0,0,0,0,0
2018,2018-04-20,April,Roedale,Karin,Individual,Currant,1,100,0,0,0,0,0,0,0,0,0,0,0,0,0,0
2018,2018-04-20,April,Roedale,Karin,Individual,Gooseberry,1,100,0,0,0,0,0,0,0,0,0,0,0,0,0,0
2018,2018-04-20,April,Roedale,Karin,Individual,Gooseberry,3,300,0,0,0,0,0,0,0,0,0,0,1,0,0,1
2018,2018-04-20,April,Roedale,Karin,Individual,Gooseberry,1,100,0,0,0,0,0,0,0,1,0,0,1,0,0,2
2018,2018-08-17,August,Roedale,Karin,Individual,Courgette,4,4,0,0,0,0,0,0,0,0,0,2,0,0,0,2
2018,2018-08-17,August,Roedale,Karin,Individual,Raspberry,15,60,0,0,0,0,0,0,0,0,0,0,0,0,0,0
2018,2018-08-17,August,Roedale,Karin,Individual,Rbean,4,20,0,0,0,0,0,0,0,0,0,0,0,0,0,0
2018,2018-07-23,July,Roedale,Karin,Individual,Raspberry,25,25,0,0,0,0,0,0,0,0,0,1,0,0,0,1
2018,2018-07-23,July,Roedale,Karin,Individual,Rbean,6,60,0,0,0,0,0,0,0,0,0,0,0,0,0,0
2018,2018-06-19,June,Roedale,Karin,Individual,Blackberry,4,800,0,0,0,0,2,0,0,2,0,1,0,0,0,3
2018,2018-06-19,June,Roedale,Karin,Individual,Blackberry,4,800,0,0,0,0,2,0,0,2,0,1,0,0,0,3
2018,2018-06-04,June,Roedale,Karin,Individual,Blackberry,,30,1,0,0,0,0,0,0,0,0,0,1,0,0,1
2018,2018-06-04,June,Roedale,Karin,Individual,Bbean,5,5,0,0,0,0,0,0,0,0,0,0,0,0,0,0
2018,2018-06-04,June,Roedale,Karin,Individual,Bbean,4,8,0,0,0,0,0,0,0,0,0,0,0,0,0,0
2018,2018-06-04,June,Roedale,Karin,Individual,Bbean,3,9,0,0,0,0,0,0,0,0,0,0,0,0,0,0
2018,2018-06-04,June,Roedale,Karin,Individual,Raspberry,2,10,0,0,0,0,0,0,0,0,0,1,0,0,0,1
2018,2018-06-04,June,Roedale,Karin,Individual,Raspberry,3,15,0,0,0,0,0,0,0,0,0,0,0,0,0,0
2018,2018-06-04,June,Roedale,Karin,Individual,Raspberry,15,30,0,0,0,0,0,0,0,0,0,0,0,0,0,0
2018,2018-06-04,June,Roedale,Karin,Individual,Strawberry,4,4,0,0,0,0,0,0,0,0,0,0,0,0,0,0
2018,2018-06-04,June,Roedale,Karin,Individual,Strawberry,4,4,1,0,0,0,0,0,0,0,0,0,0,0,0,0
2018,2018-06-04,June,Roedale,Karin,Individual,Strawberry,3,9,0,0,0,0,0,0,0,0,0,0,0,0,0,0
2018,2018-06-04,June,Roedale,Karin,Individual,Strawberry,6,18,0,0,0,0,0,0,0,0,0,0,0,0,0,0
2018,2018-05-09,May,Roedale,Karin,Individual,Apple,1,30,0,0,0,0,0,0,0,0,0,0,0,0,0,0
2018,2018-05-01,May,Roedale,Karin,Individual,Apple,1,7,0,0,0,0,0,0,0,0,0,0,0,0,0,0
2018,2018-05-09,May,Roedale,Karin,Individual,Currant,1,100,0,0,0,0,0,0,0,0,0,0,0,0,0,0
2018,2018-05-01,May,Roedale,Karin,Individual,Currant,1,100,0,0,0,0,0,0,0,0,0,0,0,0,0,0
2018,2018-05-01,May,Roedale,Karin,Individual,Currant,1,100,0,0,0,0,0,0,0,0,0,0,0,0,0,0
2018,2018-05-01,May,Roedale,Karin,Individual,Currant,1,100,0,0,0,0,0,0,0,0,0,0,0,0,0,0
2018,2018-05-01,May,Roedale,Karin,Individual,Gooseberry,1,100,0,0,0,0,0,0,0,0,0,0,0,0,0,0
2018,2018-05-01,May,Roedale,Karin,Individual,Gooseberry,1,100,0,0,0,0,0,0,0,0,0,0,0,0,0,0
2018,2018-05-22,May,Roedale,Karin,Individual,Raspberry,2,4,0,0,0,0,0,0,0,0,0,0,0,0,0,0
2018,2018-05-22,May,Roedale,Karin,Individual,Strawberry,1,2,0,0,0,0,0,0,0,0,0,0,0,0,0,0
2018,2018-05-22,May,Roedale,Karin,Individual,Strawberry,1,3,0,0,0,0,0,0,0,0,0,0,0,0,0,0
2018,2018-05-22,May,Roedale,Karin,Individual,Strawberry,10,20,0,0,0,0,0,0,0,0,0,0,0,0,0,0
2018,2018-05-09,May,Roedale,Karin,Individual,Strawberry,5,15,0,0,0,0,0,0,0,0,0,0,0,0,0,0
2018,2018-09-19,September,Roedale,Karin,Individual,Courgette,1,1,0,0,0,0,0,0,1,0,0,0,0,0,0,0
2018,2018-09-19,September,Roedale,Karin,Individual,Raspberry,100,300,0,0,0,0,1,0,0,0,0,7,0,0,0,7
2018,2018-08-30,August,Roedale,Margy,Individual,Rbean,6,30,0,0,0,0,0,0,0,0,0,0,0,0,0,0
2018,2018-08-30,August,Roedale,Margy,Individual,Courgette,1,1,0,0,0,0,0,0,0,0,0,0,0,0,0,0
2018,2018-08-17,August,Roedale,Margy,Individual,Courgette,3,4,0,0,0,0,1,0,1,0,0,0,0,0,0,0
2018,2018-08-30,August,Roedale,Margy,Individual,Raspberry,30,120,0,0,0,0,0,0,0,0,0,0,0,0,0,0
2018,2018-08-17,August,Roedale,Margy,Individual,Raspberry,50,150,0,0,0,0,0,0,0,0,0,1,0,0,0,1
2018,2018-08-30,August,Roedale,Margy,Individual,Squash,1,1,0,0,0,0,0,0,0,0,0,0,0,0,0,0
2018,2018-08-17,August,Roedale,Margy,Individual,Squash,3,3,0,0,0,0,0,0,0,0,0,0,0,0,0,0
2018,2018-07-10,July,Roedale,Margy,Individual,Courgette,22,6,0,0,0,0,0,0,0,0,0,0,0,0,0,0
2018,2018-06-19,June,Roedale,Margy,Individual,Blackberry,,150,1,2,0,0,2,0,0,0,0,1,0,0,0,1
2018,2018-06-04,June,Roedale,Margy,Individual,Blackberry,,9,0,0,0,0,0,0,0,0,0,0,0,0,0,0
2018,2018-06-19,June,Roedale,Margy,Individual,Raspberry,30,90,0,0,0,0,0,0,0,0,0,0,0,0,0,0
2018,2018-06-04,June,Roedale,Margy,Individual,Raspberry,4,4,0,0,0,0,0,0,0,0,0,0,0,0,0,0
2018,2018-05-22,May,Roedale,Margy,Individual,Strawberry,25,75,0,0,0,0,0,0,0,0,0,0,0,0,0,0
2018,2018-09-13,September,Roedale,Margy,Individual,Courgette,3,3,0,0,1,0,0,0,0,0,0,0,0,0,0,0
2018,2018-09-13,September,Roedale,Margy,Individual,Raspberry,50,150,0,0,0,0,2,0,0,0,0,5,0,0,0,5
2018,2018-09-13,September,Roedale,Margy,Individual,Squash,1,1,0,0,0,0,0,0,0,0,0,0,0,0,0,0
2018,2018-09-13,September,Roedale,Margy,Individual,Strawberry,4,12,0,0,2,0,0,0,0,0,0,0,0,0,0,0
2018,2018-08-17,August,Roedale,Mary,Individual,Rbean,4,12,0,0,0,0,0,0,0,0,0,1,0,0,0,1
2017,2017-08-10,August,Roedale,Mary,Individual,Courgette,1,1,0,0,0,0,0,0,0,0,0,0,0,0,0,0
2017,2017-08-10,August,Roedale,Mary,Individual,Courgette,2,2,0,0,0,0,0,0,0,0,0,0,0,0,0,0
2017,2017-08-29,August,Roedale,Mary,Individual,Raspberry,15,30,0,0,0,0,0,0,0,0,0,0,0,0,0,0
2017,2017-08-22,August,Roedale,Mary,Individual,Raspberry,25,100,0,0,0,0,1,0,0,0,0,3,0,0,0,3
2017,2017-08-10,August,Roedale,Mary,Individual,Raspberry,5,10,0,0,0,0,0,0,0,0,0,0,0,0,0,0
2017,2017-08-29,August,Roedale,Mary,Individual,Squash,1,1,0,0,0,0,0,0,0,0,0,0,0,0,0,0
2017,2017-08-10,August,Roedale,Mary,Individual,Squash,1,1,0,0,0,0,0,0,0,1,0,0,0,0,0,1
2017,2017-07-25,July,Roedale,Mary,Individual,Courgette,1,2,1,0,0,0,0,1,0,0,0,0,0,0,0,0
2017,2017-07-18,July,Roedale,Mary,Individual,Courgette,1,1,1,0,0,0,0,0,0,0,0,0,0,0,0,0
2017,2017-07-25,July,Roedale,Mary,Individual,Raspberry,20,60,0,0,0,0,0,0,0,0,0,0,0,0,0,0
2017,2017-07-18,July,Roedale,Mary,Individual,Raspberry,5,5,0,0,0,0,0,0,0,0,0,0,0,0,0,0
2017,2017-07-18,July,Roedale,Mary,Individual,Rbean,2,8,0,0,0,0,0,0,0,0,0,0,0,0,0,0
2017,2017-07-25,July,Roedale,Mary,Individual,Squash,1,1,1,0,0,0,0,0,0,0,0,0,0,0,0,0
2017,2017-07-25,July,Roedale,Mary,Individual,Squash,3,3,0,0,0,0,0,0,0,1,0,0,0,0,0,1
2017,2017-07-18,July,Roedale,Mary,Individual,Squash,1,2,0,0,0,0,1,0,0,0,0,0,0,0,0,0
2017,2017-06-20,June,Roedale,Mary,Individual,Blackberry,,200,0,0,0,0,4,0,0,0,0,0,0,0,0,0
2017,2017-06-20,June,Roedale,Mary,Individual,Bbean,25,250,0,0,0,0,0,0,0,0,0,0,0,0,0,0
2017,2017-05-27,May,Roedale,Mary,Individual,Bbean,20,200,0,0,0,0,0,0,0,0,0,0,0,0,0,0
2017,2017-05-27,May,Roedale,Mary,Individual,Raspberry,5,100,0,0,0,0,0,0,0,0,0,0,3,0,0,3
2017,2017-05-27,May,Roedale,Mary,Individual,Strawberry,3,4,0,0,0,0,0,0,0,0,0,0,0,0,0,0
2017,2017-05-27,May,Roedale,Mary,Individual,Strawberry,12,24,0,0,0,0,0,0,0,0,0,0,0,0,0,0
2017,2017-05-27,May,Roedale,Mary,Individual,Strawberry,10,30,0,0,0,0,0,0,0,0,0,0,0,0,0,0
2018,2018-04-20,April,Roedale,Mary,Individual,Cherry,1,50,0,1,0,0,1,0,0,0,0,0,0,0,0,0
2018,2018-04-20,April,Roedale,Mary,Individual,Cherry,1,50,0,2,0,0,0,0,0,1,0,0,0,0,0,1
2018,2018-04-20,April,Roedale,Mary,Individual,Gooseberry,3,300,0,0,0,0,1,0,0,0,0,0,0,0,0,0
2018,2018-08-30,August,Roedale,Mary,Individual,Rbean,5,25,0,0,0,0,0,0,0,0,0,0,0,0,1,1
2018,2018-08-30,August,Roedale,Mary,Individual,Squash,2,4,0,0,0,0,0,0,0,0,0,0,0,0,0,0
2018,2018-08-30,August,Roedale,Mary,Individual,Squash,1,1,0,0,0,0,0,0,0,0,0,0,0,0,0,0
2018,2018-08-17,August,Roedale,Mary,Individual,Squash,2,3,0,0,0,0,2,0,0,0,0,0,0,0,0,0
2018,2018-08-17,August,Roedale,Mary,Individual,Squash,3,5,0,0,0,0,1,1,0,1,0,0,0,0,0,1
2018,2018-07-10,July,Roedale,Mary,Individual,Squash,4,5,0,0,0,0,0,0,0,0,0,0,0,0,0,0
2018,2018-06-19,June,Roedale,Mary,Individual,Bbean,4,16,0,0,0,0,0,0,0,0,0,0,0,0,0,0
2018,2018-06-19,June,Roedale,Mary,Individual,Bbean,4,16,0,0,0,0,0,0,0,0,0,0,0,0,0,0
2018,2018-06-04,June,Roedale,Mary,Individual,Bbean,6,60,0,0,0,0,0,0,0,0,0,1,0,0,0,1
2018,2018-06-04,June,Roedale,Mary,Individual,Bbean,6,30,0,0,0,0,0,0,0,1,0,0,0,0,0,1
2018,2018-05-09,May,Roedale,Mary,Individual,Apple,1,150,0,0,0,0,0,0,0,0,0,0,0,0,0,0
2018,2018-05-01,May,Roedale,Mary,Individual,Apple,1,10,0,0,0,0,0,0,0,0,0,0,0,0,0,0
2018,2018-05-01,May,Roedale,Mary,Individual,Currant,5,500,0,0,0,0,0,0,0,0,0,0,0,0,0,0
2018,2018-05-01,May,Roedale,Mary,Individual,Gooseberry,5,500,0,0,0,0,0,0,0,0,0,0,0,0,0,0
2018,2018-05-22,May,Roedale,Mary,Individual,Raspberry,3,6,0,0,0,0,0,0,0,0,0,0,0,0,0,0
2018,2018-09-19,September,Roedale,Mary,Individual,Rbean,4,40,0,0,0,0,0,0,0,0,0,0,0,0,0,0
2018,2018-09-19,September,Roedale,Mary,Individual,Squash,1,1,0,0,0,0,0,0,0,0,0,0,0,0,0,0
2018,2018-08-17,August,Roedale,Plot_103,Individual,Rbean,6,30,0,1,0,0,0,0,0,0,0,0,0,0,0,0
2018,2018-08-30,August,Roedale,Plot_103,Individual,Raspberry,5,15,0,0,0,0,0,0,0,0,0,0,0,0,0,0
2018,2018-08-30,August,Roedale,Plot_103,Individual,Raspberry,20,80,0,0,0,0,0,0,0,0,0,0,0,0,0,0
2018,2018-08-17,August,Roedale,Plot_103,Individual,Raspberry,10,10,0,0,0,0,0,0,0,0,0,0,0,0,0,0
2018,2018-08-30,August,Roedale,Plot_103,Individual,Rbean,4,20,0,0,0,0,0,0,0,0,0,0,0,0,0,0
2018,2018-08-30,August,Roedale,Plot_103,Individual,Squash,1,1,0,0,0,0,0,0,0,0,0,0,0,0,0,0
2018,2018-08-30,August,Roedale,Plot_103,Individual,Squash,1,1,0,0,0,0,0,0,0,0,0,0,0,0,0,0
2018,2018-08-17,August,Roedale,Plot_103,Individual,Squash,2,2,0,0,0,0,0,0,0,0,0,0,0,0,0,0
2018,2018-08-17,August,Roedale,Plot_103,Individual,Squash,4,6,0,0,0,0,1,0,0,0,0,0,0,0,0,0
2018,2018-07-23,July,Roedale,Plot_103,Individual,Raspberry,9,27,0,0,0,0,0,0,0,0,0,0,0,0,0,0
2018,2018-07-23,July,Roedale,Plot_103,Individual,Rbean,5,10,0,0,0,0,0,0,0,0,0,0,0,0,0,0
2018,2018-07-23,July,Roedale,Plot_103,Individual,Squash,2,6,0,0,0,0,1,0,0,0,0,0,0,0,0,0
2018,2018-07-10,July,Roedale,Plot_103,Individual,Squash,1,1,0,0,0,0,0,0,0,0,0,0,0,0,0,0
2018,2018-07-10,July,Roedale,Plot_103,Individual,Tomato,22,330,0,0,0,0,0,0,0,0,0,0,0,0,0,0
2018,2018-06-04,June,Roedale,Plot_103,Individual,Raspberry,6,20,0,0,0,0,0,0,0,0,0,0,0,0,0,0
2018,2018-05-22,May,Roedale,Plot_103,Individual,Blackberry,8,800,0,0,0,0,1,0,0,0,0,1,0,0,0,1
2018,2018-05-22,May,Roedale,Plot_103,Individual,Strawberry,10,30,0,0,0,0,0,0,0,0,0,0,0,0,0,0
2018,2018-05-22,May,Roedale,Plot_103,Individual,Strawberry,8,32,0,0,1,0,0,0,0,0,0,0,0,0,0,0
2018,2018-09-13,September,Roedale,Plot_103,Individual,Raspberry,4,12,0,0,0,0,0,0,0,0,0,3,0,0,0,3
2018,2018-09-13,September,Roedale,Plot_103,Individual,Raspberry,10,30,0,0,0,0,0,0,0,0,0,0,0,0,0,0
2018,2018-09-13,September,Roedale,Plot_103,Individual,Raspberry,15,45,0,0,0,0,0,0,0,0,0,0,0,0,0,0
2018,2018-09-13,September,Roedale,Plot_103,Individual,Rbean,3,9,0,0,0,0,0,0,0,0,0,0,0,0,0,0
2018,2018-09-13,September,Roedale,Plot_103,Individual,Squash,1,1,0,0,0,0,0,0,0,0,0,0,0,0,0,0
2017,2017-08-22,August,Roedale,Plot_137,Individual,Rbean,4,16,0,0,0,0,0,0,0,0,0,0,0,0,0,0
2017,2017-08-10,August,Roedale,Plot_137,Individual,Rbean,10,100,0,0,0,0,2,0,0,0,0,0,0,0,0,0
2017,2017-08-22,August,Roedale,Plot_137,Individual,Squash,1,1,0,0,0,0,0,0,0,0,0,0,0,0,0,0
2017,2017-08-10,August,Roedale,Plot_137,Individual,Squash,1,1,0,0,0,0,0,0,0,0,0,0,0,0,0,0
2017,2017-07-25,July,Roedale,Plot_137,Individual,Rbean,15,150,0,0,0,0,0,0,0,0,0,1,0,0,0,1
2017,2017-07-18,July,Roedale,Plot_137,Individual,Rbean,15,150,0,1,0,0,0,0,0,0,0,0,0,0,0,0
2017,2017-07-04,July,Roedale,Plot_137,Individual,Rbean,15,300,0,0,0,0,0,0,0,0,0,0,0,0,0,0
2017,2017-07-25,July,Roedale,Plot_137,Individual,Squash,2,2,2,0,0,0,0,0,0,0,0,0,0,0,0,0
2017,2017-07-18,July,Roedale,Plot_137,Individual,Squash,3,7,7,0,0,0,0,0,0,0,0,0,0,0,0,0
2017,2017-06-20,June,Roedale,Plot_137,Individual,Blackberry,,50,2,0,0,0,1,0,0,0,0,0,0,0,0,0
2017,2017-06-09,June,Roedale,Plot_137,Individual,Blackberry,,50,1,0,0,0,0,0,0,2,0,1,0,0,0,3
2017,2017-06-20,June,Roedale,Plot_137,Individual,Rbean,15,150,0,0,0,0,0,0,0,0,0,0,0,0,0,0
2017,2017-06-09,June,Roedale,Plot_137,Individual,Rbean,,100,0,0,0,0,0,0,0,0,0,0,0,0,0,0
2017,2017-06-09,June,Roedale,Plot_137,Individual,Strawberry,2,6,0,0,0,0,0,0,0,0,0,0,0,0,0,0
2017,2017-05-27,May,Roedale,Plot_137,Individual,Raspberry,3,14,0,0,0,0,0,0,0,0,0,0,1,0,0,1
2018,2018-04-20,April,Roedale,Plot_137,Individual,Gooseberry,4,400,0,0,0,0,0,0,1,0,0,0,0,0,0,0
2018,2018-04-20,April,Roedale,Plot_137,Individual,Plum,2,100,1,2,0,0,0,0,0,1,0,0,0,0,0,1
2018,2018-04-20,April,Roedale,Plot_137,Individual,Plum,1,50,0,2,0,0,0,1,0,0,0,1,0,0,0,1
2018,2018-06-19,June,Roedale,Plot_137,Individual,Blackberry,2,100,4,5,0,0,0,1,0,0,0,0,0,0,0,0
2018,2018-06-04,June,Roedale,Plot_137,Individual,Blackberry,3,45,5,0,1,0,0,0,0,1,0,0,0,0,0,1
2018,2018-06-04,June,Roedale,Plot_137,Individual,Raspberry,10,10,0,0,0,0,0,0,0,0,0,0,0,0,0,0
2018,2018-05-09,May,Roedale,Plot_137,Individual,Apple,1,100,0,0,0,0,0,0,0,0,0,0,0,0,0,0
2018,2018-05-09,May,Roedale,Plot_137,Individual,Apple,1,150,0,0,0,0,1,0,0,0,0,0,0,0,0,0
2018,2018-05-09,May,Roedale,Plot_137,Individual,Apple,1,500,0,0,1,0,0,0,0,0,0,0,0,0,0,0
2018,2018-05-01,May,Roedale,Plot_137,Individual,Currant,2,200,0,0,0,0,0,0,0,0,0,0,0,0,0,0
2018,2018-05-01,May,Roedale,Plot_137,Individual,Gooseberry,1,100,0,0,0,0,0,0,0,0,0,1,0,0,0,1
2018,2018-05-01,May,Roedale,Plot_137,Individual,Gooseberry,4,400,0,0,0,0,0,0,0,0,0,0,0,0,0,0
2018,2018-05-22,May,Roedale,Plot_137,Individual,Raspberry,4,16,0,0,0,0,3,0,0,0,0,0,0,0,0,0
2018,2018-05-09,May,Roedale,Plot_137,Individual,Strawberry,10,20,0,0,0,0,0,0,0,0,0,0,0,0,0,0
2018,2018-05-01,May,Roedale,Plot_137,Individual,Strawberry,2,6,0,0,0,0,0,0,0,0,0,0,0,0,0,0
2018,2018-05-22,May,Roedale,RandomR_16,Individual,Bbean,13,65,0,0,0,0,0,0,0,0,0,0,0,0,0,0
2018,2018-05-22,May,Roedale,RandomR_16,Individual,Bbean,18,90,0,0,0,0,0,0,0,0,0,0,0,0,0,0
2018,2018-05-22,May,Roedale,RandomR_16,Individual,Strawberry,8,24,0,0,0,0,0,0,0,0,0,0,0,0,0,0
2018,2018-05-22,May,Roedale,RandomR_16,Individual,Strawberry,,24,0,0,0,0,0,0,0,0,0,0,0,0,0,0
2018,2018-05-09,May,Roedale,RandomR_17,Individual,Apple,1,500,0,0,0,0,1,1,0,0,0,0,0,0,0,0
2018,2018-07-10,July,Roedale,RandomR_18,Individual,Courgette,3,9,3,0,0,0,0,1,0,0,0,0,0,0,0,0
2018,2018-07-10,July,Roedale,RandomR_18,Individual,Raspberry,9,9,0,0,0,0,0,1,0,0,0,1,0,0,0,1
2018,2018-07-10,July,Roedale,RandomR_18,Individual,Rbean,4,20,0,0,0,0,0,0,0,0,0,0,0,0,0,0
2018,2018-05-09,May,Roedale,RandomR_19,Individual,Apple,1,200,0,0,0,0,0,0,0,1,0,0,0,0,0,1
2018,2018-04-20,April,Roedale,RandomR_20,Individual,Apple,1,50,0,3,1,0,5,1,0,0,0,0,1,0,0,1
2018,2018-04-20,April,Roedale,RandomR_20,Individual,Cherry,3,150,0,3,0,0,0,0,0,0,0,0,0,0,0,0
2018,2018-04-20,April,Roedale,RandomR_20,Individual,Pear,1,10,0,0,0,0,0,0,0,0,0,0,0,0,0,0
2018,2018-04-20,April,Roedale,RandomR_20,Individual,Plum,1,50,0,1,0,0,0,0,0,0,0,0,0,0,0,0
2018,2018-04-20,April,Roedale,RandomR_20,Individual,Plum,1,50,0,0,0,0,0,0,0,0,0,0,0,0,0,0
2018,2018-05-01,May,Roedale,RandomR_21,Individual,Apple,1,30,0,0,0,0,0,0,0,0,0,1,0,0,0,1
2018,2018-05-01,May,Roedale,RandomR_22,Individual,Apple,1,30,0,0,0,0,0,0,0,0,0,0,0,0,0,0
2018,2018-05-09,May,Roedale,RandomR_24,Individual,Apple,1,100,0,0,0,0,1,0,0,0,0,0,0,0,0,0
2018,2018-04-20,April,Roedale,RandomR_25,Individual,Currant,2,200,0,0,0,0,0,0,0,1,0,0,1,0,0,2
2018,2018-04-20,April,Roedale,RandomR_26,Individual,Currant,2,200,0,0,0,0,0,0,0,0,0,0,0,0,0,0
2018,2018-04-20,April,Roedale,RandomR_27,Individual,Currant,2,200,0,0,0,0,0,0,0,0,0,0,0,0,0,0
2018,2018-04-20,April,Roedale,RandomR_28,Individual,Gooseberry,3,300,0,0,0,0,0,0,0,1,0,0,0,0,0,1
2018,2018-05-09,May,Roedale,RandomR_29,Individual,Cherry,1,1000,0,0,0,0,5,2,0,1,0,0,0,0,0,1
2018,2018-04-20,April,Roedale,RandomR_30,Individual,Plum,2,2000,0,2,0,0,3,1,0,0,0,0,0,0,0,0
2018,2018-04-20,April,Roedale,RandomR_31,Individual,Plum,2,100,0,0,0,0,1,1,0,0,1,0,0,0,0,1
2018,2018-05-09,May,Roedale,RandomR_32,Individual,Apple,1,10,0,0,0,0,0,0,0,0,0,0,0,0,0,0
2018,2018-05-09,May,Roedale,RandomR_32,Individual,Apple,1,20,0,0,1,0,0,0,0,0,0,0,0,0,0,0
2018,2018-05-09,May,Roedale,RandomR_32,Individual,Apple,1,30,0,0,0,0,0,1,0,0,0,0,0,0,0,0
2018,2018-05-09,May,Roedale,RandomR_32,Individual,Apple,1,100,0,0,0,0,0,0,0,0,0,0,0,0,0,0
2018,2018-05-09,May,Roedale,RandomR_32,Individual,Cherry,1,500,0,0,0,0,0,0,0,0,0,0,0,0,0,0
2018,2018-08-17,August,Roedale,Shop,Individual,Rbean,7,35,0,0,0,0,0,0,0,0,0,0,0,0,0,0
2018,2018-08-30,August,Roedale,Shop,Individual,Physalis,3,90,0,0,0,0,0,0,0,0,0,0,0,0,0,0
2018,2018-08-17,August,Roedale,Shop,Individual,Physalis,2,60,0,1,0,0,0,1,0,0,0,0,0,0,0,0
2018,2018-08-17,August,Roedale,Shop,Individual,Squash,1,1,0,0,0,0,0,0,0,0,0,0,0,0,0,0
2018,2018-08-30,August,Roedale,Shop,Individual,Tomato,2,10,0,0,0,0,0,0,0,0,0,0,0,0,0,0
2018,2018-08-17,August,Roedale,Shop,Individual,Tomato,3,30,0,0,0,0,0,0,0,0,0,0,0,0,0,0
2018,2018-07-23,July,Roedale,Shop,Individual,Tomato,22,154,0,0,0,0,0,0,0,0,0,0,0,0,0,0
2018,2018-06-04,June,Roedale,Shop,Individual,Bbean,50,500,0,0,0,0,0,0,0,0,0,2,0,0,0,2
2018,2018-06-19,June,Roedale,Shop,Individual,Tomato,20,200,0,0,0,0,0,0,0,0,0,1,0,0,0,1
2018,2018-05-09,May,Roedale,Shop,Individual,Apple,1,15,0,0,0,0,0,0,0,0,0,0,0,0,0,0
2018,2018-05-09,May,Roedale,Shop,Individual,Strawberry,16,48,0,0,0,0,0,0,0,0,0,0,0,0,0,0
2018,2018-09-19,September,Roedale,Shop,Individual,Physalis,1,30,0,2,0,0,0,0,0,0,0,0,0,0,0,0
2018,2018-09-19,September,Roedale,Shop,Individual,Rbean,5,25,0,0,0,0,0,0,0,0,0,0,0,0,0,0
2017,2017-08-10,August,Weald,Alan_P,Individual,Courgette,5,5,0,0,0,0,2,0,0,0,0,0,0,0,0,0
2017,2017-08-22,August,Weald,Alan_P,Individual,Squash,4,4,0,0,0,0,3,0,0,0,0,0,0,0,0,0
2017,2017-08-22,August,Weald,Alan_P,Individual,Raspberry,15,30,0,0,0,0,1,0,0,0,0,1,0,0,0,1
2017,2017-08-22,August,Weald,Alan_P,Individual,Raspberry,30,120,0,0,0,0,0,0,0,0,0,1,0,0,0,1
2017,2017-08-10,August,Weald,Alan_P,Individual,Raspberry,5,15,0,0,0,0,1,0,0,0,0,0,0,0,0,0
2017,2017-08-10,August,Weald,Alan_P,Individual,Raspberry,10,50,0,0,0,0,0,0,1,0,0,0,0,0,0,0
2017,2017-08-22,August,Weald,Alan_P,Individual,Rbean,6,60,0,0,0,0,0,0,0,0,0,0,0,0,0,0
2017,2017-08-10,August,Weald,Alan_P,Individual,Rbean,14,140,0,0,0,0,2,0,0,0,0,0,0,0,0,0
2017,2017-08-10,August,Weald,Alan_P,Individual,Squash,5,5,0,0,0,0,0,0,0,0,0,0,0,0,0,0
2017,2017-07-25,July,Weald,Alan_P,Individual,Raspberry,2,20,0,0,0,0,0,0,0,0,0,0,0,0,0,0
2017,2017-07-25,July,Weald,Alan_P,Individual,Raspberry,6,30,0,0,0,0,0,0,0,0,1,0,0,0,0,1
2017,2017-07-17,July,Weald,Alan_P,Individual,Raspberry,4,16,0,0,0,0,0,0,0,0,0,0,0,0,0,0
2017,2017-07-25,July,Weald,Alan_P,Individual,Rbean,14,140,0,0,0,0,4,0,0,0,0,0,0,0,0,0
2017,2017-07-17,July,Weald,Alan_P,Individual,Rbean,14,140,0,1,0,0,2,0,0,0,0,0,0,0,0,0
2017,2017-07-05,July,Weald,Alan_P,Individual,Rbean,9,36,0,0,0,0,0,0,0,0,0,0,0,0,0,0
2017,2017-07-25,July,Weald,Alan_P,Individual,Squash,2,2,0,0,0,0,0,0,0,0,0,0,0,0,0,0
2017,2017-06-09,June,Weald,Alan_P,Individual,Raspberry,10,20,0,0,0,0,0,0,0,0,0,0,0,0,0,0
2017,2017-06-09,June,Weald,Alan_P,Individual,Raspberry,20,40,0,0,0,0,0,0,0,1,0,2,0,0,0,3
2017,2017-06-09,June,Weald,Alan_P,Individual,Raspberry,27,54,0,1,0,0,0,0,0,0,1,0,1,0,0,2
2017,2017-06-22,June,Weald,Alan_P,Individual,Rbean,2,6,0,0,0,0,0,0,0,0,0,0,0,0,0,0
2017,2017-06-22,June,Weald,Alan_P,Individual,Rbean,3,12,0,0,0,0,0,0,0,0,0,0,0,0,0,0
2017,2017-06-22,June,Weald,Alan_P,Individual,Rbean,9,90,0,0,0,0,0,0,0,0,0,0,0,0,0,0
2018,2018-08-30,August,Weald,Alan_P,Individual,Raspberry,3,3,0,0,0,0,0,0,0,0,0,0,0,0,0,0
2018,2018-08-07,August,Weald,Alan_P,Individual,Rbean,5,25,0,0,0,0,0,0,0,0,0,0,0,0,0,0
2018,2018-08-30,August,Weald,Alan_P,Individual,Squash,1,1,0,0,0,0,0,0,1,0,0,0,0,0,0,0
2018,2018-08-30,August,Weald,Alan_P,Individual,Squash,3,6,0,0,0,0,0,0,0,0,0,0,0,0,0,0
2018,2018-08-07,August,Weald,Alan_P,Individual,Squash,3,7,0,0,0,0,0,0,0,0,0,0,0,0,0,0
2018,2018-08-30,August,Weald,Alan_P,Individual,Tomato,2,10,0,0,0,0,0,0,0,0,0,0,0,0,0,0
2018,2018-07-24,July,Weald,Alan_P,Individual,Cucumber,3,9,0,0,0,0,0,0,0,0,0,0,0,0,0,0
2018,2018-07-24,July,Weald,Alan_P,Individual,Rbean,3,15,0,0,0,0,0,0,0,0,0,0,0,0,0,0
2018,2018-07-09,July,Weald,Alan_P,Individual,Rbean,11,110,0,1,0,0,0,0,0,0,0,0,0,0,0,0
2018,2018-07-24,July,Weald,Alan_P,Individual,Squash,4,4,0,0,0,0,0,0,0,0,0,0,0,0,0,0
2018,2018-06-21,June,Weald,Alan_P,Individual,Cucumber,3,3,0,0,0,0,0,0,0,0,0,0,0,0,0,0
2018,2018-06-21,June,Weald,Alan_P,Individual,Rbean,6,24,0,0,0,0,0,0,0,0,0,0,0,0,0,0
2018,2018-06-21,June,Weald,Alan_P,Individual,Squash,1,1,1,0,0,0,0,0,0,0,0,0,0,0,0,0
2018,2018-06-05,June,Weald,Alan_P,Individual,Squash,1,1,0,0,0,0,0,0,0,0,0,0,0,0,0,0
2018,2018-05-17,May,Weald,Alan_P,Individual,Apple,1,50,0,0,0,0,0,0,0,0,0,0,0,0,0,0
2018,2018-05-03,May,Weald,Alan_P,Individual,Apple,1,50,0,0,0,0,1,1,0,0,0,0,0,0,0,0
2018,2018-05-03,May,Weald,Alan_P,Individual,Apple,1,100,0,0,0,0,1,0,0,0,0,0,0,0,0,0
2018,2018-05-03,May,Weald,Alan_P,Individual,Apple,2,200,0,0,0,0,0,0,0,0,0,0,0,0,0,0
2018,2018-05-03,May,Weald,Alan_P,Individual,Apple,1,500,0,0,0,0,2,0,0,1,0,0,0,0,0,1
2018,2018-05-03,May,Weald,Alan_P,Individual,Apple,1,1000,0,0,0,0,1,0,0,1,0,0,0,0,0,1
2018,2018-05-03,May,Weald,Alan_P,Individual,Apple,1,1000,0,0,0,0,2,1,0,0,1,0,0,0,0,1
2018,2018-05-03,May,Weald,Alan_P,Individual,Apple,2,2000,0,0,0,0,4,1,0,2,0,1,0,0,0,3
2018,2018-05-03,May,Weald,Alan_P,Individual,Bbean,7,21,0,0,0,0,0,0,0,0,0,0,0,0,0,0
2018,2018-05-03,May,Weald,Alan_P,Individual,Currant,9,900,0,0,0,0,2,1,0,0,0,0,0,0,0,0
2018,2018-05-17,May,Weald,Alan_P,Individual,Raspberry,50,350,0,0,0,0,8,0,0,0,0,0,0,0,0,0
2018,2018-08-30,August,Weald,Beltons,Individual,Rbean,10,70,0,0,0,0,0,0,0,0,0,0,0,0,0,0
2017,2017-08-22,August,Weald,Beltons,Individual,Rbean,8,40,0,0,0,0,3,0,0,0,0,0,0,0,0,0
2017,2017-08-10,August,Weald,Beltons,Individual,Rbean,16,240,0,0,0,0,5,0,0,1,0,0,0,0,0,1
2017,2017-08-22,August,Weald,Beltons,Individual,Squash,5,5,0,0,0,0,0,0,0,0,0,0,0,0,0,0
2017,2017-08-10,August,Weald,Beltons,Individual,Squash,6,6,0,0,0,0,0,0,0,0,0,0,0,0,0,0
2017,2017-07-25,July,Weald,Beltons,Individual,Rbean,16,240,0,0,0,0,4,0,0,0,0,0,0,0,0,0
2017,2017-07-17,July,Weald,Beltons,Individual,Rbean,16,160,0,0,0,0,4,0,0,0,0,0,0,0,0,0
2017,2017-07-05,July,Weald,Beltons,Individual,Rbean,13,52,0,0,0,0,0,0,0,0,0,0,0,0,0,0
2017,2017-07-25,July,Weald,Beltons,Individual,Squash,3,3,0,0,0,0,0,0,0,0,0,0,0,0,0,0
2017,2017-06-09,June,Weald,Beltons,Individual,Raspberry,16,32,0,0,0,0,0,0,0,2,0,0,0,0,0,2
2018,2018-04-22,April,Weald,Beltons,Individual,Apple,1,20,0,0,0,0,0,0,0,0,0,0,0,0,0,0
2018,2018-04-22,April,Weald,Beltons,Individual,Cherry,1,300,0,1,0,0,0,0,0,0,0,0,0,0,0,0
2018,2018-04-22,April,Weald,Beltons,Individual,Currant,1,100,0,0,0,0,0,0,0,0,0,0,0,0,0,0
2018,2018-04-22,April,Weald,Beltons,Individual,Currant,2,200,0,0,0,0,0,0,0,0,0,0,0,0,0,0
2018,2018-04-22,April,Weald,Beltons,Individual,Currant,4,400,0,0,0,0,0,0,1,0,0,0,0,0,0,0
2018,2018-04-22,April,Weald,Beltons,Individual,Pear,1,150,0,0,0,0,0,0,0,0,0,0,0,0,0,0
2018,2018-08-30,August,Weald,Beltons,Individual,Squash,6,6,0,0,0,0,0,0,0,0,0,0,0,0,0,0
2018,2018-08-07,August,Weald,Beltons,Individual,Squash,6,6,0,0,0,0,0,0,0,0,0,0,0,0,0,0
2018,2018-07-24,July,Weald,Beltons,Individual,Courgette,2,3,0,0,0,0,0,0,0,0,0,0,0,0,0,0
2018,2018-07-09,July,Weald,Beltons,Individual,Rbean,9,45,0,0,0,0,0,0,0,0,0,0,0,0,0,0
2018,2018-07-24,July,Weald,Beltons,Individual,Squash,4,6,0,0,0,0,0,0,0,0,0,0,0,0,0,0
2018,2018-07-09,July,Weald,Beltons,Individual,Squash,2,8,0,0,0,0,0,0,0,0,0,0,0,0,0,0
2018,2018-06-05,June,Weald,Beltons,Individual,Raspberry,20,100,0,0,0,0,0,0,0,1,0,1,0,0,0,2
2018,2018-06-05,June,Weald,Beltons,Individual,Raspberry,20,300,0,0,0,0,3,0,0,1,1,0,0,1,0,3
2018,2018-06-21,June,Weald,Beltons,Individual,Rbean,14,28,0,0,0,0,0,0,0,0,0,0,0,0,0,0
2018,2018-05-03,May,Weald,Beltons,Individual,Apple,1,125,0,0,3,0,0,1,0,0,0,0,0,0,0,0
2018,2018-05-03,May,Weald,Beltons,Individual,Currant,2,200,0,0,1,0,1,1,0,0,0,0,0,0,0,0
2018,2018-05-17,May,Weald,Beltons,Individual,Raspberry,15,75,0,0,0,0,7,1,0,0,0,0,0,0,0,0
2018,2018-09-21,September,Weald,Beltons,Individual,Courgette,1,1,0,0,0,0,0,0,0,0,0,0,0,0,0,0
2018,2018-09-21,September,Weald,Beltons,Individual,Rbean,6,30,0,0,0,0,0,0,0,0,0,0,0,0,0,0
2018,2018-09-21,September,Weald,Beltons,Individual,Squash,1,1,0,0,0,0,0,0,0,0,0,0,0,0,0,0
2017,2017-08-10,August,Weald,BHOGG,Community,Courgette,2,2,0,0,0,0,0,0,0,0,0,0,0,0,0,0
2017,2017-08-22,August,Weald,BHOGG,Community,Cucumber,2,2,0,0,0,0,0,0,0,0,0,0,0,0,0,0
2017,2017-08-22,August,Weald,BHOGG,Community,Cucumber,4,12,0,0,0,0,0,0,0,0,0,0,0,0,0,0
2017,2017-08-10,August,Weald,BHOGG,Community,Cucumber,5,20,0,0,0,0,0,0,0,0,0,0,0,0,0,0
2017,2017-08-22,August,Weald,BHOGG,Community,Raspberry,100,200,0,0,2,0,2,0,3,0,0,2,0,0,0,2
2017,2017-08-10,August,Weald,BHOGG,Community,Raspberry,150,300,0,0,0,0,0,0,1,0,0,1,0,0,0,1
2017,2017-08-22,August,Weald,BHOGG,Community,Squash,3,4,0,0,0,0,0,0,0,0,0,0,0,0,0,0
2017,2017-08-10,August,Weald,BHOGG,Community,Squash,2,2,0,0,0,0,0,0,0,0,0,0,0,0,0,0
2017,2017-08-10,August,Weald,BHOGG,Community,Tomato,4,20,0,0,0,0,0,0,0,0,0,0,0,0,0,0
2017,2017-07-25,July,Weald,BHOGG,Community,Courgette,1,1,0,0,0,0,0,0,0,0,0,0,0,0,0,0
2017,2017-07-25,July,Weald,BHOGG,Community,Cucumber,1,1,0,0,0,0,0,0,0,0,0,0,0,0,0,0
2017,2017-07-25,July,Weald,BHOGG,Community,Cucumber,2,4,0,0,0,0,0,0,0,0,0,0,0,0,0,0
2017,2017-07-17,July,Weald,BHOGG,Community,Pepper,1,9,0,0,0,0,0,0,0,0,0,0,0,0,0,0
2017,2017-07-25,July,Weald,BHOGG,Community,Raspberry,200,600,0,0,0,0,4,0,0,2,0,0,0,0,0,2
2017,2017-07-17,July,Weald,BHOGG,Community,Raspberry,150,150,0,1,0,0,10,1,0,2,0,0,0,0,1,3
2017,2017-07-05,July,Weald,BHOGG,Community,Raspberry,75,150,0,0,0,0,3,0,0,1,0,0,0,0,0,1
2017,2017-07-25,July,Weald,BHOGG,Community,Rbean,15,45,0,0,0,0,0,0,0,0,0,0,0,0,0,0
2017,2017-07-17,July,Weald,BHOGG,Community,Rbean,16,32,0,0,0,0,0,0,0,0,0,0,0,0,0,0
2017,2017-07-25,July,Weald,BHOGG,Community,Squash,1,1,0,0,0,0,0,0,0,0,0,0,0,0,0,0
2017,2017-07-25,July,Weald,BHOGG,Community,Squash,1,1,0,0,0,0,0,0,0,0,0,0,0,0,0,0
2017,2017-07-17,July,Weald,BHOGG,Community,Squash,1,1,0,0,0,0,1,0,0,1,0,0,0,0,0,1
2017,2017-07-25,July,Weald,BHOGG,Community,Tomato,3,30,0,0,0,0,0,0,0,0,0,0,0,0,0,0
2017,2017-07-25,July,Weald,BHOGG,Community,Tomato,8,40,0,0,0,0,0,0,0,0,0,0,0,0,0,0
2017,2017-07-17,July,Weald,BHOGG,Community,Tomato,9,27,0,0,0,0,0,0,0,0,0,0,0,0,0,0
2017,2017-07-05,July,Weald,BHOGG,Community,Tomato,6,12,0,0,0,0,0,0,0,0,0,0,0,0,0,0
2017,2017-06-22,June,Weald,BHOGG,Community,Raspberry,75,150,0,0,0,0,0,0,0,1,0,0,0,0,0,1
2017,2017-06-09,June,Weald,BHOGG,Community,Raspberry,150,300,0,0,0,0,0,0,0,2,0,0,0,0,0,2
2017,2017-06-09,June,Weald,BHOGG,Community,Strawberry,3,4,0,0,0,0,0,0,0,0,0,0,0,0,0,0
2017,2017-06-22,June,Weald,BHOGG,Community,Tomato,3,9,0,0,0,0,0,0,0,0,0,0,0,0,0,0
2018,2018-08-07,August,Weald,BHOGG,Community,Courgette,1,1,0,0,0,0,0,0,0,0,0,0,0,0,0,0
2018,2018-08-07,August,Weald,BHOGG,Community,Courgette,4,5,0,0,0,0,0,0,0,0,0,0,0,0,0,0
2018,2018-08-07,August,Weald,BHOGG,Community,Courgette,3,9,0,0,0,0,1,0,0,0,0,0,0,0,0,0
2018,2018-08-07,August,Weald,BHOGG,Community,Courgette,1,2,0,0,0,0,0,0,0,0,0,0,0,0,0,0
2018,2018-08-30,August,Weald,BHOGG,Community,Cucumber,3,15,0,0,0,0,0,0,0,0,0,0,0,0,0,0
2018,2018-08-07,August,Weald,BHOGG,Community,Cucumber,4,20,0,0,0,0,0,0,0,0,0,0,0,0,0,0
2018,2018-08-30,August,Weald,BHOGG,Community,Raspberry,100,400,0,1,0,0,2,0,0,0,0,2,0,0,0,2
2018,2018-08-30,August,Weald,BHOGG,Community,Rbean,4,12,0,0,0,0,0,0,0,0,0,0,0,0,0,0
2018,2018-08-07,August,Weald,BHOGG,Community,Rbean,6,30,0,0,0,0,0,0,0,0,0,0,0,0,0,0
2018,2018-08-30,August,Weald,BHOGG,Community,Squash,3,3,0,0,0,0,1,0,0,0,0,0,0,0,0,0
2018,2018-08-30,August,Weald,BHOGG,Community,Squash,3,3,0,0,2,0,0,0,0,0,0,0,0,0,0,0
2018,2018-08-30,August,Weald,BHOGG,Community,Squash,1,2,0,0,0,0,0,0,0,0,0,0,0,0,0,0
2018,2018-08-07,August,Weald,BHOGG,Community,Squash,2,4,0,0,0,0,1,0,0,0,0,0,0,0,0,0
2018,2018-08-07,August,Weald,BHOGG,Community,Squash,2,2,0,0,0,0,0,0,0,0,0,0,0,0,0,0
2018,2018-08-30,August,Weald,BHOGG,Community,Strawberry,5,5,0,0,0,0,0,0,0,0,0,0,0,0,0,0
2018,2018-08-30,August,Weald,BHOGG,Community,Tomato,2,14,0,0,0,0,0,0,0,0,0,0,0,0,0,0
2018,2018-07-24,July,Weald,BHOGG,Community,Courgette,5,35,0,0,0,0,0,0,0,0,0,0,0,0,0,0
2018,2018-07-24,July,Weald,BHOGG,Community,Courgette,1,1,0,0,0,0,0,0,0,0,0,0,0,0,0,0
2018,2018-07-24,July,Weald,BHOGG,Community,Cucumber,3,9,0,0,0,0,0,0,0,0,0,0,0,0,0,0
2018,2018-07-09,July,Weald,BHOGG,Community,Cucumber,7,70,0,0,0,0,0,0,0,0,0,0,0,0,0,0
2018,2018-07-24,July,Weald,BHOGG,Community,Raspberry,100,200,0,0,0,0,0,0,1,0,0,0,0,0,0,0
2018,2018-07-24,July,Weald,BHOGG,Community,Rbean,3,15,0,0,0,0,0,0,0,0,0,0,0,0,0,0
2018,2018-07-24,July,Weald,BHOGG,Community,Squash,12,19,0,0,0,0,0,0,0,0,0,0,0,0,0,0
2018,2018-07-24,July,Weald,BHOGG,Community,Squash,3,4,0,0,0,0,0,0,0,0,0,0,0,0,0,0
2018,2018-07-24,July,Weald,BHOGG,Community,Tomato,2,10,0,0,0,0,0,0,0,0,0,0,0,0,0,0
2018,2018-06-21,June,Weald,BHOGG,Community,Cucumber,5,10,0,0,0,0,0,0,0,0,0,0,0,0,0,0
2018,2018-06-21,June,Weald,BHOGG,Community,Cucumber,4,4,0,0,0,0,0,0,0,0,0,0,0,0,0,0
2018,2018-06-05,June,Weald,BHOGG,Community,Cucumber,2,4,0,0,0,0,0,0,0,0,0,0,0,0,0,0
2018,2018-06-21,June,Weald,BHOGG,Community,Raspberry,20,40,1,0,0,0,4,0,0,0,0,0,0,1,0,1
2018,2018-06-05,June,Weald,BHOGG,Community,Raspberry,20,300,0,0,0,0,2,0,0,3,3,0,0,0,0,6
2018,2018-06-05,June,Weald,BHOGG,Community,Raspberry,100,400,0,0,0,0,2,0,0,1,0,0,0,0,0,1
2018,2018-06-21,June,Weald,BHOGG,Community,Squash,1,1,1,0,0,0,0,0,0,0,0,0,0,0,0,0
2018,2018-06-05,June,Weald,BHOGG,Community,Strawberry,10,20,0,0,0,0,0,0,0,0,0,0,0,0,0,0
2018,2018-05-17,May,Weald,BHOGG,Community,Apple,1,30,0,0,0,0,0,0,0,0,0,0,0,0,0,0
2018,2018-05-03,May,Weald,BHOGG,Community,Apple,1,100,0,0,0,0,0,0,0,0,0,0,0,0,0,0
2018,2018-05-03,May,Weald,BHOGG,Community,Apple,1,10,0,0,0,0,0,0,0,0,0,0,0,0,0,0
2018,2018-05-03,May,Weald,BHOGG,Community,Apple,1,50,0,0,0,0,0,0,0,0,0,0,0,0,0,0
2018,2018-05-03,May,Weald,BHOGG,Community,Apple,1,75,0,0,0,0,0,0,0,0,0,0,0,0,0,0
2018,2018-05-03,May,Weald,BHOGG,Community,Apple,1,125,0,0,0,0,0,0,0,0,0,0,0,0,0,0
2018,2018-05-03,May,Weald,BHOGG,Community,Bbean,40,200,0,0,0,0,0,0,0,0,0,1,0,0,0,1
2018,2018-05-03,May,Weald,BHOGG,Community,Currant,3,300,0,0,0,0,0,0,0,0,0,0,0,0,0,0
2018,2018-05-03,May,Weald,BHOGG,Community,Currant,4,400,0,0,0,0,0,0,0,1,0,0,0,0,0,1
2018,2018-05-03,May,Weald,BHOGG,Community,Currant,6,600,0,0,1,0,0,0,0,0,0,0,0,0,0,0
2018,2018-05-17,May,Weald,BHOGG,Community,Strawberry,50,250,0,1,0,0,0,1,0,0,0,0,0,0,0,0
2018,2018-05-03,May,Weald,BHOGG,Community,Strawberry,40,120,0,0,0,0,0,0,0,0,0,0,0,0,0,0
2018,2018-09-21,September,Weald,BHOGG,Community,Courgette,1,1,0,0,0,0,0,0,0,0,0,0,0,0,0,0
2018,2018-09-21,September,Weald,BHOGG,Community,Courgette,2,2,0,0,0,0,0,0,0,0,0,0,0,0,0,0
2018,2018-09-21,September,Weald,BHOGG,Community,Raspberry,100,200,0,0,0,0,0,0,0,0,0,1,0,0,0,1
2018,2018-09-21,September,Weald,BHOGG,Community,Squash,1,2,0,0,0,0,0,0,0,0,0,0,0,0,0,0
2018,2018-09-21,September,Weald,BHOGG,Community,Squash,2,3,0,0,0,0,0,0,0,0,0,0,0,0,0,0
2018,2018-09-21,September,Weald,BHOGG,Community,Strawberry,10,10,0,0,0,0,0,0,0,0,0,0,0,0,0,0
2018,2018-08-30,August,Weald,Helen_A,Individual,Rbean,8,40,0,0,0,0,0,0,0,0,0,0,0,0,0,0
2017,2017-08-10,August,Weald,Helen_A,Individual,Courgette,2,2,0,0,0,0,0,0,0,0,0,0,0,0,0,0
2017,2017-08-22,August,Weald,Helen_A,Individual,Cucumber,3,2,0,0,0,0,0,0,0,0,0,0,0,0,0,0
2017,2017-08-22,August,Weald,Helen_A,Individual,Cucumber,4,4,0,0,0,0,0,0,0,0,0,0,0,0,0,0
2017,2017-08-10,August,Weald,Helen_A,Individual,Cucumber,2,2,0,0,0,0,0,0,0,0,0,0,0,0,0,0
2017,2017-08-22,August,Weald,Helen_A,Individual,Squash,6,6,0,0,0,0,0,0,0,0,0,0,0,0,0,0
2017,2017-08-10,August,Weald,Helen_A,Individual,Squash,2,2,0,0,0,0,1,0,0,0,0,0,0,0,0,0
2017,2017-08-22,August,Weald,Helen_A,Individual,Strawberry,7,25,0,0,0,0,0,0,0,0,0,0,0,0,0,0
2017,2017-07-05,July,Weald,Helen_A,Individual,Courgette,1,1,0,0,0,0,0,0,0,0,0,0,0,0,0,0
2017,2017-07-17,July,Weald,Helen_A,Individual,Cucumber,5,12,0,0,0,0,1,0,0,0,0,0,0,0,0,0
2017,2017-07-05,July,Weald,Helen_A,Individual,Cucumber,5,5,0,0,0,0,0,0,0,0,0,0,0,0,0,0
2017,2017-07-25,July,Weald,Helen_A,Individual,Rbean,40,80,0,0,0,0,0,0,0,0,0,0,0,0,0,0
2017,2017-07-17,July,Weald,Helen_A,Individual,Rbean,12,36,0,3,0,0,0,0,0,0,0,0,0,0,0,0
2017,2017-07-05,July,Weald,Helen_A,Individual,Rbean,2,5,0,0,0,0,0,0,0,0,0,0,0,0,0,0
2017,2017-07-05,July,Weald,Helen_A,Individual,Rbean,10,30,0,0,0,0,0,0,0,0,0,0,0,0,0,0
2017,2017-07-25,July,Weald,Helen_A,Individual,Squash,7,8,8,0,0,0,0,0,0,0,0,0,0,0,0,0
2017,2017-07-17,July,Weald,Helen_A,Individual,Squash,6,6,0,0,0,0,3,1,0,0,0,0,0,0,0,0
2017,2017-06-22,June,Weald,Helen_A,Individual,Courgette,5,5,1,0,1,0,0,0,0,0,0,0,0,0,0,0
2017,2017-06-22,June,Weald,Helen_A,Individual,Cucumber,4,8,0,0,0,0,0,0,0,0,0,0,0,0,0,0
2017,2017-06-09,June,Weald,Helen_A,Individual,Raspberry,10,20,0,0,0,0,0,0,0,2,0,0,0,0,0,2
2017,2017-06-01,June,Weald,Helen_A,Individual,Raspberry,8,32,0,0,0,1,0,0,0,3,1,0,0,0,0,4
2017,2017-06-22,June,Weald,Helen_A,Individual,Rbean,12,12,0,0,0,0,0,0,0,0,0,0,0,0,0,0
2018,2018-04-22,April,Weald,Helen_A,Individual,Currant,4,400,0,0,0,0,0,0,0,0,0,0,0,0,0,0
2018,2018-04-22,April,Weald,Helen_A,Individual,Gooseberry,1,100,0,0,0,0,0,0,0,0,0,0,0,0,0,0
2018,2018-04-22,April,Weald,Helen_A,Individual,Strawberry,12,24,0,0,1,0,0,0,0,0,0,0,0,0,0,0
2018,2018-08-30,August,Weald,Helen_A,Individual,Courgette,1,1,0,0,0,0,0,0,0,0,0,0,0,0,0,0
2018,2018-08-30,August,Weald,Helen_A,Individual,Squash,4,4,0,0,0,0,0,0,0,0,0,0,0,0,0,0
2018,2018-08-07,August,Weald,Helen_A,Individual,Squash,4,16,0,0,0,0,1,0,0,0,0,0,0,0,0,0
2018,2018-08-30,August,Weald,Helen_A,Individual,Strawberry,3,6,0,1,2,0,0,0,0,0,0,0,0,0,0,0
2018,2018-07-24,July,Weald,Helen_A,Individual,Cucumber,2,6,0,0,0,0,1,0,0,0,0,0,0,0,0,0
2018,2018-07-24,July,Weald,Helen_A,Individual,Rbean,5,50,0,0,0,0,0,0,0,0,0,1,0,0,0,1
2018,2018-07-24,July,Weald,Helen_A,Individual,Squash,8,8,0,0,0,0,0,0,0,0,0,0,0,0,0,0
2018,2018-06-21,June,Weald,Helen_A,Individual,Courgette,2,2,1,0,0,0,0,0,0,0,0,0,0,0,0,0
2018,2018-06-21,June,Weald,Helen_A,Individual,Cucumber,4,12,0,0,0,0,0,0,0,0,0,0,0,0,0,0
2018,2018-06-21,June,Weald,Helen_A,Individual,Rbean,3,9,0,0,0,0,0,0,0,0,0,0,0,0,0,0
2018,2018-06-21,June,Weald,Helen_A,Individual,Squash,1,1,10,0,0,0,0,0,0,0,0,0,0,0,0,0
2018,2018-05-03,May,Weald,Helen_A,Individual,Currant,4,400,0,0,0,0,0,0,0,0,0,0,0,0,0,0
2018,2018-05-17,May,Weald,Helen_A,Individual,Raspberry,16,32,0,0,0,0,1,0,0,0,0,0,0,0,0,0
2018,2018-05-17,May,Weald,Helen_A,Individual,Strawberry,20,100,0,0,0,0,0,0,0,0,0,0,0,0,0,0
2018,2018-05-03,May,Weald,Helen_A,Individual,Strawberry,20,140,0,2,3,0,0,0,0,0,0,0,0,0,0,0
2017,2017-08-10,August,Weald,Jo,Individual,Courgette,2,2,0,0,0,0,0,0,0,0,0,0,0,0,0,0
2017,2017-08-22,August,Weald,Jo,Individual,Rbean,12,180,0,0,0,0,2,0,0,1,0,0,0,0,0,1
2017,2017-08-10,August,Weald,Jo,Individual,Rbean,12,180,0,0,0,0,3,0,0,0,0,1,0,0,0,1
2017,2017-08-22,August,Weald,Jo,Individual,Squash,2,2,0,0,0,0,1,0,0,0,0,0,0,0,0,0
2017,2017-08-10,August,Weald,Jo,Individual,Squash,3,3,0,0,0,0,2,0,0,0,0,0,0,0,0,0
2017,2017-08-22,August,Weald,Jo,Individual,Strawberry,3,5,0,0,0,0,0,0,0,0,0,0,0,0,0,0
2017,2017-07-05,July,Weald,Jo,Individual,Cucumber,1,4,0,0,1,0,0,0,0,0,0,0,0,0,0,0
2017,2017-07-25,July,Weald,Jo,Individual,Rbean,12,240,0,0,0,0,3,0,0,0,0,0,0,0,0,0
2017,2017-07-17,July,Weald,Jo,Individual,Rbean,10,150,0,1,0,0,3,0,0,1,0,0,0,0,0,1
2017,2017-07-17,July,Weald,Jo,Individual,Squash,1,1,1,0,0,0,0,0,0,0,0,0,0,0,0,0
2017,2017-07-17,July,Weald,Jo,Individual,Tomato,,15,0,0,0,0,0,0,0,0,0,0,0,0,0,0
2017,2017-07-05,July,Weald,Jo,Individual,Tomato,11,11,0,0,0,0,0,0,0,0,0,0,0,0,0,0
2017,2017-06-22,June,Weald,Jo,Individual,Courgette,1,1,0,0,0,0,0,0,0,0,0,0,0,0,0,0
2017,2017-06-09,June,Weald,Jo,Individual,Courgette,1,1,0,0,0,0,0,0,0,0,0,0,0,0,0,0
2017,2017-06-22,June,Weald,Jo,Individual,Strawberry,1,1,0,0,1,0,0,0,0,0,0,0,0,0,0,0
2017,2017-06-22,June,Weald,Jo,Individual,Tomato,3,30,0,0,0,0,0,0,0,0,0,0,0,0,0,0
2017,2017-06-22,June,Weald,Jo,Individual,Tomato,11,55,0,0,0,0,0,0,0,0,0,0,0,0,0,0
2018,2018-08-30,August,Weald,Judith,Individual,Rbean,6,30,0,0,0,0,0,0,0,0,0,0,0,0,0,0
2017,2017-08-22,August,Weald,Judith,Individual,Blackberry,,5,0,0,0,0,2,0,0,0,0,0,0,0,0,0
2017,2017-08-10,August,Weald,Judith,Individual,Blackberry,,20,0,0,0,0,2,0,0,0,0,1,0,0,0,1
2017,2017-08-10,August,Weald,Judith,Individual,Courgette,2,2,0,0,0,0,1,0,0,0,0,0,0,0,0,0
2017,2017-08-10,August,Weald,Judith,Individual,Raspberry,10,40,0,0,0,0,0,0,0,0,0,1,0,0,0,1
2017,2017-08-10,August,Weald,Judith,Individual,Rbean,8,40,0,0,0,0,2,0,0,0,0,0,0,0,0,0
2017,2017-08-22,August,Weald,Judith,Individual,Squash,6,6,6,0,0,0,1,0,0,0,0,0,0,0,0,0
2017,2017-08-10,August,Weald,Judith,Individual,Squash,14,14,0,0,0,0,2,0,0,0,0,0,0,0,0,0
2017,2017-08-22,August,Weald,Judith,Individual,Strawberry,6,6,0,0,0,0,0,0,0,0,0,0,0,0,0,0
2017,2017-08-10,August,Weald,Judith,Individual,Tomato,6,30,0,0,0,0,0,0,0,0,0,0,0,0,0,0
2017,2017-07-25,July,Weald,Judith,Individual,Blackberry,,50,0,0,0,0,3,0,0,0,0,0,0,0,0,0
2017,2017-07-17,July,Weald,Judith,Individual,Blackberry,,75,0,0,1,0,6,0,0,1,1,1,0,0,0,3
2017,2017-07-17,July,Weald,Judith,Individual,Courgette,3,3,0,0,1,0,0,0,0,0,0,0,0,0,0,0
2017,2017-07-17,July,Weald,Judith,Individual,Cucumber,6,10,0,0,0,0,0,0,0,0,0,0,0,0,0,0
2017,2017-07-25,July,Weald,Judith,Individual,Raspberry,50,100,0,0,0,0,2,0,0,1,0,1,0,0,0,2
2017,2017-07-17,July,Weald,Judith,Individual,Raspberry,,50,0,0,0,0,4,0,0,3,0,0,0,0,0,3
2017,2017-07-05,July,Weald,Judith,Individual,Raspberry,80,160,0,0,0,0,5,0,0,3,0,0,0,0,0,3
2017,2017-07-25,July,Weald,Judith,Individual,Rbean,20,200,0,0,0,0,5,0,0,0,0,0,0,0,0,0
2017,2017-07-17,July,Weald,Judith,Individual,Rbean,20,200,0,0,0,0,2,1,0,1,0,0,0,0,0,1
2017,2017-07-05,July,Weald,Judith,Individual,Rbean,20,80,0,0,0,0,0,0,0,0,0,0,0,0,0,0
2017,2017-07-25,July,Weald,Judith,Individual,Squash,1,1,0,0,0,0,0,0,0,0,0,0,0,0,0,0
2017,2017-07-17,July,Weald,Judith,Individual,Squash,4,4,0,0,0,0,0,0,0,0,0,0,0,0,0,0
2017,2017-07-25,July,Weald,Judith,Individual,Tomato,6,30,0,0,0,0,0,0,0,0,0,0,0,0,0,0
2017,2017-07-17,July,Weald,Judith,Individual,Tomato,6,30,0,0,0,0,0,0,0,1,0,0,0,0,0,1
2017,2017-07-05,July,Weald,Judith,Individual,Tomato,6,18,0,0,0,0,0,0,0,0,0,0,0,0,0,0
2017,2017-06-22,June,Weald,Judith,Individual,Blackberry,,500,0,0,2,0,1,0,0,3,0,0,0,0,0,3
2017,2017-06-01,June,Weald,Judith,Individual,Blackberry,2,8,0,0,0,0,0,0,0,1,0,0,0,0,0,1
2017,2017-06-22,June,Weald,Judith,Individual,Bbean,4,40,0,0,0,0,0,0,0,0,0,0,0,0,0,0
2017,2017-06-22,June,Weald,Judith,Individual,Pepper,6,30,0,0,0,0,0,0,0,0,0,0,0,0,0,0
2017,2017-06-22,June,Weald,Judith,Individual,Raspberry,80,240,0,0,0,0,0,3,0,1,2,1,0,0,0,4
2017,2017-06-22,June,Weald,Judith,Individual,Rbean,14,112,0,0,0,0,0,0,0,0,0,1,0,0,0,1
2017,2017-06-22,June,Weald,Judith,Individual,Tomato,6,48,0,0,0,0,0,0,0,0,0,0,0,0,0,0
2018,2018-04-22,April,Weald,Judith,Individual,Bbean,15,75,0,0,0,0,0,0,0,0,0,0,0,0,0,0
2018,2018-04-22,April,Weald,Judith,Individual,Currant,2,200,0,0,0,0,0,0,0,0,0,0,0,0,0,0
2018,2018-04-22,April,Weald,Judith,Individual,Gooseberry,1,100,0,0,0,0,0,0,0,0,0,0,0,0,0,0
2018,2018-04-22,April,Weald,Judith,Individual,Plum,1,10,0,0,0,0,0,0,0,0,0,0,0,0,0,0
2018,2018-04-22,April,Weald,Judith,Individual,Plum,1,750,0,0,0,0,2,0,0,0,0,0,0,0,0,0
2018,2018-04-22,April,Weald,Judith,Individual,Strawberry,14,42,0,0,0,0,0,0,0,0,0,0,0,0,0,0
2018,2018-08-05,August,Weald,Judith,Individual,Blackberry,5,150,0,0,0,0,6,0,0,1,0,1,0,0,0,2
2018,2018-08-30,August,Weald,Judith,Individual,Raspberry,100,100,0,0,0,0,0,0,0,0,0,0,0,0,0,0
2018,2018-08-05,August,Weald,Judith,Individual,Raspberry,6,60,0,0,0,0,0,0,0,0,0,0,0,1,0,1
2018,2018-08-05,August,Weald,Judith,Individual,Strawberry,4,4,0,0,0,0,0,0,0,0,0,0,0,0,0,0
2018,2018-08-07,August,Weald,Judith,Individual,Tomato,4,20,0,0,0,0,0,0,0,0,0,0,0,0,0,0
2018,2018-07-24,July,Weald,Judith,Individual,Courgette,2,3,0,0,0,0,0,0,0,0,0,0,0,0,0,0
2018,2018-07-24,July,Weald,Judith,Individual,Squash,1,2,0,0,0,0,0,0,0,0,0,0,0,0,0,0
2018,2018-06-21,June,Weald,Judith,Individual,Blackberry,4,800,0,0,0,0,10,0,0,3,0,0,0,0,0,3
2018,2018-06-21,June,Weald,Judith,Individual,Cucumber,1,5,0,0,0,0,0,0,0,0,0,0,0,0,0,0
2018,2018-06-21,June,Weald,Judith,Individual,Pepper,4,12,0,0,0,0,0,0,0,0,0,0,0,0,0,0
2018,2018-06-21,June,Weald,Judith,Individual,Raspberry,100,300,0,0,0,0,5,0,0,0,0,2,0,0,0,2
2018,2018-06-21,June,Weald,Judith,Individual,Rbean,18,54,0,0,0,0,0,0,0,0,0,0,0,0,0,0
2018,2018-06-21,June,Weald,Judith,Individual,Tomato,5,25,0,0,0,0,0,0,0,0,0,0,0,0,0,0
2018,2018-05-03,May,Weald,Judith,Individual,Apple,1,200,0,0,1,0,0,1,0,0,0,0,0,0,0,0
2018,2018-05-17,May,Weald,Judith,Individual,Bbean,6,30,0,0,0,0,0,0,0,0,0,0,0,0,0,0
2018,2018-05-03,May,Weald,Judith,Individual,Bbean,20,100,0,0,0,0,0,0,0,0,0,0,0,0,0,0
2018,2018-05-17,May,Weald,Judith,Individual,Cucumber,2,6,0,0,0,0,0,0,0,0,0,0,0,0,0,0
2018,2018-05-03,May,Weald,Judith,Individual,Currant,3,300,0,0,1,0,0,1,0,0,0,0,0,0,0,0
2018,2018-05-17,May,Weald,Judith,Individual,Strawberry,3,6,0,0,0,0,0,0,0,0,0,0,0,0,0,0
2018,2018-05-03,May,Weald,Judith,Individual,Strawberry,11,22,0,0,0,0,0,0,0,0,0,0,0,0,0,0
2018,2018-05-17,May,Weald,Judith,Individual,Tomato,2,10,0,0,0,0,0,0,0,0,0,0,0,0,0,0
2018,2018-09-21,September,Weald,Judith,Individual,Courgette,3,4,0,0,0,0,0,0,0,0,0,0,0,0,0,0
2018,2018-09-21,September,Weald,Judith,Individual,Rbean,3,15,0,0,0,0,0,0,0,0,0,0,0,0,0,0
2018,2018-09-21,September,Weald,Judith,Individual,Rbean,4,20,0,0,0,0,0,0,0,0,0,0,0,0,0,0
2018,2018-08-30,August,Weald,Kate_H,Individual,Courgette,2,2,0,0,0,0,0,0,0,0,0,0,0,0,0,0
2018,2018-08-30,August,Weald,Kate_H,Individual,Rbean,3,9,0,0,0,0,0,0,0,0,0,0,0,0,0,0
2018,2018-08-30,August,Weald,Kate_H,Individual,Squash,2,6,0,0,0,0,0,0,0,0,0,0,0,0,0,0
2018,2018-08-07,August,Weald,Kate_H,Individual,Squash,3,3,0,0,0,0,0,0,0,0,0,0,0,0,0,0
2018,2018-08-30,August,Weald,Kate_H,Individual,Tomato,5,25,0,0,0,0,0,0,0,0,0,0,0,0,0,0
2018,2018-08-07,August,Weald,Kate_H,Individual,Tomato,6,30,0,0,0,0,0,0,0,0,0,0,0,0,0,0
2018,2018-08-07,August,Weald,Kate_H,Individual,Tomato,10,50,0,0,0,0,0,0,0,0,0,0,0,0,0,0
2018,2018-07-09,July,Weald,Kate_H,Individual,Cucumber,1,2,0,0,0,0,0,0,0,0,0,0,0,0,0,0
2018,2018-07-09,July,Weald,Kate_H,Individual,Cucumber,1,2,0,0,0,0,0,0,0,0,0,0,0,0,0,0
2018,2018-06-05,June,Weald,Kate_H,Individual,Squash,1,1,0,0,0,0,0,0,0,0,0,0,0,0,0,0
2018,2018-05-03,May,Weald,Kate_H,Individual,Apple,1,75,0,0,0,0,0,0,0,0,0,0,0,0,0,0
2018,2018-05-03,May,Weald,Kate_H,Individual,Cherry,2,200,0,0,0,0,4,1,0,0,0,0,0,0,0,0
2018,2018-05-03,May,Weald,Kate_H,Individual,Currant,2,200,0,0,0,0,0,0,0,0,0,0,0,0,0,0
2018,2018-05-03,May,Weald,Kate_H,Individual,Pear,1,50,0,0,0,0,0,0,0,0,0,0,0,0,0,0
2018,2018-05-03,May,Weald,Kate_H,Individual,Pear,1,100,0,0,0,0,0,0,0,0,0,0,0,0,0,0
2018,2018-05-17,May,Weald,Kate_H,Individual,Strawberry,4,20,0,0,0,0,0,0,0,0,0,0,0,0,0,0
2018,2018-09-21,September,Weald,Kate_H,Individual,Squash,1,1,0,0,0,0,0,0,0,0,0,0,0,0,0,0
2018,2018-08-07,August,Weald,Mami,Individual,Rbean,4,20,0,0,0,0,0,1,0,0,0,0,0,0,0,0
2018,2018-08-30,August,Weald,Mami,Individual,Rbean,2,20,0,0,0,0,0,0,0,0,0,0,0,0,0,0
2018,2018-08-07,August,Weald,Mami,Individual,Rbean,4,20,0,0,0,0,1,0,0,0,0,0,0,0,0,0
2018,2018-08-07,August,Weald,Mami,Individual,Rbean,5,25,0,0,0,0,0,0,0,0,0,0,0,0,0,0
2018,2018-08-30,August,Weald,Mami,Individual,Squash,2,2,0,0,0,0,0,0,0,0,0,0,0,0,0,0
2018,2018-08-30,August,Weald,Mami,Individual,Tomato,6,30,0,0,0,0,0,0,0,0,0,0,0,0,0,0
2018,2018-07-09,July,Weald,Mami,Individual,Cucumber,1,3,0,0,0,0,0,0,0,0,0,0,0,0,0,0
2018,2018-07-09,July,Weald,Mami,Individual,Tomato,3,60,0,0,0,0,0,0,0,1,0,0,0,0,0,1
2018,2018-06-21,June,Weald,Mami,Individual,Bbean,8,40,0,0,0,0,0,0,0,0,0,0,0,0,0,0
2018,2018-06-21,June,Weald,Mami,Individual,Courgette,1,1,8,0,0,0,0,0,0,0,0,0,0,0,0,0
2018,2018-06-21,June,Weald,Mami,Individual,Tomato,3,10,0,0,0,0,0,0,0,0,0,0,0,0,0,0
2018,2018-05-25,May,Weald,Mami,Individual,Bbean,12,120,0,0,0,0,0,0,0,0,0,1,0,0,0,1
2018,2018-05-25,May,Weald,Mami,Individual,Strawberry,4,8,0,0,0,0,0,0,0,0,0,0,0,0,0,0
2018,2018-05-25,May,Weald,Mami,Individual,Tomato,2,4,0,0,0,0,0,0,0,0,0,0,0,0,0,0
2018,2018-09-21,September,Weald,Mami,Individual,Rbean,3,15,0,0,0,0,0,0,0,0,0,0,0,0,0,0
2018,2018-09-21,September,Weald,Mami,Individual,Squash,2,6,0,0,0,0,0,0,0,0,0,0,0,0,0,0
2018,2018-04-22,April,Weald,RandomW_33,Individual,Apple,1,200,0,0,0,0,0,0,0,0,0,0,0,0,0,0
2018,2018-04-22,April,Weald,RandomW_33,Individual,Currant,2,200,0,0,0,0,0,0,0,0,0,0,0,0,0,0
2018,2018-04-22,April,Weald,RandomW_33,Individual,Gooseberry,4,400,0,0,0,0,0,0,0,0,0,0,0,0,0,0
2018,2018-04-22,April,Weald,RandomW_33,Individual,Plum,1,50,0,0,0,0,0,0,0,2,0,0,0,0,0,2
2018,2018-04-22,April,Weald,RandomW_33,Individual,Plum,4,400,0,0,1,0,0,1,0,2,0,0,0,0,0,2
2018,2018-04-22,April,Weald,RandomW_33,Individual,Strawberry,4,4,0,0,0,0,0,0,0,0,0,0,0,0,0,0
2018,2018-05-17,May,Weald,RandomW_33,Individual,Apple,1,200,0,0,0,0,2,0,0,0,0,0,0,0,0,0
2018,2018-05-17,May,Weald,RandomW_33,Individual,Strawberry,45,90,0,1,0,0,0,0,0,0,0,0,0,0,0,0
2018,2018-06-21,June,Weald,RandomW_34,Individual,Tomato,6,60,0,0,0,0,0,0,0,0,0,0,0,0,0,0
2018,2018-05-03,May,Weald,RandomW_34,Individual,Apple,1,500,0,0,0,0,1,0,0,0,0,0,0,0,0,0
2018,2018-05-03,May,Weald,RandomW_34,Individual,Apple,1,25,0,0,0,0,0,1,0,0,0,0,0,0,0,0
2018,2018-05-03,May,Weald,RandomW_34,Individual,Apple,1,125,0,0,1,0,0,0,0,0,0,0,0,0,0,0
2018,2018-05-03,May,Weald,RandomW_34,Individual,Cherry,1,100,0,0,1,0,0,0,0,1,0,0,0,0,0,1
2018,2018-05-03,May,Weald,RandomW_34,Individual,Currant,2,200,0,0,1,0,0,0,0,0,0,0,0,0,0,0
2018,2018-05-03,May,Weald,RandomW_34,Individual,Currant,6,600,0,0,0,0,0,0,0,0,0,0,0,0,0,0
2018,2018-05-03,May,Weald,RandomW_34,Individual,Strawberry,20,60,0,0,0,0,0,0,0,0,0,0,0,0,0,0
2018,2018-05-03,May,Weald,RandomW_34,Individual,Strawberry,,25,0,1,0,0,0,0,0,0,0,0,0,0,0,0
2018,2018-04-22,April,Weald,RandomW_35,Individual,Cherry,2,2000,0,0,2,0,0,0,0,0,0,0,0,0,0,0
2018,2018-04-22,April,Weald,RandomW_35,Individual,Currant,6,600,0,0,0,0,0,0,0,0,0,0,0,0,0,0
2018,2018-04-22,April,Weald,RandomW_35,Individual,Gooseberry,1,100,0,0,0,0,0,0,0,0,0,0,0,0,0,0
2018,2018-04-22,April,Weald,RandomW_35,Individual,Strawberry,11,22,0,0,0,0,0,0,0,0,0,0,0,0,0,0
2018,2018-05-17,May,Weald,RandomW_36,Individual,Bbean,100,700,0,0,0,0,0,0,0,0,0,0,0,0,0,0
2018,2018-05-17,May,Weald,RandomW_36,Individual,Raspberry,22,66,0,0,0,0,5,0,0,0,0,0,0,0,0,0
2018,2018-05-17,May,Weald,RandomW_36,Individual,Strawberry,15,75,0,0,0,0,0,0,0,0,0,0,0,0,0,0
2018,2018-05-17,May,Weald,RandomW_37,Individual,Raspberry,40,120,0,0,0,0,5,0,0,0,0,0,0,0,0,0
2018,2018-05-17,May,Weald,RandomW_37,Individual,Strawberry,40,80,0,0,0,0,0,0,0,0,0,0,0,0,0,0
2018,2018-05-03,May,Weald,RandomW_38,Individual,Apple,2,100,0,0,0,0,2,0,0,0,0,0,0,0,0,0
2018,2018-05-03,May,Weald,RandomW_38,Individual,Currant,4,400,0,0,0,0,0,0,0,0,0,0,0,0,0,0
2018,2018-05-03,May,Weald,RandomW_38,Individual,Gooseberry,4,400,0,0,0,0,0,0,0,0,0,0,0,0,0,0
2018,2018-08-30,August,Weald,Rowan,Individual,Rbean,6,60,0,0,0,0,0,0,0,0,0,0,0,0,0,0
2017,2017-08-22,August,Weald,Rowan,Individual,Pepper,1,1,0,0,0,0,0,0,0,0,0,0,0,0,0,0
2017,2017-08-22,August,Weald,Rowan,Individual,Raspberry,20,60,0,0,0,0,4,0,1,0,0,0,0,0,0,0
2017,2017-08-10,August,Weald,Rowan,Individual,Raspberry,25,125,0,0,0,0,2,0,0,2,0,0,0,0,0,2
2017,2017-08-22,August,Weald,Rowan,Individual,Rbean,5,25,0,0,0,0,0,0,0,0,0,0,0,0,0,0
2017,2017-08-10,August,Weald,Rowan,Individual,Rbean,3,30,0,0,0,0,0,0,0,0,0,0,0,0,0,0
2017,2017-07-25,July,Weald,Rowan,Individual,Cucumber,3,3,0,0,0,0,0,0,0,0,0,0,0,0,0,0
2017,2017-07-17,July,Weald,Rowan,Individual,Cucumber,3,6,1,0,0,0,0,0,0,0,0,0,0,0,0,0
2017,2017-07-05,July,Weald,Rowan,Individual,Cucumber,3,10,0,0,0,0,0,0,0,0,0,0,0,0,0,0
2017,2017-07-25,July,Weald,Rowan,Individual,Raspberry,30,90,0,0,0,0,0,0,0,0,0,0,0,0,0,0
2017,2017-07-17,July,Weald,Rowan,Individual,Raspberry,8,24,0,0,0,0,0,0,0,0,0,0,0,0,0,0
2017,2017-07-05,July,Weald,Rowan,Individual,Raspberry,5,5,0,0,0,0,0,1,0,0,0,0,0,0,0,0
2017,2017-07-25,July,Weald,Rowan,Individual,Rbean,2,10,0,0,0,0,0,0,0,0,0,0,0,0,0,0
2017,2017-07-17,July,Weald,Rowan,Individual,Rbean,3,5,0,0,0,0,1,0,0,0,0,0,0,0,0,0
2017,2017-07-05,July,Weald,Rowan,Individual,Rbean,1,1,0,0,0,0,0,0,0,0,0,0,0,0,0,0
2017,2017-07-05,July,Weald,Rowan,Individual,Rbean,1,4,0,0,0,0,0,0,0,0,0,0,0,0,0,0
2017,2017-06-09,June,Weald,Rowan,Individual,Bbean,2,10,0,0,0,0,0,0,0,0,0,0,0,0,0,0
2017,2017-06-09,June,Weald,Rowan,Individual,Courgette,3,6,0,0,0,0,0,0,0,0,0,0,0,0,0,0
2018,2018-08-30,August,Weald,Rowan,Individual,Courgette,3,4,0,1,0,0,0,0,0,0,0,0,0,0,0,0
2018,2018-08-07,August,Weald,Rowan,Individual,Courgette,4,4,0,0,0,0,0,0,0,0,0,0,0,0,0,0
2018,2018-08-01,August,Weald,Rowan,Individual,Courgette,2,6,0,0,0,0,0,0,0,0,0,0,0,0,0,0
2018,2018-08-30,August,Weald,Rowan,Individual,Raspberry,30,120,0,0,0,0,2,0,0,0,0,0,0,0,0,0
2018,2018-08-30,August,Weald,Rowan,Individual,Rbean,4,12,0,0,0,0,0,0,0,0,0,0,0,0,0,0
2018,2018-08-07,August,Weald,Rowan,Individual,Rbean,,12,0,0,0,0,0,0,0,0,0,0,0,0,0,0
2018,2018-08-07,August,Weald,Rowan,Individual,Rbean,,60,0,0,0,0,0,0,0,0,0,0,0,0,0,0
2018,2018-08-01,August,Weald,Rowan,Individual,Rbean,4,20,0,0,0,0,0,0,0,0,0,0,0,0,0,0
2018,2018-08-07,August,Weald,Rowan,Individual,Squash,2,2,0,1,0,0,1,0,0,0,0,0,0,0,0,0
2018,2018-08-07,August,Weald,Rowan,Individual,Squash,1,6,0,0,0,0,0,0,0,0,0,0,0,0,0,0
2018,2018-08-01,August,Weald,Rowan,Individual,Squash,2,2,0,0,0,0,0,0,0,1,0,0,0,0,0,1
2018,2018-07-09,July,Weald,Rowan,Individual,Courgette,2,4,0,0,0,0,0,0,0,0,0,0,0,0,0,0
2018,2018-07-09,July,Weald,Rowan,Individual,Raspberry,10,20,0,0,0,0,0,0,0,0,0,0,0,0,0,0
2018,2018-06-05,June,Weald,Rowan,Individual,Raspberry,5,50,0,0,0,0,0,0,0,0,0,0,0,1,0,1
2018,2018-06-05,June,Weald,Rowan,Individual,Squash,2,4,0,0,0,0,0,0,0,0,0,0,0,0,0,0
2018,2018-05-17,May,Weald,Rowan,Individual,Bbean,5,50,0,0,0,0,0,0,0,0,0,0,0,0,0,0
2018,2018-05-03,May,Weald,Rowan,Individual,Bbean,4,12,0,0,0,0,0,0,0,0,0,0,0,0,0,0
2018,2018-05-03,May,Weald,Rowan,Individual,Cherry,1,500,0,0,0,0,0,0,0,0,0,0,0,0,0,0
2018,2018-05-03,May,Weald,Rowan,Individual,Currant,2,200,0,0,0,0,0,0,0,0,0,0,0,0,0,0
2018,2018-05-17,May,Weald,Rowan,Individual,Raspberry,3,15,0,0,0,0,0,0,0,0,0,0,0,0,0,0
2018,2018-05-17,May,Weald,Rowan,Individual,Strawberry,5,25,0,0,0,0,0,0,0,0,0,0,0,0,0,0
2018,2018-05-17,May,Weald,Rowan,Individual,Strawberry,10,50,0,0,0,0,0,0,0,0,0,0,0,0,0,0
2018,2018-05-03,May,Weald,Rowan,Individual,Strawberry,10,200,0,0,0,0,0,0,0,0,0,0,0,0,0,0
2018,2018-09-21,September,Weald,Rowan,Individual,Raspberry,20,80,0,0,0,0,0,0,0,0,0,1,0,0,0,1
2018,2018-09-21,September,Weald,Rowan,Individual,Raspberry,20,80,0,0,0,0,0,0,1,0,0,0,0,0,0,0
2018,2018-09-21,September,Weald,Rowan,Individual,Rbean,1,6,0,0,0,0,0,0,0,0,0,0,0,0,0,0
2017,2017-08-22,August,Weald,Vanessa,Individual,Courgette,1,1,0,0,0,0,0,0,0,0,0,0,0,0,0,0
2017,2017-08-10,August,Weald,Vanessa,Individual,Courgette,3,3,0,0,0,0,0,0,0,0,0,0,0,0,0,0
2017,2017-08-22,August,Weald,Vanessa,Individual,Rbean,1,10,0,0,0,0,0,0,0,0,0,0,0,0,0,0
2017,2017-08-22,August,Weald,Vanessa,Individual,Rbean,3,30,0,0,0,0,2,0,0,0,0,0,0,0,0,0
2017,2017-08-10,August,Weald,Vanessa,Individual,Rbean,8,80,0,0,0,0,3,0,0,0,0,0,0,0,0,0
2017,2017-08-22,August,Weald,Vanessa,Individual,Squash,3,4,0,0,0,0,0,0,0,0,0,0,0,0,0,0
2017,2017-08-22,August,Weald,Vanessa,Individual,Squash,6,6,0,0,0,0,0,0,0,0,0,0,0,0,0,0
2017,2017-08-22,August,Weald,Vanessa,Individual,Squash,12,12,0,0,0,0,0,0,0,0,0,0,0,0,0,0
2017,2017-08-10,August,Weald,Vanessa,Individual,Squash,3,3,0,0,0,0,0,0,1,0,0,0,0,0,0,0
2017,2017-08-22,August,Weald,Vanessa,Individual,Tomato,4,20,0,0,0,0,0,0,0,0,0,0,0,0,0,0
2017,2017-08-10,August,Weald,Vanessa,Individual,Tomato,7,35,0,0,0,0,0,0,0,0,0,0,0,0,0,0
2017,2017-07-17,July,Weald,Vanessa,Individual,Cucumber,2,4,0,0,0,0,0,0,0,0,0,0,0,0,0,0
2017,2017-07-17,July,Weald,Vanessa,Individual,Pepper,1,3,0,0,0,0,0,0,0,0,0,0,0,0,0,0
2017,2017-07-17,July,Weald,Vanessa,Individual,Rbean,1,1,0,0,0,0,0,0,0,0,0,0,0,0,0,0
2017,2017-07-17,July,Weald,Vanessa,Individual,Rbean,4,12,0,0,0,0,0,0,0,0,0,0,0,0,0,0
2017,2017-07-17,July,Weald,Vanessa,Individual,Rbean,2,15,0,0,0,0,0,0,0,0,0,0,0,0,0,0
2017,2017-07-05,July,Weald,Vanessa,Individual,Rbean,1,3,0,0,0,0,0,0,0,0,0,0,0,0,0,0
2017,2017-07-17,July,Weald,Vanessa,Individual,Tomato,3,4,0,0,0,0,0,0,0,0,0,0,0,0,0,0
2018,2018-08-07,August,Weald,Vanessa,Individual,Courgette,2,2,0,0,0,0,0,0,0,0,0,0,0,0,0,0
2018,2018-08-30,August,Weald,Vanessa,Individual,Cucumber,1,1,0,0,0,0,0,0,0,0,0,0,0,0,0,0
2018,2018-08-07,August,Weald,Vanessa,Individual,Cucumber,1,2,0,0,0,0,0,0,0,0,0,0,0,0,0,0
2018,2018-08-30,August,Weald,Vanessa,Individual,Pear,1,60,0,0,0,0,1,0,0,0,0,0,0,0,0,0
2018,2018-08-30,August,Weald,Vanessa,Individual,Rbean,4,20,0,1,0,0,0,0,0,0,0,0,0,0,0,0
2018,2018-08-07,August,Weald,Vanessa,Individual,Rbean,3,30,0,0,0,0,0,0,0,0,0,0,0,0,0,0
2018,2018-08-30,August,Weald,Vanessa,Individual,Squash,2,2,0,0,0,0,0,0,0,0,0,0,0,0,0,0
2018,2018-08-30,August,Weald,Vanessa,Individual,Squash,4,5,0,2,0,0,0,0,0,0,0,0,0,0,0,0
2018,2018-08-07,August,Weald,Vanessa,Individual,Squash,1,1,0,0,0,0,0,0,0,0,0,0,0,0,0,0
2018,2018-08-07,August,Weald,Vanessa,Individual,Squash,1,1,0,0,0,0,0,0,0,0,0,0,0,0,0,0
2018,2018-08-07,August,Weald,Vanessa,Individual,Squash,4,4,0,0,0,0,1,0,0,0,0,0,0,0,0,0
2018,2018-08-30,August,Weald,Vanessa,Individual,Tomato,8,56,0,0,0,0,0,0,0,0,0,0,0,0,0,0
2018,2018-08-07,August,Weald,Vanessa,Individual,Tomato,2,14,0,0,0,0,0,0,0,0,0,0,0,0,0,0
2018,2018-07-24,July,Weald,Vanessa,Individual,Courgette,1,1,0,0,0,0,1,0,0,0,0,0,0,0,0,0
2018,2018-07-24,July,Weald,Vanessa,Individual,Courgette,2,2,0,0,0,0,0,0,0,0,0,0,0,0,0,0
2018,2018-07-24,July,Weald,Vanessa,Individual,Rbean,3,30,0,0,0,0,0,0,0,0,0,0,0,0,0,0
2018,2018-07-24,July,Weald,Vanessa,Individual,Squash,1,2,0,0,0,0,0,0,0,0,0,0,0,0,0,0
2018,2018-06-05,June,Weald,Vanessa,Individual,Blackberry,2,40,0,0,0,0,0,0,0,0,0,0,0,0,0,0
2018,2018-06-21,June,Weald,Vanessa,Individual,Courgette,1,1,7,0,0,0,0,0,0,0,0,0,0,0,0,0
2018,2018-06-21,June,Weald,Vanessa,Individual,Cucumber,1,1,0,0,0,0,0,0,0,0,0,0,0,0,0,0
2018,2018-05-17,May,Weald,Vanessa,Individual,Raspberry,15,60,0,0,0,0,2,0,0,0,1,0,0,0,0,1
2017,2017-08-22,August,Weald,Vicki_K,Individual,Courgette,2,2,0,0,0,0,0,0,0,0,0,0,0,0,0,0
2017,2017-08-10,August,Weald,Vicki_K,Individual,Courgette,7,7,0,0,0,0,0,0,0,0,0,0,0,0,0,0
2017,2017-08-22,August,Weald,Vicki_K,Individual,Tomato,15,75,0,0,0,0,0,0,0,0,0,0,0,0,0,0
2017,2017-08-10,August,Weald,Vicki_K,Individual,Tomato,10,100,0,0,0,0,0,0,0,0,0,0,0,0,0,0
2017,2017-07-17,July,Weald,Vicki_K,Individual,Blackberry,,17,0,1,0,0,0,0,0,1,0,0,0,0,0,1
2017,2017-07-25,July,Weald,Vicki_K,Individual,Rbean,10,20,0,0,0,0,0,0,0,0,0,0,0,0,0,0
2017,2017-07-17,July,Weald,Vicki_K,Individual,Tomato,15,150,0,0,0,0,0,0,0,0,0,0,0,0,0,0
2017,2017-06-22,June,Weald,Vicki_K,Individual,Blackberry,,50,0,0,0,0,1,0,0,0,0,0,0,0,0,0
2017,2017-06-09,June,Weald,Vicki_K,Individual,Blackberry,5,29,0,0,0,0,1,1,0,2,0,0,0,1,0,3
2017,2017-06-01,June,Weald,Vicki_K,Individual,Blackberry,5,30,0,0,0,0,1,0,0,0,0,0,0,0,0,0
2017,2017-06-01,June,Weald,Vicki_K,Individual,Bbean,22,550,0,1,0,0,0,0,0,0,0,0,0,0,0,0
2017,2017-06-09,June,Weald,Vicki_K,Individual,Raspberry,1,2,0,0,0,0,0,0,0,0,0,0,0,0,0,0
2017,2017-06-09,June,Weald,Vicki_K,Individual,Raspberry,4,12,0,0,0,0,0,0,0,0,0,0,0,0,0,0
2017,2017-06-01,June,Weald,Vicki_K,Individual,Raspberry,10,50,0,0,0,0,0,0,0,1,0,0,1,0,0,2
2017,2017-06-01,June,Weald,Vicki_K,Individual,Strawberry,2,4,0,0,0,0,0,0,0,0,0,0,0,0,0,0
2017,2017-06-01,June,Weald,Vicki_K,Individual,Strawberry,7,7,0,0,0,0,0,0,0,0,0,0,0,0,0,0
2017,2017-06-01,June,Weald,Vicki_K,Individual,Strawberry,4,4,0,0,0,0,0,1,0,0,0,0,0,0,0,0
2017,2017-06-01,June,Weald,Vicki_K,Individual,Tomato,6,30,0,0,0,0,0,0,0,0,0,0,0,0,0,0
2017,2017-06-01,June,Weald,Vicki_K,Individual,Tomato,12,60,0,0,0,0,0,0,0,0,0,0,0,0,0,0
2018,2018-08-07,August,Weald,Vicki_K,Individual,Courgette,5,15,0,0,0,0,3,0,0,0,0,0,0,0,0,0
2018,2018-08-07,August,Weald,Vicki_K,Individual,Cucumber,3,30,0,0,0,0,0,1,0,0,0,0,0,0,0,0
2018,2018-08-07,August,Weald,Vicki_K,Individual,Pepper,2,6,0,0,0,0,0,0,0,0,0,0,0,0,0,0
2018,2018-08-30,August,Weald,Vicki_K,Individual,Squash,3,3,0,0,0,0,0,0,0,0,0,0,0,0,0,0
2018,2018-08-07,August,Weald,Vicki_K,Individual,Squash,9,27,0,0,0,0,9,0,0,0,1,0,0,0,0,1
2018,2018-07-24,July,Weald,Vicki_K,Individual,Courgette,4,4,0,0,0,0,2,0,0,0,0,0,0,0,0,0
2018,2018-07-24,July,Weald,Vicki_K,Individual,Cucumber,3,15,0,0,0,0,0,0,0,0,0,0,0,0,0,0
2018,2018-07-09,July,Weald,Vicki_K,Individual,Cucumber,3,60,0,0,0,1,0,0,0,0,0,0,0,0,0,0
2018,2018-07-24,July,Weald,Vicki_K,Individual,Pepper,6,18,0,0,0,0,0,0,0,0,0,0,0,0,0,0
2018,2018-07-09,July,Weald,Vicki_K,Individual,Pepper,10,50,0,0,0,0,0,0,0,0,0,0,0,0,0,0
2018,2018-07-24,July,Weald,Vicki_K,Individual,Squash,7,7,0,0,0,0,2,0,0,0,0,0,0,0,0,0
2018,2018-07-09,July,Weald,Vicki_K,Individual,Tomato,10,50,0,0,0,0,0,0,0,0,0,0,0,0,0,0
2018,2018-06-21,June,Weald,Vicki_K,Individual,Blackberry,3,150,0,1,0,0,4,0,0,2,1,0,0,0,0,3
2018,2018-06-21,June,Weald,Vicki_K,Individual,Courgette,1,1,4,0,0,0,0,0,0,0,0,0,0,0,0,0
2018,2018-06-21,June,Weald,Vicki_K,Individual,Cucumber,2,8,0,0,0,0,0,0,0,0,0,0,0,0,0,0
2018,2018-05-03,May,Weald,Vicki_K,Individual,Bbean,10,70,0,0,0,0,0,0,0,0,0,0,0,0,0,0
2018,2018-09-21,September,Weald,Vicki_K,Individual,Courgette,1,1,0,0,0,0,0,0,0,0,0,0,0,0,0,0
2018,2018-08-30,August,Weald,Viv,Individual,Rbean,5,50,0,0,0,0,0,0,0,0,0,0,0,0,0,0
2018,2018-08-30,August,Weald,Viv,Individual,Rbean,20,100,0,0,0,0,0,0,0,0,0,0,0,0,0,0
2018,2018-08-07,August,Weald,Viv,Individual,Rbean,30,300,0,0,0,0,0,0,0,0,0,0,0,0,0,0
2018,2018-08-05,August,Weald,Viv,Individual,Blackberry,6,180,1,0,0,0,6,0,0,5,0,0,0,0,0,5
2018,2018-08-05,August,Weald,Viv,Individual,Courgette,1,1,0,0,0,0,0,0,0,0,0,0,0,0,0,0
2018,2018-08-30,August,Weald,Viv,Individual,Raspberry,20,20,0,0,0,0,0,0,0,0,0,1,0,0,0,1
2018,2018-08-07,August,Weald,Viv,Individual,Raspberry,20,80,0,0,0,0,0,0,0,0,0,1,0,0,0,1
2018,2018-08-05,August,Weald,Viv,Individual,Raspberry,15,150,0,0,0,0,1,0,0,3,0,0,0,1,0,4
2018,2018-08-30,August,Weald,Viv,Individual,Rbean,2,6,0,0,0,0,0,0,0,0,0,0,0,0,0,0
2018,2018-08-30,August,Weald,Viv,Individual,Squash,1,1,0,0,0,0,0,0,0,0,0,0,0,0,0,0
2018,2018-08-30,August,Weald,Viv,Individual,Squash,2,2,0,0,0,0,0,0,0,0,0,0,0,0,0,0
2018,2018-08-07,August,Weald,Viv,Individual,Squash,2,2,0,0,0,0,0,0,0,0,0,0,0,0,0,0
2018,2018-08-07,August,Weald,Viv,Individual,Squash,6,6,0,0,0,0,1,0,0,0,0,0,0,0,0,0
2018,2018-08-30,August,Weald,Viv,Individual,Strawberry,1,2,0,0,0,0,0,0,0,0,0,0,0,0,0,0
2018,2018-08-05,August,Weald,Viv,Individual,Strawberry,9,9,1,0,0,0,0,0,0,0,0,0,0,0,0,0
2018,2018-07-24,July,Weald,Viv,Individual,Raspberry,4,12,0,0,0,0,0,0,0,0,0,0,0,0,0,0
2018,2018-07-09,July,Weald,Viv,Individual,Raspberry,8,16,0,0,0,0,0,0,0,0,0,0,0,0,0,0
2018,2018-07-24,July,Weald,Viv,Individual,Rbean,14,140,0,0,0,0,0,0,0,0,0,0,0,0,0,0
2018,2018-07-09,July,Weald,Viv,Individual,Rbean,12,60,0,0,0,0,0,0,0,0,0,0,0,0,0,0
2018,2018-06-21,June,Weald,Viv,Individual,Blackberry,4,800,4,0,0,0,8,0,0,4,0,0,0,0,0,4
2018,2018-06-21,June,Weald,Viv,Individual,Courgette,1,1,6,0,0,0,0,0,0,0,0,0,0,0,0,0
2018,2018-06-21,June,Weald,Viv,Individual,Rbean,12,60,0,0,0,0,0,0,0,0,0,0,0,0,0,0
2018,2018-05-03,May,Weald,Viv,Individual,Apple,1,10,0,0,0,0,0,0,0,0,0,0,0,0,0,0
2018,2018-05-03,May,Weald,Viv,Individual,Apple,2,20,0,0,0,0,0,0,0,0,0,0,0,0,0,0
2018,2018-05-03,May,Weald,Viv,Individual,Apple,1,30,0,0,0,0,0,0,0,0,0,0,0,0,0,0
2018,2018-05-17,May,Weald,Viv,Individual,Blackberry,4,200,0,0,0,0,1,1,0,0,0,0,0,0,0,0
2018,2018-05-03,May,Weald,Viv,Individual,Bbean,15,75,0,0,0,0,0,0,0,0,0,0,0,0,0,0
2018,2018-05-03,May,Weald,Viv,Individual,Cherry,1,17,0,0,0,0,0,0,0,0,0,0,0,0,0,0
2018,2018-05-03,May,Weald,Viv,Individual,Currant,2,200,0,0,0,0,0,1,0,0,0,0,0,0,0,0
2018,2018-05-03,May,Weald,Viv,Individual,Currant,9,900,0,0,4,0,0,0,0,1,0,0,0,0,0,1
2018,2018-05-03,May,Weald,Viv,Individual,Gooseberry,4,400,0,0,0,0,0,0,0,0,0,0,0,0,0,0
2018,2018-05-17,May,Weald,Viv,Individual,Strawberry,45,90,0,0,1,0,0,1,0,0,0,0,0,0,0,0
2018,2018-05-17,May,Weald,Viv,Individual,Strawberry,45,225,0,0,1,0,0,0,0,0,0,0,0,0,0,0
2018,2018-05-03,May,Weald,Viv,Individual,Strawberry,7,21,0,0,0,0,0,0,0,0,0,0,0,0,0,0
2018,2018-05-03,May,Weald,Viv,Individual,Strawberry,11,33,0,0,0,0,0,0,0,0,0,0,0,0,0,0
2018,2018-05-03,May,Weald,Viv,Individual,Strawberry,60,240,0,0,0,0,0,0,0,0,0,0,0,0,0,0
2018,2018-09-21,September,Weald,Viv,Individual,Raspberry,8,16,0,0,0,0,0,0,0,0,0,0,0,0,0,0
2018,2018-08-31,August,Whitehawk,Alan_G,Individual,Courgette,2,2,0,0,0,0,0,0,0,0,0,0,0,0,0,0
2018,2018-08-17,August,Whitehawk,Alan_G,Individual,Courgette,4,4,0,0,0,0,0,0,0,0,0,0,0,0,0,0
2018,2018-08-02,August,Whitehawk,Alan_G,Individual,Cucumber,2,4,0,0,0,0,0,0,0,0,0,0,0,0,0,0
2018,2018-08-31,August,Whitehawk,Alan_G,Individual,Pepper,1,2,0,0,0,0,0,0,0,0,0,0,0,0,0,0
2018,2018-08-17,August,Whitehawk,Alan_G,Individual,Physalis,1,30,0,0,0,0,0,0,0,0,0,0,0,0,0,0
2018,2018-08-02,August,Whitehawk,Alan_G,Individual,Physalis,1,5,0,0,0,0,0,0,0,0,0,0,0,0,0,0
2018,2018-08-17,August,Whitehawk,Alan_G,Individual,Raspberry,5,15,0,0,0,0,0,0,0,0,0,0,0,0,0,0
2018,2018-08-31,August,Whitehawk,Alan_G,Individual,Rbean,10,100,0,0,0,0,0,0,0,0,0,0,0,0,0,0
2018,2018-08-17,August,Whitehawk,Alan_G,Individual,Rbean,12,120,0,0,0,0,0,0,0,0,0,0,0,0,0,0
2018,2018-08-31,August,Whitehawk,Alan_G,Individual,Squash,7,7,0,0,0,0,4,0,0,0,0,0,0,0,0,0
2018,2018-08-17,August,Whitehawk,Alan_G,Individual,Squash,3,12,0,0,0,0,0,0,0,0,0,0,0,0,0,0
2018,2018-08-17,August,Whitehawk,Alan_G,Individual,Squash,6,96,0,0,0,0,1,0,0,0,0,0,0,0,0,0
2018,2018-07-04,July,Whitehawk,Alan_G,Individual,Cucumber,2,4,0,0,0,0,0,0,0,0,0,0,0,0,0,0
2018,2018-07-04,July,Whitehawk,Alan_G,Individual,Tomato,6,30,0,0,0,0,0,0,0,0,0,0,0,0,0,0
2018,2018-07-04,July,Whitehawk,Alan_G,Individual,Tomato,7,70,0,0,0,0,0,0,0,0,0,0,0,0,0,0
2018,2018-06-08,June,Whitehawk,Alan_G,Individual,Bbean,20,200,0,0,0,0,0,0,0,1,0,1,0,0,0,2
2018,2018-06-08,June,Whitehawk,Alan_G,Individual,Raspberry,5,20,0,0,0,0,0,0,0,0,0,0,0,0,0,0
2018,2018-06-08,June,Whitehawk,Alan_G,Individual,Tomato,1,5,0,0,0,0,0,0,0,0,0,0,0,0,0,0
2018,2018-05-23,May,Whitehawk,Alan_G,Individual,Raspberry,3,15,0,0,0,0,1,0,0,0,0,0,0,0,0,0
2018,2018-05-23,May,Whitehawk,Alan_G,Individual,Raspberry,,30,0,0,0,0,1,0,0,0,0,0,0,0,0,0
2018,2018-09-13,September,Whitehawk,Alan_G,Individual,Courgette,1,2,0,0,0,0,0,0,0,0,0,0,0,0,0,0
2018,2018-09-13,September,Whitehawk,Alan_G,Individual,Physalis,1,20,0,0,0,0,0,0,0,0,0,0,0,0,0,0
2018,2018-09-13,September,Whitehawk,Alan_G,Individual,Rbean,5,25,0,0,0,0,0,0,0,0,0,0,0,0,0,0
2018,2018-09-13,September,Whitehawk,Alan_G,Individual,Squash,3,18,0,0,0,0,0,0,0,0,0,0,0,0,0,0
2018,2018-08-17,August,Whitehawk,Chaz,Individual,Tomato,3,30,0,0,0,0,0,0,0,0,0,0,0,0,0,0
2018,2018-05-08,May,Whitehawk,Chaz,Individual,Apple,1,50,0,0,0,0,0,0,0,0,0,0,0,0,0,0
2018,2018-05-08,May,Whitehawk,Chaz,Individual,Strawberry,5,15,0,0,0,0,0,0,0,0,0,0,0,0,0,0
2018,2018-04-16,April,Whitehawk,Food_Project,Community,Plum,1,100,0,0,0,0,1,0,0,0,0,0,0,0,0,0
2018,2018-05-23,May,Whitehawk,Food_Project,Community,Apple,1,15,0,0,0,0,0,0,0,0,0,0,0,0,0,0
2018,2018-05-08,May,Whitehawk,Food_Project,Community,Apple,1,15,0,0,0,0,0,0,0,0,0,0,0,0,0,0
2018,2018-05-08,May,Whitehawk,Food_Project,Community,Apple,1,20,0,0,0,0,0,0,0,0,0,0,0,0,0,0
2018,2018-05-08,May,Whitehawk,Food_Project,Community,Apple,1,20,0,0,0,0,0,0,0,0,0,0,0,0,0,0
2018,2018-05-08,May,Whitehawk,Food_Project,Community,Apple,4,40,0,0,0,0,0,0,0,0,0,0,0,0,0,0
2018,2018-05-08,May,Whitehawk,Food_Project,Community,Apple,1,50,0,0,0,0,0,0,0,0,0,0,0,0,0,0
2018,2018-05-08,May,Whitehawk,Food_Project,Community,Apple,2,100,0,0,0,0,0,0,0,0,0,0,0,0,0,0
2018,2018-05-08,May,Whitehawk,Food_Project,Community,Apple,1,100,0,0,0,0,0,0,0,1,0,0,0,0,0,1
2018,2018-05-08,May,Whitehawk,Food_Project,Community,Apple,3,150,0,0,0,0,0,0,0,0,0,0,0,0,0,0
2018,2018-05-08,May,Whitehawk,Food_Project,Community,Apple,3,300,0,0,2,0,0,0,0,0,0,0,0,0,0,0
2018,2018-05-08,May,Whitehawk,Food_Project,Community,Apple,15,375,4,0,1,0,0,0,0,1,0,0,0,0,0,1
2018,2018-05-08,May,Whitehawk,Food_Project,Community,Apple,6,450,0,2,0,0,0,0,0,0,0,0,0,0,0,0
2018,2018-05-08,May,Whitehawk,Food_Project,Community,Apple,3,600,0,0,0,0,1,0,0,0,0,1,0,0,0,1
2018,2018-05-08,May,Whitehawk,Food_Project,Community,Apple,2,1000,0,0,1,0,0,0,0,0,0,0,0,0,0,0
2018,2018-05-08,May,Whitehawk,Food_Project,Community,Apple,1,40,0,1,0,0,0,0,0,0,0,0,0,0,0,0
2018,2018-05-08,May,Whitehawk,Food_Project,Community,Apple,3,60,0,1,1,0,0,0,0,0,0,0,0,0,0,0
2018,2018-05-08,May,Whitehawk,Food_Project,Community,Apple,2,100,0,0,1,0,0,0,0,0,0,0,0,0,0,0
2018,2018-05-08,May,Whitehawk,Food_Project,Community,Apple,3,150,0,0,0,0,1,1,0,2,0,0,0,0,0,2
2018,2018-05-08,May,Whitehawk,Food_Project,Community,Apple,2,1000,1,1,2,0,6,0,0,1,0,0,0,0,0,1
2017,2017-08-29,August,Whitehawk,James_G,Individual,Cucumber,1,1,0,0,0,0,0,0,0,0,0,0,0,0,0,0
2017,2017-08-29,August,Whitehawk,James_G,Individual,Raspberry,20,40,0,0,0,0,2,0,0,0,0,1,0,0,0,1
2017,2017-08-29,August,Whitehawk,James_G,Individual,Raspberry,75,225,0,0,0,0,2,0,0,0,0,2,0,0,0,2
2017,2017-08-29,August,Whitehawk,James_G,Individual,Rbean,1,5,0,0,0,0,0,0,0,0,0,0,0,0,0,0
2017,2017-08-29,August,Whitehawk,James_G,Individual,Rbean,3,10,0,0,0,0,0,0,0,0,0,0,0,0,0,0
2017,2017-08-29,August,Whitehawk,James_G,Individual,Squash,1,2,0,0,0,0,0,0,0,0,0,0,0,0,0,0
2017,2017-07-25,July,Whitehawk,James_G,Individual,Squash,1,1,1,0,0,0,0,0,0,0,0,0,0,0,0,0
2017,2017-07-25,July,Whitehawk,James_G,Individual,Squash,2,2,2,0,0,0,0,0,0,0,0,0,0,0,0,0
2017,2017-07-04,July,Whitehawk,James_G,Individual,Squash,2,2,1,0,0,0,0,0,0,0,0,0,0,0,0,0
2017,2017-06-07,June,Whitehawk,James_G,Individual,Bbean,92,644,0,0,0,0,0,0,0,0,0,0,0,0,0,0
2017,2017-06-07,June,Whitehawk,James_G,Individual,Raspberry,7,28,0,0,0,0,0,0,0,1,0,0,1,0,0,2
2017,2017-06-07,June,Whitehawk,James_G,Individual,Strawberry,2,2,2,0,0,0,0,0,0,0,0,0,0,0,0,0
2018,2018-05-23,May,Whitehawk,James_G,Individual,Bbean,18,90,0,0,0,0,0,0,0,0,0,0,0,0,0,0
2018,2018-05-23,May,Whitehawk,James_G,Individual,Strawberry,4,8,0,0,0,0,0,0,0,0,0,0,0,0,0,0
2018,2018-08-31,August,Whitehawk,Jane_A,Individual,Courgette,1,1,0,0,0,0,0,0,0,0,0,0,0,0,0,0
2018,2018-08-31,August,Whitehawk,Jane_A,Individual,Squash,1,2,0,0,0,0,0,0,0,0,0,0,0,0,0,0
2018,2018-08-17,August,Whitehawk,Jane_A,Individual,Squash,4,24,0,0,0,0,4,0,0,0,0,0,0,0,0,0
2018,2018-07-04,July,Whitehawk,Jane_A,Individual,Cucumber,2,4,0,0,0,0,0,0,0,0,0,0,0,0,0,0
2018,2018-07-04,July,Whitehawk,Jane_A,Individual,Rbean,3,30,0,0,0,0,0,0,0,0,0,0,0,0,0,0
2018,2018-07-04,July,Whitehawk,Jane_A,Individual,Squash,2,3,1,0,0,0,0,0,0,0,0,0,0,0,0,0
2018,2018-06-08,June,Whitehawk,Jane_A,Individual,Raspberry,5,10,0,0,0,0,0,0,0,0,0,0,0,0,0,0
2018,2018-05-23,May,Whitehawk,Jane_A,Individual,Bbean,10,50,0,0,1,0,0,0,0,0,0,0,0,0,0,0
2018,2018-05-23,May,Whitehawk,Jane_A,Individual,Raspberry,1,3,0,0,0,0,0,0,0,0,0,0,0,0,0,0
2018,2018-05-23,May,Whitehawk,Jane_A,Individual,Strawberry,4,8,0,0,0,0,0,0,0,0,0,0,0,0,0,0
2018,2018-08-17,August,Whitehawk,Jane_G,Individual,Rbean,6,30,0,0,0,0,0,0,0,2,0,0,0,0,0,2
2017,2017-08-22,August,Whitehawk,Jane_G,Individual,Courgette,1,2,0,0,0,0,0,0,0,0,0,0,0,0,0,0
2017,2017-08-22,August,Whitehawk,Jane_G,Individual,Courgette,3,3,0,0,0,0,0,0,0,0,0,0,0,0,0,0
2017,2017-08-22,August,Whitehawk,Jane_G,Individual,Raspberry,15,45,0,0,0,0,0,0,0,0,0,1,0,0,0,1
2017,2017-08-22,August,Whitehawk,Jane_G,Individual,Raspberry,45,135,0,0,0,0,0,0,0,0,0,2,0,0,0,2
2017,2017-08-11,August,Whitehawk,Jane_G,Individual,Raspberry,15,45,0,0,0,0,0,0,0,0,0,1,0,0,0,1
2017,2017-08-11,August,Whitehawk,Jane_G,Individual,Raspberry,50,150,0,0,0,0,1,0,0,0,0,2,1,0,0,3
2017,2017-08-22,August,Whitehawk,Jane_G,Individual,Rbean,2,5,0,0,0,0,0,0,0,0,0,0,0,0,0,0
2017,2017-08-22,August,Whitehawk,Jane_G,Individual,Rbean,5,50,0,0,0,1,0,0,0,0,0,3,0,0,0,3
2017,2017-08-11,August,Whitehawk,Jane_G,Individual,Rbean,10,100,0,0,0,0,2,0,0,1,0,0,0,0,0,1
2017,2017-08-22,August,Whitehawk,Jane_G,Individual,Squash,2,2,0,0,0,0,0,0,0,0,0,0,0,0,0,0
2017,2017-07-25,July,Whitehawk,Jane_G,Individual,Raspberry,20,60,0,0,0,0,0,0,0,0,0,0,0,0,0,0
2017,2017-07-25,July,Whitehawk,Jane_G,Individual,Raspberry,50,150,0,0,0,0,1,0,0,0,0,1,0,0,0,1
2017,2017-07-17,July,Whitehawk,Jane_G,Individual,Raspberry,10,10,0,0,0,0,0,0,0,0,0,0,0,0,0,0
2017,2017-07-04,July,Whitehawk,Jane_G,Individual,Raspberry,3,6,0,0,0,0,0,0,0,0,0,0,0,0,0,0
2017,2017-07-25,July,Whitehawk,Jane_G,Individual,Rbean,15,150,0,0,0,0,0,0,0,0,0,2,0,0,0,2
2017,2017-07-17,July,Whitehawk,Jane_G,Individual,Rbean,6,12,0,0,0,0,0,0,0,0,0,0,0,0,0,0
2017,2017-07-04,July,Whitehawk,Jane_G,Individual,Rbean,3,6,0,0,0,0,0,0,0,0,0,0,0,0,0,0
2017,2017-06-07,June,Whitehawk,Jane_G,Individual,Bbean,46,322,0,0,1,0,0,0,0,1,0,0,0,0,0,1
2017,2017-06-07,June,Whitehawk,Jane_G,Individual,Courgette,1,1,0,0,0,0,0,0,0,0,0,0,0,0,0,0
2017,2017-06-07,June,Whitehawk,Jane_G,Individual,Raspberry,14,70,0,0,1,0,0,0,0,0,0,1,0,0,0,1
2017,2017-06-07,June,Whitehawk,Jane_G,Individual,Strawberry,1,1,0,0,0,0,0,0,0,0,0,0,0,0,0,0
2017,2017-06-07,June,Whitehawk,Jane_G,Individual,Strawberry,1,1,0,0,0,0,0,0,0,0,0,0,0,0,0,0
2017,2017-06-07,June,Whitehawk,Jane_G,Individual,Strawberry,4,4,0,0,0,0,0,0,0,0,0,0,0,0,0,0
2017,2017-05-25,May,Whitehawk,Jane_G,Individual,Raspberry,4,11,0,0,0,0,0,0,0,0,0,1,0,0,0,1
2017,2017-05-25,May,Whitehawk,Jane_G,Individual,Strawberry,4,23,0,1,0,0,0,0,0,0,0,0,0,0,0,0
2017,2017-05-25,May,Whitehawk,Jane_G,Individual,Strawberry,12,42,0,0,0,0,0,0,0,0,0,0,0,0,0,0
2018,2018-04-16,April,Whitehawk,Jane_G,Individual,Bbean,50,200,0,0,0,0,0,0,0,0,0,0,0,0,0,0
2018,2018-04-16,April,Whitehawk,Jane_G,Individual,Currant,1,100,0,0,0,0,0,0,0,0,0,0,0,0,0,0
2018,2018-08-31,August,Whitehawk,Jane_G,Individual,Courgette,1,1,0,0,0,0,0,0,0,0,0,0,0,0,0,0
2018,2018-08-31,August,Whitehawk,Jane_G,Individual,Courgette,1,2,0,0,0,0,0,0,0,0,0,0,0,0,0,0
2018,2018-08-17,August,Whitehawk,Jane_G,Individual,Courgette,1,1,0,0,0,0,0,0,0,0,0,0,0,0,0,0
2018,2018-08-17,August,Whitehawk,Jane_G,Individual,Courgette,1,1,0,0,0,0,0,0,0,0,0,0,0,0,0,0
2018,2018-08-17,August,Whitehawk,Jane_G,Individual,Courgette,2,4,0,0,0,0,0,0,0,0,0,0,0,0,0,0
2018,2018-08-31,August,Whitehawk,Jane_G,Individual,Raspberry,10,40,0,0,0,0,0,0,0,0,0,0,0,0,0,0
2018,2018-08-31,August,Whitehawk,Jane_G,Individual,Raspberry,20,40,0,0,0,0,0,0,0,0,0,0,0,0,0,0
2018,2018-08-17,August,Whitehawk,Jane_G,Individual,Raspberry,10,80,0,0,0,0,0,0,0,0,0,0,0,0,0,0
2018,2018-08-17,August,Whitehawk,Jane_G,Individual,Raspberry,25,100,0,0,0,0,0,0,0,0,0,1,0,0,0,1
2018,2018-08-02,August,Whitehawk,Jane_G,Individual,Raspberry,12,24,0,0,0,0,0,0,0,0,0,1,0,0,0,1
2018,2018-08-02,August,Whitehawk,Jane_G,Individual,Rbean,16,160,0,0,0,0,0,0,0,0,0,1,0,0,0,1
2018,2018-08-31,August,Whitehawk,Jane_G,Individual,Squash,2,2,0,0,0,0,0,0,0,0,0,0,0,0,0,0
2018,2018-08-31,August,Whitehawk,Jane_G,Individual,Squash,1,2,0,0,0,0,0,0,0,0,0,0,0,0,0,0
2018,2018-08-31,August,Whitehawk,Jane_G,Individual,Squash,2,4,0,0,0,0,0,0,0,0,0,0,0,0,0,0
2018,2018-08-17,August,Whitehawk,Jane_G,Individual,Squash,2,2,0,0,0,0,1,0,0,0,0,0,0,0,0,0
2018,2018-08-17,August,Whitehawk,Jane_G,Individual,Squash,2,10,0,0,0,0,3,0,0,0,0,0,0,0,0,0
2018,2018-08-17,August,Whitehawk,Jane_G,Individual,Squash,3,15,0,0,0,0,1,0,0,0,0,0,0,0,0,0
2018,2018-08-02,August,Whitehawk,Jane_G,Individual,Squash,1,2,0,0,0,0,0,0,0,0,0,0,0,0,0,0
2018,2018-08-02,August,Whitehawk,Jane_G,Individual,Squash,1,3,0,0,0,0,1,0,0,0,0,0,0,0,0,0
2018,2018-07-10,July,Whitehawk,Jane_G,Individual,Rbean,5,15,0,0,0,0,0,0,0,0,0,0,0,0,0,0
2018,2018-07-04,July,Whitehawk,Jane_G,Individual,Rbean,5,15,0,0,0,0,0,0,0,0,0,0,0,0,0,0
2018,2018-07-10,July,Whitehawk,Jane_G,Individual,Squash,1,1,0,0,0,0,0,0,0,0,0,0,0,0,0,0
2018,2018-06-08,June,Whitehawk,Jane_G,Individual,Bbean,40,200,0,0,0,0,0,0,0,0,0,1,0,0,0,1
2018,2018-05-08,May,Whitehawk,Jane_G,Individual,Apple,2,20,1,0,0,0,0,0,0,0,0,0,0,0,0,0
2018,2018-05-08,May,Whitehawk,Jane_G,Individual,Apple,1,20,0,0,0,0,0,0,0,0,0,0,0,0,0,0
2018,2018-05-08,May,Whitehawk,Jane_G,Individual,Apple,1,30,0,0,0,0,0,0,0,0,0,0,0,0,0,0
2018,2018-05-08,May,Whitehawk,Jane_G,Individual,Apple,2,100,0,0,1,1,0,0,0,0,0,0,0,0,0,0
2018,2018-05-08,May,Whitehawk,Jane_G,Individual,Apple,1,150,0,0,0,0,0,0,0,0,0,0,0,0,0,0
2018,2018-05-08,May,Whitehawk,Jane_G,Individual,Cherry,1,75,0,0,0,0,0,0,0,0,0,0,0,0,0,0
2018,2018-05-08,May,Whitehawk,Jane_G,Individual,Currant,4,400,0,0,0,0,0,0,0,0,0,0,0,0,0,0
2018,2018-05-23,May,Whitehawk,Jane_G,Individual,Raspberry,2,10,0,0,0,0,0,0,0,0,0,0,0,0,0,0
2018,2018-05-23,May,Whitehawk,Jane_G,Individual,Strawberry,6,12,0,0,0,0,0,0,0,0,0,0,0,0,0,0
2018,2018-05-23,May,Whitehawk,Jane_G,Individual,Strawberry,6,30,0,0,0,0,0,0,0,0,0,0,0,0,0,0
2018,2018-05-23,May,Whitehawk,Jane_G,Individual,Strawberry,15,75,0,1,0,0,0,0,0,0,0,0,0,0,0,0
2018,2018-05-08,May,Whitehawk,Jane_G,Individual,Strawberry,10,30,0,0,0,0,0,0,0,0,0,0,0,0,0,0
2018,2018-09-13,September,Whitehawk,Jane_G,Individual,Cherry,1,20,0,0,0,0,0,0,0,0,0,0,0,0,0,0
2018,2018-09-13,September,Whitehawk,Jane_G,Individual,Courgette,1,1,0,0,1,0,0,0,0,0,0,0,0,0,0,0
2018,2018-09-13,September,Whitehawk,Jane_G,Individual,Courgette,1,2,0,0,0,0,0,0,0,0,0,0,0,0,0,0
2018,2018-09-13,September,Whitehawk,Jane_G,Individual,Raspberry,10,20,0,0,0,0,0,0,0,0,0,0,0,0,0,0
2018,2018-09-13,September,Whitehawk,Jane_G,Individual,Raspberry,30,90,0,0,0,0,2,0,0,0,0,1,0,0,0,1
2018,2018-08-02,August,Whitehawk,Jane_H,Individual,Rbean,6,30,0,0,0,0,0,0,0,0,0,1,0,0,0,1
2018,2018-05-08,May,Whitehawk,Jane_H,Individual,Apple,1,10,0,0,0,0,0,0,0,0,0,0,0,0,0,0
2018,2018-05-08,May,Whitehawk,Jane_H,Individual,Apple,1,15,0,0,0,0,0,0,0,0,0,0,0,0,0,0
2018,2018-05-08,May,Whitehawk,Jane_H,Individual,Bbean,7,21,0,0,0,0,0,0,0,0,0,0,0,0,0,0
2018,2018-05-08,May,Whitehawk,Jane_H,Individual,Currant,2,200,0,1,0,0,0,0,0,0,0,0,0,0,0,0
2018,2018-05-08,May,Whitehawk,Jane_H,Individual,Pear,1,10,0,0,0,0,0,0,0,0,0,0,0,0,0,0
2018,2018-05-23,May,Whitehawk,Jane_H,Individual,Raspberry,1,2,0,0,0,0,0,0,0,0,0,1,0,0,0,1
2018,2018-08-31,August,Whitehawk,Jean_T,Individual,Raspberry,8,16,0,0,0,0,0,0,0,0,0,0,0,0,0,0
2018,2018-08-31,August,Whitehawk,Jean_T,Individual,Squash,6,6,0,0,1,0,1,0,0,0,0,0,0,0,0,0
2018,2018-07-10,July,Whitehawk,Jean_T,Individual,Raspberry,8,16,0,0,0,0,0,0,0,0,0,0,0,0,0,0
2018,2018-07-10,July,Whitehawk,Jean_T,Individual,Rbean,5,50,0,0,0,0,0,0,0,0,0,0,0,0,0,0
2018,2018-09-13,September,Whitehawk,Jean_T,Individual,Courgette,2,4,0,0,0,0,0,0,0,0,0,0,0,0,0,0
2018,2018-09-13,September,Whitehawk,Jean_T,Individual,Squash,1,1,0,0,0,0,0,0,0,0,0,0,0,0,0,0
2017,2017-08-11,August,Whitehawk,Meesh,Individual,Courgette,4,4,0,0,1,0,1,0,0,0,0,0,0,0,0,0
2017,2017-08-11,August,Whitehawk,Meesh,Individual,Courgette,10,11,0,0,0,0,1,0,0,0,0,0,0,0,0,0
2017,2017-08-29,August,Whitehawk,Meesh,Individual,Courgette,3,5,0,0,0,0,0,0,0,0,0,0,0,0,0,0
2017,2017-08-22,August,Whitehawk,Meesh,Individual,Courgette,1,1,0,0,0,0,0,0,0,0,0,0,0,0,0,0
2017,2017-08-22,August,Whitehawk,Meesh,Individual,Courgette,3,3,0,0,0,0,0,0,0,0,0,0,0,0,0,0
2017,2017-08-29,August,Whitehawk,Meesh,Individual,Raspberry,5,15,0,0,0,0,0,0,0,0,0,0,0,0,0,0
2017,2017-08-22,August,Whitehawk,Meesh,Individual,Raspberry,3,9,0,0,0,0,0,0,0,0,0,1,0,0,0,1
2017,2017-08-11,August,Whitehawk,Meesh,Individual,Raspberry,5,20,0,0,0,0,0,0,0,0,0,0,0,0,0,0
2017,2017-08-22,August,Whitehawk,Meesh,Individual,Squash,1,2,0,0,0,0,0,0,0,0,0,0,0,0,0,0
2017,2017-08-22,August,Whitehawk,Meesh,Individual,Squash,3,3,0,0,0,0,0,0,0,0,0,0,0,0,0,0
2017,2017-08-22,August,Whitehawk,Meesh,Individual,Squash,3,3,0,0,0,0,0,1,0,0,0,0,0,0,0,0
2017,2017-08-11,August,Whitehawk,Meesh,Individual,Squash,6,6,1,0,0,0,5,0,0,0,0,0,0,0,0,0
2017,2017-08-11,August,Whitehawk,Meesh,Individual,Squash,15,15,0,0,0,0,2,0,0,0,0,0,0,0,0,0
2017,2017-07-17,July,Whitehawk,Meesh,Individual,Blackberry,,13,0,0,0,0,0,0,0,0,0,0,0,0,0,0
2017,2017-07-25,July,Whitehawk,Meesh,Individual,Squash,3,3,3,0,0,0,0,0,0,0,0,0,0,0,0,0
2017,2017-07-25,July,Whitehawk,Meesh,Individual,Squash,9,9,9,0,0,0,0,0,0,0,0,0,0,0,0,0
2017,2017-07-17,July,Whitehawk,Meesh,Individual,Squash,,4,4,0,0,0,0,0,0,0,0,0,0,0,0,0
2017,2017-07-04,July,Whitehawk,Meesh,Individual,Squash,1,1,0,0,0,0,0,0,0,0,0,0,0,0,0,0
2017,2017-07-25,July,Whitehawk,Meesh,Individual,Physalis,2,200,0,0,0,0,0,0,0,0,0,0,0,0,0,0
2017,2017-07-17,July,Whitehawk,Meesh,Individual,Physalis,2,100,0,0,0,0,0,0,0,0,0,0,0,0,0,0
2017,2017-06-14,June,Whitehawk,Meesh,Individual,Bbean,25,250,0,0,0,0,0,0,0,0,0,0,0,0,0,0
2017,2017-06-14,June,Whitehawk,Meesh,Individual,Physalis,2,22,0,0,0,0,0,0,0,0,0,0,0,0,0,0
2018,2018-06-08,June,Whitehawk,Meesh,Individual,Bbean,2,10,0,0,0,0,0,0,0,0,0,0,0,0,0,0
2018,2018-05-08,May,Whitehawk,Meesh,Individual,Apple,11,110,0,0,0,0,0,0,0,0,0,0,0,0,0,0
2018,2018-05-08,May,Whitehawk,Meesh,Individual,Apple,1,200,0,0,0,0,0,0,0,0,0,0,0,0,0,0
2018,2018-05-08,May,Whitehawk,Meesh,Individual,Bbean,20,80,0,0,0,0,0,0,0,0,0,0,0,0,0,0
2018,2018-05-08,May,Whitehawk,Meesh,Individual,Cherry,1,20,0,0,0,0,0,0,0,0,0,0,0,0,0,0
2018,2018-05-08,May,Whitehawk,Meesh,Individual,Strawberry,2,6,0,0,0,0,0,0,0,0,0,0,0,0,0,0
2018,2018-05-08,May,Whitehawk,Meesh,Individual,Strawberry,5,25,0,0,0,0,0,0,0,0,0,0,0,0,0,0
2018,2018-08-31,August,Whitehawk,Paul,Individual,Rbean,4,20,0,0,0,0,0,0,0,0,0,0,0,0,0,0
2018,2018-08-17,August,Whitehawk,Paul,Individual,Rbean,5,25,0,0,0,0,0,0,0,0,0,0,0,0,0,0
2018,2018-08-31,August,Whitehawk,Paul,Individual,Courgette,2,2,0,0,0,0,1,0,0,0,0,0,0,0,0,0
2018,2018-08-31,August,Whitehawk,Paul,Individual,Physalis,5,25,0,0,0,0,1,0,0,0,0,1,0,0,0,1
2018,2018-08-31,August,Whitehawk,Paul,Individual,Physalis,5,75,0,0,0,0,0,0,0,0,0,1,0,0,0,1
2018,2018-08-17,August,Whitehawk,Paul,Individual,Physalis,5,15,0,0,0,0,0,0,0,0,0,0,0,0,0,0
2018,2018-08-17,August,Whitehawk,Paul,Individual,Physalis,4,28,0,0,0,0,0,0,0,0,0,0,0,0,0,0
2018,2018-08-17,August,Whitehawk,Paul,Individual,Physalis,5,35,0,0,0,0,0,0,0,0,1,1,0,0,0,2
2018,2018-08-02,August,Whitehawk,Paul,Individual,Physalis,3,60,0,0,0,0,2,0,0,0,0,2,0,0,0,2
2018,2018-08-31,August,Whitehawk,Paul,Individual,Raspberry,50,200,0,0,0,0,1,0,0,0,0,0,0,0,0,0
2018,2018-08-17,August,Whitehawk,Paul,Individual,Raspberry,30,90,0,0,0,0,0,0,0,0,0,0,0,0,0,0
2018,2018-08-02,August,Whitehawk,Paul,Individual,Raspberry,15,45,0,0,0,0,0,0,0,0,0,1,0,0,0,1
2018,2018-08-02,August,Whitehawk,Paul,Individual,Rbean,6,30,0,0,0,0,0,0,0,0,0,0,0,0,0,0
2018,2018-08-02,August,Whitehawk,Paul,Individual,Rbean,6,36,0,0,0,0,0,0,1,0,0,0,0,0,0,0
2018,2018-08-31,August,Whitehawk,Paul,Individual,Squash,2,2,0,0,0,0,1,0,0,0,0,0,0,0,0,0
2018,2018-08-17,August,Whitehawk,Paul,Individual,Squash,4,7,0,0,0,0,3,0,0,0,0,0,0,0,0,0
2018,2018-08-02,August,Whitehawk,Paul,Individual,Squash,1,1,2,0,0,0,0,0,0,0,0,0,0,0,0,0
2018,2018-08-02,August,Whitehawk,Paul,Individual,Squash,3,6,0,0,0,0,0,0,0,0,0,0,0,0,0,0
2018,2018-07-10,July,Whitehawk,Paul,Individual,Bbean,6,30,0,0,0,0,0,0,0,0,0,0,0,0,0,0
2018,2018-07-10,July,Whitehawk,Paul,Individual,Rbean,3,30,0,0,0,0,0,0,0,0,0,0,0,0,0,0
2018,2018-06-08,June,Whitehawk,Paul,Individual,Blackberry,2,40,2,0,0,0,1,0,0,0,0,0,0,0,0,0
2018,2018-06-08,June,Whitehawk,Paul,Individual,Raspberry,5,50,0,0,0,0,0,0,0,0,0,0,0,0,0,0
2018,2018-06-08,June,Whitehawk,Paul,Individual,Raspberry,5,10,0,0,0,0,0,0,0,0,0,0,1,0,0,1
2018,2018-06-08,June,Whitehawk,Paul,Individual,Raspberry,5,15,0,0,0,0,0,0,0,0,0,1,0,0,0,1
2018,2018-05-23,May,Whitehawk,Paul,Individual,Raspberry,4,12,0,0,0,0,1,0,0,0,0,0,0,0,0,0
2018,2018-09-13,September,Whitehawk,Paul,Individual,Physalis,5,15,0,0,0,0,0,0,0,0,0,0,0,0,0,0
2018,2018-09-13,September,Whitehawk,Paul,Individual,Physalis,5,25,0,0,0,0,0,0,0,0,0,0,0,0,0,0
2018,2018-09-13,September,Whitehawk,Paul,Individual,Raspberry,50,200,0,0,0,0,0,0,0,0,0,1,0,0,0,1
2018,2018-08-31,August,Whitehawk,Sarah_G,Individual,Rbean,4,20,0,0,0,0,0,0,0,0,0,0,0,0,0,0
2017,2017-08-22,August,Whitehawk,Sarah_G,Individual,Courgette,1,1,0,0,0,0,0,0,0,0,0,0,0,0,0,0
2017,2017-08-11,August,Whitehawk,Sarah_G,Individual,Courgette,2,2,0,0,0,0,0,0,0,0,0,0,0,0,0,0
2017,2017-08-29,August,Whitehawk,Sarah_G,Individual,Raspberry,50,150,0,0,0,0,0,2,0,0,0,2,0,0,0,2
2017,2017-08-22,August,Whitehawk,Sarah_G,Individual,Raspberry,75,225,0,0,0,0,4,0,3,0,0,2,0,0,0,2
2017,2017-08-11,August,Whitehawk,Sarah_G,Individual,Raspberry,25,75,0,0,0,0,3,1,0,0,0,0,0,0,0,0
2017,2017-08-29,August,Whitehawk,Sarah_G,Individual,Rbean,4,30,0,0,0,0,3,0,0,0,0,0,0,0,0,0
2017,2017-08-22,August,Whitehawk,Sarah_G,Individual,Rbean,8,160,0,0,0,0,4,0,0,0,0,0,0,0,0,0
2017,2017-08-11,August,Whitehawk,Sarah_G,Individual,Rbean,8,160,0,0,0,0,3,0,0,0,0,0,0,0,0,0
2017,2017-08-29,August,Whitehawk,Sarah_G,Individual,Squash,1,2,0,0,0,0,0,0,0,0,0,0,0,0,0,0
2017,2017-08-22,August,Whitehawk,Sarah_G,Individual,Squash,3,3,0,0,0,0,0,0,0,0,0,0,0,0,0,0
2017,2017-08-11,August,Whitehawk,Sarah_G,Individual,Tomato,1,2,0,0,0,0,0,0,0,0,0,0,0,0,0,0
2017,2017-07-25,July,Whitehawk,Sarah_G,Individual,Raspberry,75,150,0,0,0,0,1,0,0,0,0,0,0,0,0,0
2017,2017-07-17,July,Whitehawk,Sarah_G,Individual,Raspberry,7,14,0,0,0,0,0,0,0,0,0,0,0,0,0,0
2017,2017-07-04,July,Whitehawk,Sarah_G,Individual,Raspberry,5,15,0,0,0,0,0,0,0,0,0,0,0,0,0,0
2017,2017-07-25,July,Whitehawk,Sarah_G,Individual,Rbean,2,20,0,0,0,0,1,0,0,0,0,0,0,0,0,0
2017,2017-07-25,July,Whitehawk,Sarah_G,Individual,Rbean,6,60,0,0,0,0,2,0,0,0,0,0,0,0,0,0
2017,2017-07-17,July,Whitehawk,Sarah_G,Individual,Rbean,8,80,0,0,0,0,0,0,0,1,0,0,0,0,0,1
2017,2017-07-04,July,Whitehawk,Sarah_G,Individual,Rbean,7,21,0,0,0,0,0,0,0,0,0,0,0,0,0,0
2017,2017-06-14,June,Whitehawk,Sarah_G,Individual,Raspberry,7,14,0,0,0,0,0,0,0,0,0,0,0,0,0,0
2017,2017-06-07,June,Whitehawk,Sarah_G,Individual,Raspberry,2,20,0,0,0,0,0,0,0,0,0,0,0,0,0,0
2017,2017-06-14,June,Whitehawk,Sarah_G,Individual,Rbean,2,4,0,0,0,0,0,0,0,0,0,0,0,0,0,0
2017,2017-05-26,May,Whitehawk,Sarah_G,Individual,Bbean,1,5,0,2,0,0,0,0,0,0,0,0,0,0,0,0
2017,2017-05-26,May,Whitehawk,Sarah_G,Individual,Bbean,20,300,0,0,0,0,0,0,0,0,0,0,0,0,0,0
2017,2017-05-26,May,Whitehawk,Sarah_G,Individual,Currant,2,200,0,0,0,0,0,0,0,0,0,0,0,0,0,0
2017,2017-05-26,May,Whitehawk,Sarah_G,Individual,Raspberry,2,17,0,0,0,0,0,2,0,0,0,0,0,0,0,0
2018,2018-08-31,August,Whitehawk,Sarah_G,Individual,Courgette,1,1,0,0,0,0,0,0,0,0,0,0,0,0,0,0
2018,2018-08-17,August,Whitehawk,Sarah_G,Individual,Courgette,2,2,0,0,0,0,0,0,0,0,0,0,0,0,0,0
2018,2018-08-02,August,Whitehawk,Sarah_G,Individual,Courgette,1,2,0,0,0,0,0,0,0,0,0,0,0,0,0,0
2018,2018-08-31,August,Whitehawk,Sarah_G,Individual,Raspberry,30,60,0,0,0,0,0,0,0,0,0,0,0,0,0,0
2018,2018-08-17,August,Whitehawk,Sarah_G,Individual,Raspberry,20,40,0,0,0,0,0,0,0,0,0,2,0,0,0,2
2018,2018-08-02,August,Whitehawk,Sarah_G,Individual,Raspberry,35,175,0,0,0,0,0,0,0,0,0,2,0,0,0,2
2018,2018-08-17,August,Whitehawk,Sarah_G,Individual,Rbean,5,15,0,0,0,0,0,0,0,0,0,0,0,0,0,0
2018,2018-08-02,August,Whitehawk,Sarah_G,Individual,Rbean,6,60,0,0,0,0,0,0,0,0,0,0,0,0,0,0
2018,2018-08-31,August,Whitehawk,Sarah_G,Individual,Squash,4,4,0,0,0,0,0,0,0,0,0,0,0,0,0,0
2018,2018-08-17,August,Whitehawk,Sarah_G,Individual,Squash,4,4,0,0,0,0,0,0,0,0,0,0,0,0,0,0
2018,2018-08-02,August,Whitehawk,Sarah_G,Individual,Squash,8,8,0,1,0,0,0,0,0,0,0,0,0,0,0,0
2018,2018-08-02,August,Whitehawk,Sarah_G,Individual,Tomato,6,30,0,0,0,0,0,0,0,0,0,0,0,0,0,0
2018,2018-06-08,June,Whitehawk,Sarah_G,Individual,Bbean,7,35,0,0,0,0,2,0,0,0,0,0,0,0,0,0
2018,2018-06-08,June,Whitehawk,Sarah_G,Individual,Raspberry,5,25,0,0,0,0,0,0,0,0,0,1,0,1,0,2
2018,2018-06-08,June,Whitehawk,Sarah_G,Individual,Tomato,5,15,0,0,0,0,0,0,0,0,0,0,0,0,0,0
2018,2018-05-23,May,Whitehawk,Sarah_G,Individual,Bbean,5,25,0,0,0,0,0,0,0,0,0,0,0,0,0,0
2018,2018-05-08,May,Whitehawk,Sarah_G,Individual,Bbean,6,18,0,0,0,0,0,0,0,0,0,0,0,0,0,0
2018,2018-05-08,May,Whitehawk,Sarah_G,Individual,Currant,1,100,0,0,0,0,0,0,0,0,0,0,0,0,0,0
2018,2018-05-08,May,Whitehawk,Sarah_G,Individual,Pear,1,10,0,0,0,0,0,0,0,0,1,0,0,0,0,1
2018,2018-09-13,September,Whitehawk,Sarah_G,Individual,Courgette,1,1,0,0,0,0,0,0,0,0,0,0,0,0,0,0
2018,2018-09-13,September,Whitehawk,Sarah_G,Individual,Courgette,1,2,0,1,0,0,0,0,0,0,0,0,0,0,0,0
2018,2018-09-13,September,Whitehawk,Sarah_G,Individual,Raspberry,30,90,0,0,0,0,0,0,0,0,0,2,0,0,0,2
2018,2018-09-13,September,Whitehawk,Sarah_G,Individual,Rbean,3,15,0,0,0,0,0,0,0,0,0,0,0,0,0,0
2017,2017-08-22,August,Whitehawk,Tessa,Individual,Courgette,3,3,0,0,0,0,0,0,0,0,0,0,0,0,0,0
2017,2017-08-11,August,Whitehawk,Tessa,Individual,Courgette,3,3,0,0,0,0,0,0,0,0,0,0,0,0,0,0
2017,2017-08-22,August,Whitehawk,Tessa,Individual,Cucumber,3,6,0,0,0,0,0,0,0,0,0,0,0,0,0,0
2017,2017-08-11,August,Whitehawk,Tessa,Individual,Tomato,4,20,0,0,0,0,0,0,0,0,0,0,0,0,0,0
2017,2017-07-25,July,Whitehawk,Tessa,Individual,Cucumber,3,6,6,0,0,0,0,0,0,0,0,0,0,0,0,0
2017,2017-07-17,July,Whitehawk,Tessa,Individual,Cucumber,3,6,30,0,0,0,0,0,0,0,0,0,0,0,0,0
2017,2017-07-04,July,Whitehawk,Tessa,Individual,Cucumber,2,3,0,0,0,0,0,0,0,0,0,0,0,0,0,0
2017,2017-07-04,July,Whitehawk,Tessa,Individual,Pepper,2,10,0,0,0,0,0,0,0,0,0,0,0,0,0,0
2017,2017-07-04,July,Whitehawk,Tessa,Individual,Rbean,7,14,0,0,0,0,0,0,0,0,0,0,0,0,0,0
2017,2017-07-04,July,Whitehawk,Tessa,Individual,Rbean,10,20,0,0,0,0,0,0,0,0,0,0,0,0,0,0
2017,2017-06-14,June,Whitehawk,Tessa,Individual,Tomato,2,4,0,0,0,0,0,0,0,0,0,0,0,0,0,0
2017,2017-06-14,June,Whitehawk,Tessa,Individual,Tomato,3,60,0,0,0,0,0,0,0,0,0,0,0,0,0,0
2017,2017-06-07,June,Whitehawk,Tessa,Individual,Tomato,3,15,0,0,0,0,0,0,0,0,0,0,0,0,0,0
2017,2017-06-07,June,Whitehawk,Tessa,Individual,Tomato,4,40,0,0,0,0,0,0,0,0,0,0,0,0,0,0
2017,2017-06-07,June,Whitehawk,Tessa,Individual,Tomato,4,60,0,0,0,0,0,0,0,0,0,0,0,0,0,0
2017,2017-05-25,May,Whitehawk,Tessa,Individual,Bbean,10,45,0,0,0,0,0,0,1,0,0,0,0,0,0,0
2017,2017-05-25,May,Whitehawk,Tessa,Individual,Tomato,2,5,0,0,0,0,0,0,0,0,0,0,0,0,0,0
2018,2018-04-16,April,Whitehawk,Tessa,Individual,Bbean,30,150,0,0,0,0,0,0,0,0,0,0,0,0,0,0
2018,2018-04-16,April,Whitehawk,Tessa,Individual,Bbean,30,90,0,0,0,0,0,0,0,0,0,0,0,0,0,0
2018,2018-04-16,April,Whitehawk,Tessa,Individual,Currant,2,200,0,0,0,0,0,0,0,0,0,0,0,0,0,0
2018,2018-04-16,April,Whitehawk,Tessa,Individual,Gooseberry,7,700,0,0,4,0,0,0,1,0,0,0,0,0,0,0
2018,2018-08-17,August,Whitehawk,Tessa,Individual,Courgette,2,2,0,0,0,0,0,0,0,0,0,0,0,0,0,0
2018,2018-08-02,August,Whitehawk,Tessa,Individual,Courgette,1,1,0,0,0,0,0,0,0,0,0,0,0,0,0,0
2018,2018-08-31,August,Whitehawk,Tessa,Individual,Cucumber,2,4,0,0,0,0,0,0,0,0,0,0,0,0,0,0
2018,2018-08-17,August,Whitehawk,Tessa,Individual,Cucumber,2,6,0,0,0,0,0,0,0,0,0,0,0,0,0,0
2018,2018-08-02,August,Whitehawk,Tessa,Individual,Cucumber,3,9,0,0,0,0,0,0,0,0,0,1,0,0,0,1
2018,2018-07-04,July,Whitehawk,Tessa,Individual,Courgette,2,2,1,0,0,0,0,0,0,0,0,0,0,0,0,0
2018,2018-07-04,July,Whitehawk,Tessa,Individual,Cucumber,2,40,1,0,1,0,0,0,0,0,0,0,0,0,1,1
2018,2018-06-08,June,Whitehawk,Tessa,Individual,Bbean,7,35,0,0,0,0,0,0,0,0,0,0,0,0,0,0
2018,2018-05-08,May,Whitehawk,Tessa,Individual,Apple,1,50,0,0,0,0,0,0,0,0,0,0,0,0,0,0
2018,2018-05-23,May,Whitehawk,Tessa,Individual,Bbean,13,65,0,0,0,0,0,0,0,0,0,0,0,0,0,0
2018,2018-05-08,May,Whitehawk,Tessa,Individual,Bbean,15,75,0,0,0,0,0,0,0,0,0,0,0,0,0,0
2018,2018-09-13,September,Whitehawk,Tessa,Individual,Courgette,2,2,0,0,0,0,0,0,0,0,0,0,0,0,0,0
2018,2018-09-13,September,Whitehawk,Tessa,Individual,Cucumber,1,1,0,0,0,0,0,0,0,0,0,0,0,0,0,0
2017,2017-08-29,August,Whitehawk,Vicki_P,Individual,Raspberry,50,200,0,0,0,0,6,0,0,0,0,2,0,0,0,2
2017,2017-08-22,August,Whitehawk,Vicki_P,Individual,Raspberry,3,12,0,0,0,0,0,0,0,0,0,1,0,0,0,1
2017,2017-08-22,August,Whitehawk,Vicki_P,Individual,Raspberry,75,300,0,0,0,0,7,0,0,0,0,3,0,0,0,3
2017,2017-08-11,August,Whitehawk,Vicki_P,Individual,Raspberry,5,10,0,0,0,0,0,0,0,0,0,0,0,0,0,0
2017,2017-08-11,August,Whitehawk,Vicki_P,Individual,Raspberry,40,120,0,0,0,0,4,0,0,0,0,1,0,0,0,1
2017,2017-08-29,August,Whitehawk,Vicki_P,Individual,Strawberry,1,2,0,0,0,0,0,0,0,0,0,0,0,0,0,0
2017,2017-08-22,August,Whitehawk,Vicki_P,Individual,Strawberry,1,1,0,0,0,0,0,0,0,0,0,0,0,0,0,0
2017,2017-08-11,August,Whitehawk,Vicki_P,Individual,Strawberry,2,2,0,0,0,0,0,0,0,0,0,0,0,0,0,0
2017,2017-08-29,August,Whitehawk,Vicki_P,Individual,Tomato,2,5,0,0,0,0,0,0,0,0,0,0,0,0,0,0
2017,2017-08-22,August,Whitehawk,Vicki_P,Individual,Tomato,2,8,0,0,0,0,0,0,0,0,0,0,0,0,0,0
2017,2017-08-11,August,Whitehawk,Vicki_P,Individual,Tomato,4,8,0,0,0,0,0,0,0,0,0,0,0,0,0,0
2017,2017-07-25,July,Whitehawk,Vicki_P,Individual,Raspberry,5,10,0,0,0,0,0,0,0,0,0,0,0,0,0,0
2017,2017-07-25,July,Whitehawk,Vicki_P,Individual,Raspberry,30,60,0,0,0,0,1,0,0,0,0,0,0,0,0,0
2017,2017-07-17,July,Whitehawk,Vicki_P,Individual,Raspberry,5,10,0,0,0,0,0,0,0,0,0,0,0,0,0,0
2017,2017-06-14,June,Whitehawk,Vicki_P,Individual,Blackberry,,120,0,0,0,0,0,1,0,1,0,0,0,0,0,1
2017,2017-06-07,June,Whitehawk,Vicki_P,Individual,Blackberry,,100,0,0,0,0,1,0,0,2,0,0,0,0,0,2
2017,2017-06-14,June,Whitehawk,Vicki_P,Individual,Strawberry,1,3,0,0,0,0,0,0,0,0,0,0,0,0,0,0
2017,2017-06-07,June,Whitehawk,Vicki_P,Individual,Strawberry,1,1,0,0,0,0,0,0,0,0,0,0,0,0,0,0
