model_id,cell_line_name,oncotree_lineage,oncotree_primary_disease,SOX10,BRAF,KRAS,NRAS,PAX8,MYB,CTNNB1,EGFR,MDM2,ESR1,RAN,RPL5,RPS6,PSMA1,SNRPD1,EIF4A3,A1BG,AADAC
ACH-000001,NIH:OVCAR-3,Ovary/Fallopian Tube,Ovarian Epithelial Tumor,-0.327,-0.331,-0.442,-0.185,-1.909,-0.226,-0.15,-0.031,-0.374,0.262,-4.196,-2.927,-2.474,-2.398,-3.252,-2.879,-0.112,0.016
ACH-000004,HEL,Myeloid,Acute Myeloid Leukemia,-0.137,0.076,-0.341,-0.086,-0.252,-0.72,-0.3,-0.158,-0.133,0.356,-3.954,-2.272,-2.054,-2.642,-3.492,-2.885,0.006,0.163
ACH-000005,HEL 92.1.7,Myeloid,Acute Myeloid Leukemia,-0.313,0.121,-0.793,-0.157,0.064,-1.077,-0.146,-0.267,-0.168,0.096,-3.787,-2.942,-1.681,-2.945,-2.546,-2.463,-0.112,0.042
ACH-000007,LS513,Bowel,Colorectal Adenocarcinoma,-0.353,-0.008,-2.192,-0.094,-0.136,-0.609,-0.934,-0.508,-1.65,0.003,-4.425,-2.646,-2.751,-1.881,-2.269,-1.846,-0.042,0.182
ACH-000009,C2BBe1,Bowel,Colorectal Adenocarcinoma,-0.078,-0.033,-1.338,-0.266,-0.119,-0.208,-0.858,-1.228,-0.295,0.141,-4.497,-2.229,-2.076,-2.317,-2.881,-2.232,0.036,0.082
ACH-000011,253J,Bladder/Urinary Tract,Bladder Urothelial Carcinoma,-0.251,0.107,0.053,-0.014,-1.062,-0.144,-0.192,-0.152,-1.439,-0.037,-3.918,-2.615,-2.28,-2.049,-1.621,-1.581,0.026,0.128
ACH-000012,HCC-827,Lung,Non-Small Cell Lung Cancer,-0.131,-0.062,-0.186,-0.221,-0.151,-0.131,-0.117,-0.104,-0.319,-0.034,-2.121,-2.868,-2.785,-2.218,-2.419,-2.068,-0.149,0.228
ACH-000013,ONCO-DG-1,Ovary/Fallopian Tube,Ovarian Epithelial Tumor,-0.112,0.188,-0.212,-0.17,-2.336,-0.16,-0.131,-0.18,-0.194,0.156,-4.159,-2.141,-1.746,-2.343,-3.266,-2.498,0.006,0.158
ACH-000014,Hs 294T,Skin,Melanoma,-1.995,-1.714,-0.258,-0.229,-0.329,0.067,-0.131,-0.287,-1.703,0.163,-3.858,-2.21,-1.957,-2.423,-2.474,-2.251,-0.106,0.196
ACH-000015,NCI-H1581,Lung,Non-Small Cell Lung Cancer,-0.291,-0.488,-0.392,-0.549,-0.148,-0.285,-1.205,-0.076,-0.265,0.013,-3.501,-2.22,-1.893,-2.498,-2.486,-2.558,-0.181,0.068
ACH-000017,SK-BR-3,Breast,Invasive Breast Carcinoma,-0.068,0.037,-0.592,-0.101,-0.16,-0.166,-0.113,-0.075,-0.325,0.219,-3.98,-2.352,-1.806,-2.118,-3.087,-2.686,-0.032,0.183
ACH-000018,T24,Bladder/Urinary Tract,Bladder Urothelial Carcinoma,-0.169,0.011,-0.575,-0.128,-0.394,-0.222,0.035,-0.009,-0.145,0.139,-3.284,-3.028,-2.192,-2.617,-2.566,-2.072,-0.056,-0.174
ACH-000019,MCF7,Breast,Invasive Breast Carcinoma,-0.128,0.156,-0.491,-1.103,-0.17,-0.13,-0.144,-0.27,-1.283,-1.335,-4.401,-2.482,-2.164,-2.868,-2.785,-2.433,0.036,-0.007
ACH-000021,NCI-H1693,Lung,Non-Small Cell Lung Cancer,-0.288,-0.156,-0.424,-0.242,0.017,-0.281,-0.07,-0.038,-0.342,0.061,-3.942,-2.081,-2.085,-2.33,-2.968,-2.221,-0.117,0.076
ACH-000022,PA-TU-8988S,Pancreas,Pancreatic Adenocarcinoma,-0.297,-0.385,-2.004,-0.364,-0.102,-0.228,-2.218,-0.476,-0.21,0.008,-4.402,-2.847,-2.373,-2.028,-2.52,-2.245,-0.064,0.083
ACH-000023,PA-TU-8988T,Pancreas,Pancreatic Adenocarcinoma,-0.182,-0.069,-1.639,-0.19,-0.274,-0.058,-0.169,-0.249,-0.613,0.065,-4.77,-1.658,-2.533,-1.797,-2.167,-2.67,0.009,0.194
ACH-000024,OPM-2,Lymphoid,Mature B-Cell Neoplasms,-0.206,-0.012,-0.953,-0.196,-0.147,-0.004,-0.048,0.073,-0.358,0.161,-3.96,-3.536,-2.203,-2.456,-2.23,-2.01,-0.168,0.061
ACH-000025,CH-157MN,CNS/Brain,Meningothelial Tumor,-0.221,-0.162,-0.464,-1.985,-0.209,-0.136,-0.012,0.1,-0.215,0.151,-4.287,-2.516,-2.129,-2.169,-2.311,-2.228,-0.153,0.139
ACH-000026,253J-BV,Bladder/Urinary Tract,Bladder Urothelial Carcinoma,-0.254,-0.038,-0.438,-0.273,-0.307,-0.002,-0.343,-0.095,-0.672,0.258,-3.698,-2.636,-2.293,-2.32,-2.413,-2.247,-0.163,0.043
ACH-000028,KPL-1,Breast,Invasive Breast Carcinoma,-0.193,0.091,-0.233,-0.286,-0.146,-0.066,-0.004,0.046,-1.173,-0.719,-4.069,-2.307,-2.191,-2.15,-1.993,-1.842,-0.188,0.141
ACH-000029,HCC-827-GR5,Lung,Non-Small Cell Lung Cancer,-0.202,-0.026,-0.168,-0.086,-0.14,-0.323,-0.074,-0.171,-0.315,0.07,-3.312,-2.462,-2.416,-2.353,-2.688,-2.1,-0.062,0.035
ACH-000030,PC-14,Lung,Non-Small Cell Lung Cancer,-0.405,0.111,-0.104,-0.078,-0.083,-0.218,-0.015,-1.424,-0.299,0.043,-4.476,-2.615,-2.238,-1.917,-2.72,-2.187,0.112,0.085
ACH-000035,NCI-H1650,Lung,Non-Small Cell Lung Cancer,-0.184,-0.02,-0.506,-0.418,-0.397,-0.14,-0.004,-0.149,-0.327,0.077,-4.058,-1.917,-1.348,-1.918,-2.097,-2.099,-0.14,0.157
ACH-000036,U343,CNS/Brain,Diffuse Glioma,-0.445,-0.041,-0.406,-0.31,-0.111,-0.12,0.104,-0.197,-1.356,0.084,-3.613,-2.927,-2.397,-2.183,-2.609,-1.842,-0.133,0.039
ACH-000037,S-117,Soft Tissue,"Sarcoma, NOS",-0.11,-0.122,-0.261,-0.377,-1.221,-0.151,-0.083,-0.089,-0.19,0.095,-3.946,-2.885,-2.245,-2.99,-3.242,-3.123,-0.125,-0.031
ACH-000039,SK-N-MC,Bone,Ewing Sarcoma,0.166,0.182,-0.723,-0.108,-0.136,-0.223,-0.047,-0.224,-0.139,-0.1,-3.51,-3.004,-2.197,-2.369,-2.1,-2.217,0.109,0.174
ACH-000040,U-118 MG,CNS/Brain,Diffuse Glioma,0.078,-0.145,-0.297,-0.232,-0.063,-0.437,0.208,0.018,-0.247,0.132,-3.63,-2.895,-1.847,-2.643,-2.65,-2.274,-0.088,0.21
ACH-000041,RD-ES,Bone,Ewing Sarcoma,-0.211,-0.018,-0.468,-0.298,-0.33,-0.292,-0.063,0.091,-0.263,0.182,-3.781,-2.199,-2.135,-2.473,-2.619,-2.32,-0.109,0.11
ACH-000042,Panc 02.03,Pancreas,Pancreatic Adenocarcinoma,-0.51,-0.429,-2.814,-0.051,-0.202,-0.385,-0.221,-0.509,-0.241,-0.072,-4.296,-2.424,-1.905,-2.245,-2.256,-2.424,-0.079,0.193
ACH-000045,MV4-11,Myeloid,Acute Myeloid Leukemia,-0.263,0.102,-0.383,-0.035,-0.258,-1.58,-0.042,-0.035,-1.165,0.048,-3.867,-2.671,-2.642,-2.117,-2.051,-1.774,-0.023,-0.024
ACH-000047,GCIY,Esophagus/Stomach,Esophagogastric Adenocarcinoma,-0.423,0.118,-0.136,-0.125,-0.033,-0.202,-0.115,-0.534,-0.221,0.084,-4.194,-2.327,-1.263,-2.106,-2.66,-2.055,-0.195,0.032
ACH-000048,TOV-112D,Ovary/Fallopian Tube,Ovarian Epithelial Tumor,-0.395,0.058,-0.272,-0.091,-0.325,-0.319,-0.931,-0.168,-0.214,0.028,-4.147,-2.654,-1.61,-2.505,-2.882,-1.797,-0.065,0.282
ACH-000052,A-673,Bone,Ewing Sarcoma,0.141,-0.614,-0.533,-0.078,0.03,-0.328,-0.219,-0.278,-0.558,0.054,-3.318,-3.029,-2.027,-2.532,-2.628,-2.18,-0.012,0.082
ACH-000053,KARPAS-299,Lymphoid,Mature T and NK Neoplasms,-0.018,0.222,-0.348,-0.137,-0.104,-2.818,-0.161,-0.168,-0.239,0.09,-5.053,-3.174,-2.564,-2.939,-2.567,-2.154,0.023,0.079
ACH-000054,HT-1080,Soft Tissue,Fibrosarcoma,-0.377,-0.347,-0.334,-1.684,-0.122,-0.355,-0.233,-0.063,-1.337,0.163,-3.552,-2.542,-1.206,-2.565,-2.133,-2.211,-0.215,0.105
ACH-000055,D283 Med,CNS/Brain,Embryonal Tumor,-0.274,0.038,-0.197,-0.426,-0.247,-0.15,0.06,0.059,-0.163,0.039,-4.328,-2.655,-2.369,-2.232,-2.236,-2.142,0.018,0.072
ACH-000060,Panc 10.05,Pancreas,Pancreatic Adenocarcinoma,-0.285,-0.134,-2.03,0.162,-0.094,-0.122,-0.121,-0.438,-0.495,0.055,-5.007,-2.719,-1.905,-2.693,-2.511,-2.357,-0.088,0.22
ACH-000067,Hs 683,CNS/Brain,Diffuse Glioma,-0.21,-0.074,-0.128,-0.211,0.006,-0.401,0.018,-0.098,-0.284,0.095,-4.672,-3.057,-2.137,-2.633,-3.155,-2.242,0.041,0.102
ACH-000070,697,Lymphoid,B-Cell Acute Lymphoblastic Leukemia,0.153,-0.12,-0.504,-1.066,0.027,-1.187,-0.162,-0.116,-1.022,0.104,-3.643,-3.043,-2.343,-2.481,-2.737,-2.128,0.024,0.143
ACH-000074,KU812,Myeloid,Myeloproliferative Neoplasms,-0.003,0.08,-0.364,-0.296,-0.13,-1.815,-0.017,-0.073,-0.068,0.211,-4.599,-2.493,-2.081,-2.839,-2.577,-2.461,-0.15,0.139
ACH-000075,U-87 MG,CNS/Brain,Diffuse Glioma,-0.002,-0.056,-0.359,-0.187,-0.102,-0.61,-0.125,-0.108,-1.512,0.091,-3.787,-3.119,-2.547,-2.668,-2.913,-2.625,0.008,0.364
ACH-000076,NCO2,Myeloid,Myeloproliferative Neoplasms,0.017,-0.055,-0.543,-0.441,-0.194,-1.741,-0.077,-0.37,-0.501,0.209,-4.333,-2.197,-1.231,-2.413,-2.07,-2.213,-0.07,0.112
ACH-000077,MJ,Lymphoid,Non-Hodgkin Lymphoma,0.072,-0.114,-0.517,-0.359,-0.039,-1.229,-0.033,-0.43,-0.432,0.079,-4.066,-2.19,-2.694,-2.209,-2.378,-2.272,-0.208,-0.05
ACH-000078,MHH-NB-11,Peripheral Nervous System,Neuroblastoma,-0.225,-0.046,-0.425,-0.432,-0.136,-0.245,-0.15,-0.019,-1.117,0.113,-3.543,-2.774,-2.686,-2.101,-2.97,-2.036,-0.212,0.116
ACH-000082,"G-292, clone A141B1",Bone,Osteosarcoma,-0.02,0.123,-0.348,-0.187,-0.168,-0.299,-0.23,-0.046,-0.24,0.153,-3.967,-2.819,-1.826,-2.66,-2.663,-2.397,-0.125,0.025
ACH-000085,T3M-4,Pancreas,Pancreatic Adenocarcinoma,-0.217,0.109,-0.84,-0.042,-0.051,-0.478,-0.235,-0.196,-0.224,0.187,-3.756,-2.649,-2.055,-2.384,-2.346,-2.388,-0.02,0.186
ACH-000086,ACC-MESO-1,Pleura,Pleural Mesothelioma,-0.143,0.004,-0.157,-0.092,-0.185,-0.22,0.079,-0.059,-0.481,0.249,-3.63,-2.413,-1.937,-2.707,-2.755,-2.138,0.105,0.037
ACH-000087,SK-ES-1,Bone,Ewing Sarcoma,-0.239,-0.058,-0.45,-0.24,0.032,-0.198,0.028,-0.229,-0.253,0.248,-4.658,-2.433,-2.068,-2.519,-2.675,-2.146,0.057,0.197
ACH-000090,PC-3,Prostate,Prostate Adenocarcinoma,-0.014,0.035,-0.499,-0.194,-0.166,-0.404,-0.014,-0.394,-0.409,0.064,-3.647,-3.192,-2.147,-2.551,-2.591,-2.039,0.112,0.168
ACH-000092,NCI-H2452,Pleura,Pleural Mesothelioma,-0.3,0.001,-0.299,-0.268,-0.135,-0.275,-0.266,-0.069,-0.378,0.102,-3.879,-2.723,-2.053,-2.964,-2.968,-2.226,-0.047,0.038
ACH-000093,Panc 05.04,Pancreas,Pancreatic Adenocarcinoma,-0.416,-0.145,-1.431,-0.141,-0.095,-0.188,-0.163,-0.892,-1.068,-0.386,-3.694,-2.32,-2.438,-2.367,-2.976,-1.87,-0.19,0.147
ACH-000094,HPAF-II,Pancreas,Pancreatic Adenocarcinoma,-0.268,-0.276,-2.667,-0.67,-0.204,0.033,-2.0,-0.331,-0.456,0.109,-4.616,-2.247,-1.871,-2.827,-2.609,-3.37,0.035,0.275
ACH-000095,D341 Med,CNS/Brain,Embryonal Tumor,-0.124,0.086,-0.225,0.039,-0.087,-0.208,-0.083,-0.047,-1.314,0.0,-3.928,-2.391,-2.344,-2.146,-2.816,-2.188,-0.027,0.063
ACH-000096,G-401,Kidney,Rhabdoid Cancer,-0.315,-0.024,-0.125,-0.095,-0.307,-0.222,-0.3,0.13,-0.667,-0.166,-3.905,-2.648,-2.455,-2.401,-2.706,-1.828,0.073,0.183
ACH-000097,ZR-75-1,Breast,Invasive Breast Carcinoma,-0.118,0.051,-0.913,-0.172,-0.138,-0.032,-0.035,-0.33,-2.149,-0.325,-4.991,-2.222,-2.466,-2.115,-2.077,-2.38,-0.086,0.136
ACH-000098,GAMG,CNS/Brain,Diffuse Glioma,-0.088,0.013,-0.249,0.065,-0.166,-0.317,-0.054,-0.006,-0.36,0.115,-4.567,-2.534,-2.044,-2.365,-2.659,-2.598,-0.024,0.004
ACH-000099,SIMA,Peripheral Nervous System,Neuroblastoma,-0.329,-0.273,-0.794,-0.18,-0.135,-0.132,-0.079,-0.042,-1.364,0.079,-3.984,-2.748,-2.621,-2.306,-2.873,-2.063,-0.155,0.157
ACH-000100,RH-41,Soft Tissue,Rhabdomyosarcoma,-0.229,-0.011,-0.288,-0.082,-0.14,-0.071,-0.17,-0.151,-0.136,0.04,-3.621,-2.33,-2.151,-2.458,-2.709,-1.739,0.065,0.153
ACH-000101,KE-37,Lymphoid,T-Lymphoblastic Leukemia/Lymphoma,-0.289,0.27,-0.064,-1.295,-0.148,-1.522,-0.014,0.02,-0.213,0.003,-3.941,-2.564,-2.39,-1.816,-2.622,-2.189,-0.271,0.179
ACH-000103,Caov-4,Ovary/Fallopian Tube,Ovarian Epithelial Tumor,-0.056,-0.176,-0.466,0.406,-1.354,-0.291,0.086,-0.075,-0.23,-0.146,-4.123,-2.476,-1.986,-2.817,-2.979,-3.245,-0.304,0.339
ACH-000106,JVM-2,Lymphoid,Mature B-Cell Neoplasms,0.137,0.044,-0.573,-0.391,-0.211,-0.237,-0.095,-0.084,-0.584,0.055,-3.813,-3.077,-2.547,-2.437,-2.502,-2.613,0.074,-0.223
ACH-000108,KP-3,Pancreas,Adenosquamous Carcinoma of the Pancreas,-0.405,0.029,-1.129,0.073,-0.112,-0.258,-0.151,-0.41,-0.242,0.2,-4.931,-2.322,-2.065,-2.368,-2.777,-2.553,-0.135,0.096
ACH-000111,HCC1187,Breast,Invasive Breast Carcinoma,-0.359,-0.059,-1.157,-0.295,0.083,-0.073,-0.094,0.028,-0.689,0.176,-4.305,-2.458,-1.799,-1.594,-2.293,-2.582,-0.09,0.057
ACH-000113,OCI-AML2,Myeloid,Acute Myeloid Leukemia,-0.25,0.03,-0.182,-0.176,-0.142,-2.272,-0.145,0.006,-1.334,0.171,-4.267,-2.748,-2.351,-1.603,-2.282,-2.092,-0.174,0.023
ACH-000114,SU.86.86,Pancreas,Pancreatic Adenocarcinoma,-0.096,-0.241,-2.572,-0.114,-0.097,-0.351,-0.205,-0.32,-0.589,0.129,-4.802,-2.536,-2.183,-2.118,-3.061,-2.487,-0.01,0.097
ACH-000115,VCaP,Prostate,Prostate Adenocarcinoma,-0.162,-0.096,-0.515,-0.081,-0.143,-0.061,-0.207,-0.169,-0.273,0.066,-4.317,-1.847,-2.089,-2.444,-3.005,-3.239,-0.206,0.177
ACH-000116,OAW28,Ovary/Fallopian Tube,Ovarian Epithelial Tumor,-0.102,0.047,-0.452,-0.18,-1.105,-0.19,-0.059,-0.313,-0.318,0.041,-4.131,-2.496,-2.397,-2.245,-2.6,-1.948,0.037,0.141
ACH-000118,HUP-T3,Pancreas,Pancreatic Adenocarcinoma,-0.076,0.137,-0.413,-0.338,-0.104,-0.302,-0.085,-0.548,-0.202,0.066,-4.198,-2.467,-2.37,-2.106,-2.318,-2.119,-0.013,0.09
ACH-000120,CHP-212,Peripheral Nervous System,Neuroblastoma,-0.415,-0.404,-0.349,-1.409,-0.22,-0.123,-0.115,0.045,-1.526,0.185,-4.145,-2.437,-1.969,-1.844,-2.152,-2.096,-0.051,0.151
ACH-000123,COV434,Ovary/Fallopian Tube,Ovarian Epithelial Tumor,-0.225,-0.135,-0.201,-0.205,-0.249,-0.219,-0.056,-0.209,-1.149,0.102,-2.585,-2.488,-2.193,-2.399,-1.94,-1.928,-0.14,0.086
ACH-000124,OCI-LY-19,Lymphoid,Mature B-Cell Neoplasms,-0.094,0.249,-0.806,-1.97,-0.018,-1.948,-0.038,0.338,-1.226,-0.158,-4.173,-3.179,-1.952,-2.244,-2.665,-2.432,-0.406,0.125
ACH-000127,SLR 20,Bladder/Urinary Tract,Bladder Urothelial Carcinoma,-0.274,-0.002,-0.207,-0.289,-0.059,-0.317,-0.141,0.102,-0.34,0.171,-3.671,-2.847,-2.033,-1.955,-2.231,-2.003,0.015,0.009
ACH-000128,LN-319,CNS/Brain,Diffuse Glioma,-0.227,-0.013,-0.26,-0.172,-0.214,-0.165,-0.231,-0.327,-0.168,0.025,-3.706,-2.351,-1.83,-2.59,-3.006,-2.134,0.013,0.298
ACH-000132,JHOS-2,Ovary/Fallopian Tube,Ovarian Epithelial Tumor,-0.371,-0.315,-0.534,-0.311,-1.265,-0.262,-0.15,-0.703,-0.391,0.097,-4.011,-3.193,-1.95,-2.234,-2.925,-2.371,-0.099,0.21
ACH-000133,Hs 729,Fibroblast,Non-Cancerous,-0.32,-0.06,-0.622,-0.235,-0.08,-0.246,-0.145,-0.074,-0.484,0.195,-3.593,-2.728,-1.82,-2.263,-2.619,-2.395,-0.01,0.028
ACH-000137,8-MG-BA,CNS/Brain,Diffuse Glioma,-0.107,-0.055,-0.397,-0.415,-0.132,-0.279,-0.111,-0.054,-0.3,0.167,-3.437,-2.397,-1.992,-2.653,-3.174,-2.5,-0.032,0.197
ACH-000138,CFPAC-1,Pancreas,Pancreatic Adenocarcinoma,-0.335,0.053,-1.989,-0.096,-0.056,-0.243,-0.521,-0.164,-0.378,0.213,-3.856,-2.639,-1.647,-2.339,-2.26,-2.155,-0.106,0.192
ACH-000139,Panc 03.27,Pancreas,Pancreatic Adenocarcinoma,-0.521,-0.14,-0.584,0.025,-0.092,-0.232,-0.138,-0.858,-0.373,0.28,-4.196,-2.362,-2.316,-1.741,-2.421,-2.837,0.114,0.008
ACH-000141,SNU-308,Biliary Tract,Intracholecystic Papillary Neoplasm,-0.15,-0.149,-0.237,-0.187,-0.177,-0.193,-0.02,-0.281,-0.3,0.116,-4.073,-2.44,-1.297,-2.428,-2.803,-2.203,0.009,0.176
ACH-000142,CAL-29,Bladder/Urinary Tract,Bladder Urothelial Carcinoma,-0.487,-0.174,-0.332,-0.372,-0.109,-0.213,-0.108,-0.451,-0.359,0.182,-3.949,-2.541,-2.584,-1.932,-2.879,-2.058,-0.215,-0.0
ACH-000143,HCC2429,Lung,Non-Small Cell Lung Cancer,-0.028,-0.177,-0.43,-0.173,-0.048,-0.282,0.023,-0.012,-0.467,-0.099,-3.76,-2.578,-1.979,-2.685,-3.087,-2.154,-0.081,0.064
ACH-000144,RERF-GC-1B,Esophagus/Stomach,Esophagogastric Adenocarcinoma,-0.169,-0.002,-0.171,-0.121,-0.106,-0.473,-0.409,-0.289,-0.408,-0.109,-4.693,-2.931,-1.661,-2.709,-3.326,-2.394,0.031,0.489
ACH-000145,SK-LMS-1,Soft Tissue,Leiomyosarcoma,-0.088,-0.032,-0.462,-0.225,-0.051,-0.307,-0.047,-0.053,-0.478,0.092,-3.482,-2.634,-1.312,-2.484,-2.717,-2.297,-0.014,0.052
ACH-000146,THP-1,Myeloid,Acute Myeloid Leukemia,-0.141,-0.051,-0.426,-2.193,-0.032,-1.832,-0.104,-0.112,-0.192,0.167,-4.317,-2.511,-2.337,-2.4,-2.396,-2.531,-0.097,0.167
ACH-000147,T-47D,Breast,Invasive Breast Carcinoma,-0.076,0.199,-0.357,-0.206,-0.26,-0.123,-0.037,-0.472,-0.27,-1.447,-5.389,-1.77,-3.261,-1.677,-3.836,-2.425,-0.137,0.129
ACH-000148,Hs 578T,Breast,Invasive Breast Carcinoma,-0.231,-0.082,-0.398,-0.269,-0.202,-0.227,-0.157,0.037,-0.579,0.06,-4.937,-2.404,-1.931,-2.372,-3.089,-2.433,-0.035,0.123
ACH-000149,SK-N-SH,Peripheral Nervous System,Neuroblastoma,-0.162,0.11,-0.317,-0.05,-0.2,-0.442,-0.309,-0.49,-0.864,0.208,-4.07,-1.729,-2.178,-3.366,-3.518,-1.456,-0.084,0.25
ACH-000151,JM1,Lymphoid,B-Cell Acute Lymphoblastic Leukemia,0.124,0.11,-0.342,-0.017,-0.095,-1.285,0.154,-0.081,-0.254,0.168,-3.621,-3.111,-1.837,-2.557,-2.766,-2.058,-0.065,-0.043
ACH-000152,M059K,CNS/Brain,Diffuse Glioma,-0.338,-0.15,-0.316,-0.408,-0.194,-0.264,-0.098,-0.044,-0.401,0.112,-2.252,-2.863,-2.469,-2.793,-2.741,-2.091,0.008,0.07
ACH-000153,NCI-H2052,Pleura,Pleural Mesothelioma,0.377,-0.115,-0.786,-0.403,-0.13,-0.325,-0.152,-0.335,-1.459,0.088,-3.855,-2.023,-1.836,-1.876,-3.22,-2.372,-0.212,0.204
ACH-000155,SW 1990,Pancreas,Pancreatic Adenocarcinoma,-0.323,-0.396,-2.276,0.237,-0.087,-0.212,-0.022,-0.236,-0.32,0.123,-3.913,-1.216,-2.045,-1.849,-3.091,-2.852,0.028,0.036
ACH-000159,OS-RC-2,Kidney,Renal Cell Carcinoma,-0.105,0.014,-0.17,-0.356,-1.78,-0.349,-0.351,-0.082,-2.169,0.041,-2.951,-2.893,-2.218,-2.834,-2.341,-2.649,-0.081,0.153
ACH-000160,BT-12,CNS/Brain,Embryonal Tumor,-0.077,-0.065,-0.326,0.005,-0.156,-0.121,0.002,-0.128,-1.099,-0.165,-4.039,-2.026,-2.666,-1.862,-2.514,-2.468,-0.243,-0.034
ACH-000161,COR-L105,Lung,Non-Small Cell Lung Cancer,-0.145,-0.003,-0.136,-0.259,-0.07,-0.121,-0.369,-0.874,-1.036,0.112,-3.685,-2.814,-2.161,-2.417,-2.543,-1.949,-0.03,0.176
ACH-000163,SW579,Head and Neck,Head and Neck Squamous Cell Carcinoma,-0.053,-0.03,-1.562,-0.069,-0.293,-0.15,-0.845,-0.148,-0.155,0.058,-3.834,-2.665,-2.189,-2.098,-2.499,-2.462,-0.053,0.278
ACH-000164,PANC-1,Pancreas,Pancreatic Adenocarcinoma,-0.231,0.059,-1.788,-0.254,-0.047,-0.211,-0.061,-0.02,-0.393,0.106,-3.749,-2.157,-2.138,-2.271,-2.9,-2.37,-0.1,0.091
ACH-000167,KE-97,Lymphoid,Mature B-Cell Neoplasms,0.329,-0.124,-0.282,-0.345,-0.017,-0.485,-0.203,-0.031,-0.781,0.023,-3.599,-2.95,-2.314,-2.581,-2.819,-1.895,0.099,0.124
ACH-000168,NOMO-1,Myeloid,Acute Myeloid Leukemia,-0.104,-0.118,-2.281,-0.101,-0.123,-2.167,-0.127,0.136,-0.608,-0.012,-4.7,-2.324,-2.226,-2.423,-2.651,-2.132,-0.073,-0.037
ACH-000169,RD,Soft Tissue,Rhabdomyosarcoma,-0.132,-0.092,-0.235,-1.724,-0.058,-0.245,-0.348,0.044,-0.188,0.111,-3.833,-3.077,-2.228,-2.337,-2.319,-2.068,0.006,-0.023
ACH-000172,TM-87,Soft Tissue,Rhabdoid Cancer,-0.332,-0.149,-0.529,-0.006,-0.196,-0.37,0.15,-0.109,-1.053,0.047,-3.705,-2.87,-2.502,-2.471,-2.52,-2.21,-0.314,-0.145
ACH-000174,CAL-62,Thyroid,Anaplastic Thyroid Cancer,-0.157,0.006,-1.987,-0.283,-0.311,-0.286,-0.051,0.032,-0.495,0.154,-2.687,-2.984,-2.259,-2.524,-2.341,-2.136,0.026,0.168
ACH-000176,LOU-NH91,Lung,Non-Small Cell Lung Cancer,-0.092,-0.038,-0.282,-0.206,-0.142,-0.351,-0.151,-1.54,-0.376,-0.056,-4.771,-2.449,-1.673,-3.085,-2.243,-2.675,-0.022,0.225
ACH-000178,Hs 766T,Pancreas,Pancreatic Adenocarcinoma,-0.111,-0.233,-1.247,-0.173,-0.115,-0.284,-0.409,-0.247,-0.396,-0.072,-3.546,-2.505,-1.71,-2.205,-2.661,-2.146,-0.117,0.202
ACH-000181,SCC-9,Head and Neck,Head and Neck Squamous Cell Carcinoma,-0.282,-0.174,-0.376,-0.56,0.1,-0.209,-0.084,-1.628,-0.595,0.207,-4.202,-3.082,-1.559,-2.256,-2.271,-1.823,0.136,0.004
ACH-000182,SNU-869,Ampulla of Vater,Ampullary Carcinoma,-0.275,-0.25,-1.726,-0.508,-0.174,-0.36,-1.252,-0.131,-0.435,0.112,-4.077,-2.393,-2.452,-2.702,-2.8,-2.179,-0.035,0.194
ACH-000183,L-363,Lymphoid,Mature B-Cell Neoplasms,0.064,0.078,-0.148,-1.251,-0.118,-0.306,-0.055,-0.262,-0.353,0.084,-4.806,-2.035,-2.255,-2.08,-2.651,-2.504,0.017,0.005
ACH-000187,COR-L311,Lung,Lung Neuroendocrine Tumor,-0.277,0.119,-0.471,-0.151,-0.113,-0.715,-0.125,-0.221,-0.149,0.143,-3.861,-2.521,-2.177,-2.728,-2.881,-2.231,-0.082,0.031
ACH-000188,SCC-25,Head and Neck,Head and Neck Squamous Cell Carcinoma,-0.095,-0.036,-0.121,-0.154,-0.037,-0.181,-0.048,-0.532,-0.367,0.112,-2.866,-2.737,-1.756,-2.73,-2.351,-2.043,-0.157,0.115
ACH-000189,RCC10RGB,Kidney,Renal Cell Carcinoma,-0.15,-0.076,-0.381,-0.203,-0.528,-0.261,-0.048,-0.587,-0.981,0.204,-3.508,-2.717,-2.155,-2.392,-2.842,-1.71,0.059,0.196
ACH-000190,HD-MY-Z,Myeloid,Acute Myeloid Leukemia,0.102,0.138,-0.301,-1.172,-0.028,-0.336,-0.095,-0.114,-0.299,-0.037,-3.649,-2.974,-2.533,-2.251,-0.814,-2.303,-0.07,0.15
ACH-000191,BHT-101,Thyroid,Anaplastic Thyroid Cancer,-0.31,-1.168,-0.3,-0.164,-0.115,-0.255,-0.138,-0.119,-0.547,0.04,-3.907,-2.513,-2.275,-1.97,-2.25,-2.107,-0.155,0.042
ACH-000192,MFE-280,Uterus,Endometrial Carcinoma,-0.088,0.163,-0.249,0.026,-1.82,-0.51,-0.111,-0.023,-0.343,0.0,-4.67,-2.328,-1.933,-3.24,-2.497,-3.147,0.193,0.027
ACH-000195,Set-2,Myeloid,Acute Myeloid Leukemia,0.089,0.154,-0.452,0.046,-0.193,-0.784,-0.065,-0.246,-0.091,-0.02,-3.852,-2.565,-2.365,-3.113,-2.783,-2.65,0.05,-0.049
ACH-000198,EOL-1,Myeloid,Acute Myeloid Leukemia,-0.174,-0.132,-0.471,-0.16,-0.077,-1.517,-0.047,-0.036,-1.44,0.166,-4.186,-2.969,-3.062,-2.259,-1.946,-2.217,-0.021,0.079
ACH-000200,NMC-G1,CNS/Brain,Diffuse Glioma,-0.252,-0.6,-0.397,-0.086,0.058,-0.226,-0.257,0.181,-0.882,0.263,-3.579,-3.091,-2.062,-2.636,-2.575,-2.124,0.145,0.35
ACH-000202,COLO-320,Bowel,Colorectal Adenocarcinoma,0.033,0.027,-0.633,-0.038,-0.149,-0.037,-0.848,-0.242,-0.405,0.149,-3.605,-3.089,-2.19,-2.763,-2.913,-1.686,0.096,-0.179
ACH-000203,NH-6,Peripheral Nervous System,Neuroblastoma,-0.304,0.116,-1.074,-0.46,0.108,-0.448,0.01,-0.262,-0.701,0.376,-3.481,-2.764,-2.177,-2.442,-2.643,-2.219,0.115,0.027
ACH-000204,LP-1,Lymphoid,Mature B-Cell Neoplasms,-0.187,-0.012,-0.281,-0.249,-0.091,-0.196,-0.078,0.048,-0.131,0.046,-4.08,-2.861,-2.223,-2.714,-1.775,-1.91,-0.067,0.045
ACH-000206,C8166,Lymphoid,Non-Cancerous,0.077,0.305,-0.288,-1.312,-0.148,-0.05,-0.094,-0.226,-0.714,0.069,-3.857,-2.788,-2.633,-3.121,-3.085,-2.136,-0.123,0.225
ACH-000207,Detroit 562,Head and Neck,Head and Neck Squamous Cell Carcinoma,-0.066,-0.086,-0.495,-0.244,-0.101,-0.321,0.216,-0.767,-0.074,0.129,-4.69,-1.987,-1.703,-2.267,-3.363,-2.842,0.164,0.029
ACH-000208,U-178,CNS/Brain,Diffuse Glioma,-0.196,0.01,-0.363,-0.428,-0.073,-0.475,-0.231,-0.006,-0.459,0.094,-3.54,-2.939,-2.206,-2.524,-2.729,-1.634,0.241,0.154
ACH-000209,SNU-1079,Biliary Tract,Intraductal Papillary Neoplasm of the Bile Duct,-0.27,0.07,-0.568,-0.366,-0.139,-0.264,0.27,-0.169,-1.246,0.05,-3.955,-2.702,-2.313,-2.519,-2.548,-2.213,-0.088,0.24
ACH-000210,CADO-ES1,Bone,Ewing Sarcoma,-0.036,-0.01,-0.843,-0.168,-0.01,-0.36,-0.169,-0.18,-0.91,0.349,-3.479,-3.024,-2.124,-2.558,-2.787,-1.884,0.097,0.136
ACH-000211,Daoy,CNS/Brain,Embryonal Tumor,-0.133,-0.049,-0.218,-0.352,-0.073,-0.318,-0.089,-0.036,-0.3,0.162,-2.352,-2.846,-2.251,-2.095,-2.162,-2.19,-0.08,0.089
ACH-000212,CAL-120,Breast,Invasive Breast Carcinoma,-0.204,-0.126,-0.272,-0.226,-0.181,-0.184,-0.174,-0.071,-0.728,0.086,-2.532,-2.001,-1.313,-2.116,-2.955,-2.334,-0.316,0.031
ACH-000213,HUP-T4,Pancreas,Pancreatic Adenocarcinoma,-0.187,-0.193,-1.987,-0.367,-0.327,0.136,-0.583,-1.209,-0.512,0.042,-3.161,-2.87,-2.175,-2.757,-3.063,-2.823,-0.104,-0.015
ACH-000215,LN382,CNS/Brain,Diffuse Glioma,-0.361,-0.102,-0.09,-0.335,-0.095,-0.276,-0.246,-0.039,-0.475,0.051,-3.988,-2.378,-2.435,-2.274,-3.334,-2.237,-0.102,0.107
ACH-000216,JH-EsoAd1,Esophagus/Stomach,Esophagogastric Adenocarcinoma,-0.285,0.007,-0.197,-0.164,-0.111,-0.301,-0.515,-0.729,-0.388,0.146,-3.588,-2.641,-2.209,-2.486,-2.99,-2.209,-0.028,0.147
ACH-000217,JHH-6,Liver,Hepatocellular Carcinoma,-0.079,-0.13,-0.353,-0.332,-0.123,-0.221,-0.083,-0.149,-0.125,0.174,-4.091,-2.333,-1.673,-2.327,-3.398,-2.644,0.044,0.117
ACH-000219,A-375,Skin,Melanoma,-1.404,-1.135,-0.247,-0.178,-0.108,-0.218,-0.164,-0.075,-1.493,0.116,-4.69,-2.342,-3.009,-1.919,-2.063,-2.105,-0.143,0.084
ACH-000221,SNU-398,Liver,Hepatocellular Carcinoma,-0.289,0.084,-0.754,-0.388,-0.119,-0.36,-1.246,-0.08,-0.098,0.135,-3.639,-2.46,-1.041,-1.968,-2.742,-2.188,-0.063,0.259
ACH-000222,AsPC-1,Pancreas,Pancreatic Adenocarcinoma,-0.054,-0.186,-4.28,-0.035,0.021,-0.314,-0.581,-0.65,-0.534,0.151,-5.063,-2.597,-2.136,-2.702,-1.938,-3.633,0.089,0.093
ACH-000223,HCC1937,Breast,Invasive Breast Carcinoma,-0.11,0.076,-0.256,-0.345,-0.071,-0.108,-0.078,-0.318,-0.443,0.098,-4.804,-2.289,-1.718,-2.187,-3.714,-2.402,-0.035,0.14
ACH-000226,SUP-M2,Lymphoid,Mature T and NK Neoplasms,-0.278,0.075,-0.134,-0.127,-0.113,-0.954,-0.056,-0.07,-0.91,-0.016,-4.172,-3.08,-2.38,-2.418,-2.984,-1.972,0.007,0.232
ACH-000227,KP-N-YN,Peripheral Nervous System,Neuroblastoma,-0.429,-0.05,-0.669,-0.303,-0.181,-0.146,-0.086,0.111,-0.342,0.037,-3.225,-3.1,-2.133,-2.238,-2.325,-2.548,-0.046,0.094
ACH-000228,BICR 31,Head and Neck,Head and Neck Squamous Cell Carcinoma,-0.069,-0.122,-0.423,-0.227,-0.348,-0.272,-0.062,-0.596,-0.339,0.011,-3.839,-2.07,-1.229,-1.918,-2.916,-1.934,0.15,0.089
ACH-000231,KALS-1,CNS/Brain,Diffuse Glioma,-0.218,-0.001,-0.296,-0.283,-0.111,-0.215,-0.087,0.029,-0.401,0.153,-4.014,-3.649,-2.349,-2.649,-2.162,-1.97,-0.111,0.125
ACH-000232,U-251 MG,CNS/Brain,Diffuse Glioma,-0.238,-0.217,-0.252,-0.167,-0.059,-0.227,-0.181,-0.149,-0.442,-0.069,-3.324,-2.166,-2.367,-1.931,-2.385,-2.201,-0.211,0.131
ACH-000233,DEL,Lymphoid,Mature T and NK Neoplasms,-0.154,0.166,-0.202,-0.118,-0.223,-0.965,-0.049,-0.09,-0.389,0.078,-4.829,-2.728,-2.049,-2.813,-3.133,-2.456,-0.125,0.121
ACH-000234,Caki-2,Kidney,Renal Cell Carcinoma,-0.042,0.076,-0.554,-0.239,-0.457,-0.255,-0.144,-0.791,-1.47,0.119,-3.951,-2.873,-2.042,-2.985,-2.818,-2.498,0.127,0.087
ACH-000235,Panc 04.03,Pancreas,Pancreatic Adenocarcinoma,-0.095,0.024,-2.879,-0.195,-0.13,-0.184,-1.464,-0.864,-0.434,0.127,-4.783,-2.899,-2.58,-2.449,-3.418,-2.416,0.025,0.129
ACH-000237,JHOM-1,Ovary/Fallopian Tube,Ovarian Epithelial Tumor,-0.16,-0.049,-0.302,-0.442,-1.101,-0.2,-0.056,-0.151,-0.418,0.05,-4.089,-2.129,-1.85,-2.408,-2.575,-2.675,-0.225,0.031
ACH-000238,SCC-4,Head and Neck,Head and Neck Squamous Cell Carcinoma,-0.186,-0.076,-0.373,-0.407,-0.243,-0.223,0.047,-0.71,-0.269,0.109,-4.91,-2.478,-1.741,-2.041,-2.997,-2.268,-0.246,0.11
ACH-000239,HuG1-N,Esophagus/Stomach,Esophagogastric Adenocarcinoma,0.06,0.051,-0.238,-0.412,-0.176,-0.583,-0.399,-0.243,-0.482,0.042,-3.528,-2.936,-1.975,-2.483,-2.551,-1.954,0.191,0.214
ACH-000242,RT4,Bladder/Urinary Tract,Bladder Urothelial Carcinoma,0.099,0.018,-0.633,-0.045,-0.2,-0.307,0.087,-0.4,-0.328,0.517,-3.51,-3.088,-2.002,-2.763,-3.121,-2.434,-0.291,0.262
ACH-000243,DAN-G,Pancreas,Pancreatic Adenocarcinoma,-0.292,-0.002,-1.756,-0.244,-0.162,-0.186,-0.113,-0.02,-0.388,0.111,-4.823,-3.325,-2.089,-2.235,-2.915,-2.416,0.065,0.108
ACH-000244,DK-MG,CNS/Brain,Diffuse Glioma,-0.286,-0.048,-0.509,-0.255,0.19,-0.379,0.012,0.024,-1.161,-0.077,-4.218,-2.439,-1.94,-3.191,-2.275,-3.063,-0.115,0.33
ACH-000246,SLR 23,Kidney,Renal Cell Carcinoma,-0.31,0.125,-0.186,-0.192,-0.532,-0.203,-0.127,-0.32,-1.921,0.022,-3.838,-2.522,-2.383,-2.616,-1.89,-2.342,-0.107,0.126
ACH-000247,OCUM-1,Esophagus/Stomach,Esophagogastric Adenocarcinoma,-0.498,-0.219,-0.148,-0.029,-0.18,-0.031,-1.625,-0.202,-1.542,0.022,-4.289,-2.472,-2.746,-1.513,-1.379,-1.776,0.033,0.265
ACH-000248,AU565,Breast,Invasive Breast Carcinoma,-0.19,0.108,-0.319,-0.162,-0.256,-0.038,-0.063,-0.194,-0.163,-0.12,-3.65,-2.698,-2.026,-2.725,-2.391,-1.769,-0.052,0.105
ACH-000249,CL-11,Bowel,Colorectal Adenocarcinoma,-0.338,-0.065,-1.128,-0.46,-0.264,0.291,-1.267,-0.5,-0.883,0.214,-4.829,-2.062,-2.059,-1.558,-2.308,-2.587,-0.007,-0.089
ACH-000250,KMRC-20,Kidney,Renal Cell Carcinoma,-0.17,-0.105,-0.167,-0.196,-1.352,-0.329,-0.114,-0.354,-0.432,0.027,-2.041,-2.947,-2.216,-2.782,-2.596,-2.31,-0.089,0.111
ACH-000251,NCI-H2887,Lung,Non-Small Cell Lung Cancer,-0.305,-0.224,-0.943,-0.228,0.002,-0.19,-0.17,-0.176,-0.005,0.025,-3.815,-2.782,-2.152,-3.172,-2.269,-2.252,-0.104,-0.063
ACH-000252,LS1034,Bowel,Colorectal Adenocarcinoma,-0.195,-0.167,-2.473,-0.435,-0.101,-0.33,-1.68,0.023,-0.151,-0.057,-4.411,-2.745,-2.092,-1.245,-2.587,-2.03,-0.041,0.178
ACH-000253,COLO 201,Bowel,Colorectal Adenocarcinoma,-0.355,-1.327,-0.474,-0.215,-0.212,-1.524,-1.919,-0.022,-0.26,0.126,-3.866,-3.213,-2.272,-2.691,-2.736,-2.3,-0.049,0.108
ACH-000255,LMSU,Esophagus/Stomach,Esophagogastric Adenocarcinoma,-0.339,-0.115,-0.159,-0.315,-0.143,-0.213,-0.292,-0.056,-0.335,0.009,-3.676,-3.079,-2.378,-2.52,-2.091,-2.112,0.135,0.105
ACH-000256,COV318,Ovary/Fallopian Tube,Ovarian Epithelial Tumor,-0.579,-0.018,-0.072,-0.187,-1.212,-0.241,0.057,0.08,-0.226,-0.067,-3.783,-2.366,-1.617,-2.227,-2.572,-2.09,-0.208,0.178
ACH-000257,COR-L279,Lung,Lung Neuroendocrine Tumor,-0.385,-0.009,-0.65,-0.352,-0.229,-0.226,0.114,0.14,-0.52,0.192,-3.805,-2.302,-2.435,-2.612,-2.915,-2.141,-0.224,-0.012
ACH-000258,Du4475,Breast,Invasive Breast Carcinoma,0.169,-1.206,-0.519,-0.062,-0.163,-0.127,-1.741,-0.317,-0.74,0.168,-3.568,-2.232,-2.673,-2.412,-2.947,-2.512,-0.192,0.023
ACH-000259,KELLY,Peripheral Nervous System,Neuroblastoma,-0.199,-0.017,-0.227,-0.142,-0.114,-0.151,-0.132,-0.048,-0.586,0.121,-4.092,-2.655,-1.723,-2.266,-2.72,-2.473,-0.141,0.421
ACH-000260,SK-N-AS,Peripheral Nervous System,Neuroblastoma,-0.201,-0.005,-0.183,-3.176,-0.023,-0.245,-0.298,0.008,-0.253,0.07,-4.536,-2.721,-3.01,-2.615,-2.615,-2.451,-0.004,0.181
ACH-000261,RERF-LC-AI,Lung,Non-Small Cell Lung Cancer,-0.092,-0.053,-0.245,-0.157,-0.075,-0.25,-0.207,0.007,-0.456,0.1,-4.029,-2.717,-2.057,-2.419,-2.593,-2.465,-0.033,0.078
ACH-000262,UOK101,Kidney,Renal Cell Carcinoma,-0.195,-0.215,-0.564,0.051,-1.122,-0.476,-0.335,-0.495,-1.102,0.058,-3.774,-2.534,-2.21,-2.224,-2.528,-1.724,-0.252,0.061
ACH-000263,KASUMI-1,Myeloid,Acute Myeloid Leukemia,0.019,-0.119,-0.508,-0.129,0.001,-1.298,-0.071,-0.157,-0.188,0.139,-3.549,-2.953,-2.078,-2.529,-2.863,-1.83,0.464,0.269
ACH-000264,Calu-6,Lung,Non-Small Cell Lung Cancer,-0.058,-0.25,-2.76,-0.155,-0.109,-0.296,-0.187,-0.137,-0.4,0.172,-4.096,-2.554,-1.782,-1.996,-2.963,-2.241,-0.111,0.059
ACH-000265,KP-4,Pancreas,Pancreatic Adenocarcinoma,-0.174,-0.01,-1.3,-0.273,-0.074,-0.266,-0.118,0.022,-0.36,0.109,-4.55,-2.733,-1.567,-1.572,-2.071,-2.326,0.067,0.154
ACH-000266,SNU-213,Pancreas,Pancreatic Adenocarcinoma,-0.236,-0.168,-2.7,-0.182,-0.098,-0.276,-0.287,-1.043,-0.374,0.121,-3.82,-3.094,-1.916,-2.774,-2.675,-2.547,-0.01,0.148
ACH-000268,SNU-245,Biliary Tract,Intraductal Papillary Neoplasm of the Bile Duct,0.005,-0.147,-0.383,0.094,0.001,-0.168,-0.462,-0.85,-0.271,0.688,-3.739,-2.287,-1.788,-1.632,-1.883,-2.174,0.108,-0.031
ACH-000269,AM-38,CNS/Brain,Diffuse Glioma,-0.28,-0.757,-0.164,-0.257,-0.14,-0.321,-0.475,-0.036,-0.525,-0.188,-4.24,-3.391,-1.908,-2.726,-2.771,-2.375,-0.281,0.228
ACH-000271,SU-DHL-10,Lymphoid,Mature B-Cell Neoplasms,-0.096,-0.031,-0.376,-0.176,-0.215,-0.151,-0.068,0.092,-0.337,0.157,-4.335,-3.424,-1.583,-2.242,-1.433,-2.863,-0.322,0.069
ACH-000272,SLR 24,Kidney,Renal Cell Carcinoma,-0.21,-0.098,-0.233,-0.118,-1.744,-0.309,-0.061,-0.549,-2.245,0.139,-3.593,-2.848,-2.138,-2.756,-2.692,-2.381,-0.031,0.1
ACH-000273,SF539,CNS/Brain,Diffuse Glioma,-0.256,-0.112,-0.211,-0.276,0.009,-0.122,-0.114,0.101,-0.464,0.099,-3.896,-2.842,-2.266,-2.576,-2.286,-2.282,-0.073,0.101
ACH-000274,Hs 852.T,Skin,Melanoma,-1.588,-0.205,-0.14,-0.618,-0.04,-0.283,-0.225,-0.389,-2.473,-0.002,-3.863,-2.573,-2.095,-2.964,-3.133,-2.206,-0.035,0.215
ACH-000276,HCC38,Breast,Invasive Breast Carcinoma,-0.401,0.012,-0.288,-0.251,-0.093,-0.287,0.006,-0.269,-0.411,0.258,-4.586,-2.641,-1.764,-1.737,-3.506,-2.681,0.222,0.163
ACH-000277,HCC1419,Breast,Invasive Breast Carcinoma,-0.323,-0.014,-1.366,-0.212,-0.039,-0.107,-0.211,-0.077,-0.194,-0.866,-3.772,-2.608,-2.089,-2.58,-2.867,-2.28,-0.039,0.236
ACH-000278,COV362,Ovary/Fallopian Tube,Ovarian Epithelial Tumor,-0.111,0.037,-0.356,-0.202,-0.526,-0.122,-0.065,-0.164,-0.246,0.051,-3.67,-2.556,-1.952,-2.714,-2.985,-2.561,-0.172,0.1
ACH-000279,EWS502,Bone,Ewing Sarcoma,-0.218,-0.192,-0.32,-0.218,-0.128,-0.115,-0.138,-0.038,-0.118,0.213,-4.004,-2.285,-2.163,-1.701,-2.705,-2.552,-0.205,-0.012
ACH-000280,SNU-840,Ovary/Fallopian Tube,Ovarian Epithelial Tumor,-0.142,0.055,-0.315,-0.319,-0.287,-0.03,0.041,-0.433,-0.743,-0.132,-3.864,-2.135,-2.703,-1.845,-2.765,-2.268,-0.456,0.111
ACH-000281,KP-2,Pancreas,Pancreatic Adenocarcinoma,-0.321,-0.13,-1.639,-0.17,-0.134,-0.189,-1.173,0.078,-0.208,0.225,-3.504,-2.344,-2.181,-1.63,-2.652,-2.348,-0.111,0.136
ACH-000286,SNU-1033,Bowel,Colorectal Adenocarcinoma,-0.154,0.217,-1.115,-0.234,-0.413,-0.741,-1.192,-0.104,-0.287,-0.101,-3.941,-2.084,-2.032,-2.343,-3.034,-2.0,-0.007,0.154
ACH-000288,BT-549,Breast,Invasive Breast Carcinoma,-0.249,-0.029,0.012,-0.23,-0.141,-0.306,0.016,0.065,-0.233,0.094,-3.718,-2.215,-2.148,-2.096,-2.754,-2.324,-0.113,0.14
ACH-000290,NCI-H209,Lung,Lung Neuroendocrine Tumor,-0.142,0.002,-0.217,-0.184,-0.17,-0.182,0.042,-0.161,-0.363,0.168,-3.748,-2.47,-2.152,-2.185,-2.803,-2.422,-0.191,0.103
ACH-000291,OV-90,Ovary/Fallopian Tube,Ovarian Epithelial Tumor,-0.301,-1.142,-0.373,-0.199,-0.137,-0.251,-0.11,-0.044,-0.302,0.043,-4.72,-3.087,-2.061,-2.382,-1.715,-2.788,0.005,0.256
ACH-000292,NCI-H841,Lung,SMARCA4-deficient undifferentiated tumor,-0.111,0.062,-0.379,-0.209,-0.237,-0.145,-0.176,-0.076,-0.055,0.074,-4.52,-2.551,-2.211,-2.182,-3.018,-2.377,-0.24,-0.022
ACH-000293,KLE,Uterus,Endometrial Carcinoma,-0.242,-0.113,-0.366,-0.176,-1.382,-0.251,0.093,0.034,-0.202,0.343,-4.653,-2.745,-1.932,-3.225,-2.38,-2.56,0.21,0.023
ACH-000294,NB-4,Myeloid,Acute Myeloid Leukemia,0.142,-0.639,-1.791,-0.176,-0.18,-1.772,-0.128,-0.16,0.016,0.061,-3.837,-2.217,-0.936,-2.167,-1.9,-1.959,-0.083,-0.156
ACH-000295,EM-2,Myeloid,Myeloproliferative Neoplasms,-0.022,-0.25,-0.671,-0.331,-0.007,-1.032,-0.097,-0.146,-0.175,0.221,-3.608,-2.866,-2.049,-2.605,-2.891,-2.532,-0.027,0.091
ACH-000296,OUMS-23,Bowel,Colorectal Adenocarcinoma,-0.24,-0.427,-0.599,-0.238,-0.032,-0.428,-0.782,-0.003,-0.386,0.4,-3.35,-2.038,-1.975,-1.836,-3.298,-1.685,-0.005,0.256
ACH-000302,SNU-1077,Uterus,Endometrial Carcinoma,-0.365,-0.084,-0.251,-0.143,-1.132,-0.173,-0.095,-0.623,-0.24,0.091,-4.215,-2.252,-1.777,-2.181,-2.404,-2.866,-0.076,0.083
ACH-000303,SNU-5,Esophagus/Stomach,Esophagogastric Adenocarcinoma,-0.436,-0.435,-0.302,-0.264,-0.14,-0.061,-0.433,-0.092,-0.343,0.03,-4.02,-2.176,-2.055,-2.47,-2.045,-2.486,-0.045,0.032
ACH-000304,WM-115,Skin,Melanoma,-1.732,-0.948,-0.744,-0.274,-0.238,-0.299,-0.095,-0.215,-1.464,0.264,-3.805,-2.871,-2.521,-2.816,-2.244,-2.198,0.052,0.178
ACH-000305,EC-GI-10,Esophagus/Stomach,Esophageal Squamous Cell Carcinoma,-0.099,0.039,-0.485,-0.079,-0.088,-0.34,-0.103,-0.662,-0.095,-0.012,-4.953,-2.335,-1.415,-1.976,-2.624,-2.846,-0.121,0.188
ACH-000307,PK-1,Pancreas,Pancreatic Adenocarcinoma,-0.207,0.052,-1.452,-0.148,-0.202,-0.147,-0.124,-0.609,-0.304,-0.004,-3.949,-2.266,-2.745,-1.838,-3.004,-2.463,-0.207,-0.028
ACH-000308,EFO-21,Ovary/Fallopian Tube,Ovarian Epithelial Tumor,-0.24,0.141,0.016,-0.189,-0.479,-0.231,-0.085,0.158,-0.384,0.111,-4.615,-2.251,-2.372,-3.092,-3.59,-2.352,-0.111,0.035
ACH-000310,IMR-32,Peripheral Nervous System,Neuroblastoma,-0.204,0.11,-0.716,-0.436,0.003,-0.347,-0.198,-0.077,-0.756,0.114,-3.495,-3.505,-2.499,-2.585,-2.665,-1.994,-0.075,0.254
ACH-000311,NCI-H2122,Lung,Non-Small Cell Lung Cancer,-0.02,0.316,-1.062,-0.346,-0.169,-0.193,-0.677,-0.117,-0.934,0.207,-3.821,-2.934,-2.363,-2.431,-2.465,-1.958,0.008,0.231
ACH-000312,SK-N-BE(2),Peripheral Nervous System,Neuroblastoma,-0.206,-0.131,-1.08,0.004,-0.066,-0.357,0.009,-0.018,-0.121,0.104,-2.868,-3.302,-1.993,-2.561,-2.47,-2.16,-0.0,0.092
ACH-000313,KMRC-3,Kidney,Renal Cell Carcinoma,-0.14,-0.096,-0.298,-0.195,-1.326,-0.3,-0.229,-0.184,-0.475,0.202,-3.631,-3.154,-2.077,-2.495,-2.059,-2.361,-0.085,0.076
ACH-000315,KARPAS-422,Lymphoid,Mature B-Cell Neoplasms,-0.207,-0.038,-0.099,-0.182,-0.161,-0.032,0.122,-0.128,-0.032,-0.138,-3.81,-2.35,-1.275,-2.45,-2.206,-1.711,0.055,0.3
ACH-000316,SNU-886,Liver,Hepatocellular Carcinoma,-0.092,-0.097,-0.268,-0.128,-0.01,-0.188,-0.157,-0.56,-0.286,0.219,-2.378,-2.189,-2.626,-1.954,-2.427,-2.305,-0.11,0.152
ACH-000317,TUHR14TKB,Kidney,Renal Cell Carcinoma,0.055,0.099,-0.363,-0.346,-1.665,-0.016,-0.133,-0.462,-1.298,0.266,-4.487,-2.15,-1.887,-2.159,-1.692,-2.47,-0.059,0.034
ACH-000318,TE-10,Esophagus/Stomach,Esophageal Squamous Cell Carcinoma,-0.012,-0.015,-0.579,-0.13,-0.069,-0.351,-0.084,-0.557,-0.261,0.124,-4.435,-2.457,-2.314,-1.908,-2.912,-2.021,0.149,0.114
ACH-000319,MPP 89,Pleura,Pleural Mesothelioma,-0.214,-0.102,-0.513,-0.255,-0.073,-0.192,0.035,-0.225,-0.355,0.167,-3.14,-2.629,-1.985,-2.379,-2.713,-2.103,-0.002,0.22
ACH-000320,PSN1,Pancreas,Pancreatic Adenocarcinoma,-0.136,-0.166,-1.885,-0.369,-0.085,-0.228,-0.341,0.099,-0.377,0.217,-4.047,-2.764,-2.543,-1.576,-2.181,-2.402,0.138,0.13
ACH-000322,HT-144,Skin,Melanoma,-1.931,-1.141,0.104,-0.255,-0.013,-0.077,-0.042,-0.092,-0.789,0.052,-3.952,-2.304,-1.341,-2.456,-2.507,-1.823,-0.113,0.342
ACH-000323,42-MG-BA,CNS/Brain,Diffuse Glioma,-0.288,-0.067,-0.302,-0.63,-0.114,-0.259,-0.191,-0.069,-0.244,0.123,-3.948,-3.046,-2.232,-2.208,-2.921,-2.29,-0.01,0.035
ACH-000324,JHOC-5,Ovary/Fallopian Tube,Ovarian Epithelial Tumor,-0.202,0.021,-0.211,-0.264,-1.403,-0.165,-0.312,-0.592,-1.109,0.057,-3.475,-2.806,-1.993,-2.269,-2.183,-2.287,-0.055,0.184
ACH-000325,SNU-620,Esophagus/Stomach,Esophagogastric Adenocarcinoma,-0.198,-0.142,-1.339,-0.308,-0.263,-0.429,-1.194,-0.225,-0.532,0.008,-3.951,-3.042,-1.265,-2.481,-2.564,-2.288,-0.057,0.133
ACH-000326,JURL-MK1,Myeloid,Myeloproliferative Neoplasms,0.19,-0.196,-0.458,-0.08,-0.005,-1.358,-0.106,-0.103,-0.205,0.099,-3.817,-2.248,-2.657,-2.22,-2.956,-2.469,-0.04,0.099
ACH-000329,CCF-STTG1,CNS/Brain,Diffuse Glioma,-0.185,-0.035,-0.371,-0.133,-0.029,-0.128,-0.118,-0.124,-1.232,0.069,-3.922,-2.434,-2.29,-2.839,-2.574,-2.54,-0.099,0.032
ACH-000330,EFM-19,Breast,Invasive Breast Carcinoma,0.059,0.095,-0.29,-0.245,-0.199,-0.019,-0.043,-0.161,-0.38,-1.242,-3.776,-1.766,-2.259,-1.462,-2.723,-2.253,-0.046,0.085
ACH-000331,IST-MES2,Pleura,Pleural Mesothelioma,-0.033,0.024,-0.333,-0.277,-0.042,-0.156,-0.288,-0.109,-0.328,-0.003,-3.81,-2.993,-2.235,-2.472,-2.658,-1.974,0.017,0.153
ACH-000332,YAPC,Pancreas,Pancreatic Adenocarcinoma,-0.294,-0.034,-1.607,-0.164,-0.073,-0.29,-0.69,-0.334,-0.355,0.102,-3.986,-2.989,-2.282,-2.611,-1.954,-2.338,-0.033,0.126
ACH-000334,DB,Lymphoid,Mature B-Cell Neoplasms,-0.217,0.061,-0.699,-0.125,-0.064,-0.333,-0.356,-0.041,-0.241,0.085,-3.874,-2.519,-2.361,-2.571,-3.04,-2.842,-0.047,0.047
ACH-000335,MSTO-211H,Pleura,Pleural Mesothelioma,0.038,0.033,-0.271,-0.389,-0.14,-0.493,-0.068,0.03,-1.215,0.193,-3.669,-2.696,-2.542,-2.351,-2.764,-1.619,-0.17,0.214
ACH-000336,OCI-AML3,Myeloid,Acute Myeloid Leukemia,-0.146,-0.147,-0.643,-1.876,-0.033,-2.365,-0.132,0.019,-1.028,0.063,-3.969,-3.474,-2.279,-2.016,-2.011,-2.666,-0.099,0.287
ACH-000337,NCI-H3122,Lung,Non-Small Cell Lung Cancer,0.108,0.06,-0.559,-0.333,-0.253,-0.092,-0.05,-0.164,-0.269,0.062,-3.437,-2.704,-1.881,-2.37,-3.053,-2.092,0.092,-0.132
ACH-000338,SR-786,Lymphoid,Mature T and NK Neoplasms,-0.196,-0.194,-0.539,-0.134,-0.043,-0.456,0.124,-0.086,-0.265,0.185,-3.602,-2.526,-2.108,-1.958,-2.864,-2.12,-0.261,0.226
ACH-000339,HCC-461,Lung,Non-Small Cell Lung Cancer,-0.081,0.056,-2.487,-0.173,-0.105,-0.28,-0.358,-0.323,-0.405,0.148,-3.744,-2.532,-1.402,-2.317,-2.519,-2.282,-0.02,0.152
ACH-000341,SK-N-FI,Peripheral Nervous System,Neuroblastoma,-0.148,-0.131,-0.289,-0.058,0.046,-0.124,-0.048,-0.457,-0.334,-0.055,-4.588,-2.192,-2.45,-2.339,-2.0,-3.4,-0.032,0.203
ACH-000343,NCI-H522,Lung,Non-Small Cell Lung Cancer,-0.051,0.067,-0.226,-0.166,-0.192,-0.21,-0.009,-0.123,-0.081,-0.005,-4.022,-2.173,-1.665,-2.177,-2.331,-2.596,-0.299,0.259
ACH-000344,SNU-668,Esophagus/Stomach,Esophagogastric Adenocarcinoma,-0.093,0.221,-0.741,-0.369,-0.01,-0.108,-0.266,-0.36,-0.194,0.297,-4.072,-2.801,-1.986,-2.131,-1.986,-2.222,0.051,0.187
ACH-000345,KP-N-RT-BM-1,Peripheral Nervous System,Neuroblastoma,-0.642,-0.037,-0.421,-0.601,0.057,-0.249,0.095,-0.2,-0.732,0.298,-3.694,-2.687,-2.418,-2.588,-2.858,-2.056,-0.293,0.183
ACH-000346,JVM-3,Lymphoid,Mature B-Cell Neoplasms,-0.038,0.213,-0.166,-1.074,-0.051,-0.9,-0.134,-0.015,-0.174,0.13,-3.739,-2.949,-2.435,-2.444,-2.993,-2.17,-0.372,-0.067
ACH-000348,RPMI-7951,Skin,Melanoma,-0.003,-0.52,-0.307,-0.201,-0.112,-0.164,-0.013,-0.167,-0.227,0.168,-3.91,-2.438,-2.349,-2.984,-2.392,-2.818,-0.078,-0.043
ACH-000350,COLO-678,Bowel,Colorectal Adenocarcinoma,-0.262,-0.139,-1.855,-0.121,-0.108,-0.338,-1.623,-0.677,-1.534,-0.003,-4.441,-2.354,-1.948,-2.781,-2.934,-2.343,-0.068,0.109
ACH-000352,HCC1428,Breast,Invasive Breast Carcinoma,-0.274,0.078,-0.197,-0.241,-0.127,-0.208,-0.099,-0.016,-0.262,-1.522,-3.636,-2.043,-2.108,-2.107,-2.958,-2.371,-0.044,0.077
ACH-000354,Capan-1,Pancreas,Pancreatic Adenocarcinoma,-0.211,-0.066,-1.907,0.265,-0.331,-0.058,-0.522,-0.929,-0.402,0.212,-4.733,-3.158,-2.078,-1.669,-3.484,-3.097,-0.189,0.209
ACH-000355,NCI-H82,Lung,Lung Neuroendocrine Tumor,0.122,-0.131,-0.07,-0.158,0.107,-0.279,0.112,-0.432,-0.057,0.187,-3.97,-2.227,-1.411,-2.094,-1.053,-2.856,-0.183,-0.145
ACH-000356,MKN-45,Esophagus/Stomach,Esophagogastric Adenocarcinoma,-0.166,-0.135,-0.977,-0.017,-0.173,-0.245,-0.735,-0.223,-0.844,0.039,-3.498,-2.892,-2.13,-2.317,-2.544,-1.718,0.105,0.025
ACH-000359,MG-63,Bone,Osteosarcoma,-0.152,-0.003,-0.437,-0.114,-0.029,-0.424,-0.213,-0.106,-0.506,0.078,-4.02,-2.397,-2.431,-2.747,-2.44,-2.41,-0.032,-0.065
ACH-000361,SK-HEP-1,Liver,Hepatocellular Carcinoma,-0.546,-0.558,-0.502,-0.062,-0.227,-0.148,-0.069,-0.081,-1.26,0.038,-3.093,-2.184,-2.434,-2.386,-2.609,-1.858,-0.024,-0.038
ACH-000362,MOLM-13,Myeloid,Acute Myeloid Leukemia,-0.034,0.116,-0.459,-0.139,-0.211,-1.669,-0.07,-0.15,-1.129,0.157,-4.052,-2.662,-3.08,-2.298,-2.44,-2.324,0.082,0.018
ACH-000363,SK-MM-2,Lymphoid,Mature B-Cell Neoplasms,-0.165,-0.161,-0.277,-0.174,-0.204,-0.133,-0.09,-0.082,-0.29,0.186,-3.948,-3.261,-2.057,-2.613,-1.91,-2.65,-0.018,-0.011
ACH-000364,U-2 OS,Bone,Osteosarcoma,-0.1,-0.073,-0.203,-0.203,-0.138,-0.258,-0.401,-0.191,-1.113,0.113,-3.96,-2.574,-2.041,-1.657,-2.611,-2.461,-0.087,0.094
ACH-000365,SU-DHL-4,Lymphoid,Mature B-Cell Neoplasms,-0.216,0.013,-0.236,-0.17,-0.235,-0.236,-0.008,0.081,-1.026,0.044,-4.039,-2.37,-2.165,-1.744,-2.225,-2.198,-0.033,0.067
ACH-000366,SK-N-DZ,Peripheral Nervous System,Neuroblastoma,-0.299,-0.063,-0.256,-0.196,-0.216,-0.211,-0.147,-0.013,-0.255,0.011,-4.271,-2.091,-2.249,-2.263,-2.996,-2.608,-0.106,0.135
ACH-000367,NCI-H226,Pleura,Pleural Mesothelioma,-0.124,-0.449,-0.253,-0.048,-0.016,-0.22,-0.01,0.053,-2.295,0.049,-4.397,-2.217,-2.22,-2.84,-2.898,-3.192,0.056,0.062
ACH-000368,SNU-1105,CNS/Brain,Diffuse Glioma,-0.09,-0.176,-0.313,-0.007,-0.114,-0.207,-0.086,-0.132,-0.205,0.308,-3.427,-2.497,-2.189,-2.091,-2.953,-2.232,-0.099,0.017
ACH-000370,SNU-626,CNS/Brain,Diffuse Glioma,0.362,0.098,-1.092,-0.247,-0.041,-0.13,-0.418,-0.301,-0.427,0.01,-3.664,-2.657,-2.324,-2.687,-2.643,-2.082,-0.291,0.195
ACH-000371,RL,Lymphoid,Mature B-Cell Neoplasms,-0.086,-0.0,-0.037,-0.255,-0.027,-0.273,-0.063,0.052,-0.254,0.123,-3.879,-2.567,-2.45,-1.905,-2.484,-2.102,-0.014,0.203
ACH-000374,HCC1143,Breast,Invasive Breast Carcinoma,-0.23,-0.103,-0.211,-0.327,-0.227,-0.209,-0.027,-0.215,-0.265,-0.051,-4.667,-1.714,-1.852,-1.788,-3.378,-2.116,-0.097,0.143
ACH-000375,G-402,Kidney,Rhabdoid Cancer,-0.316,-0.056,-0.292,-0.049,-0.161,0.241,-0.237,-0.116,-1.029,-0.232,-4.034,-2.388,-0.799,-1.974,-1.797,-2.368,-0.363,0.182
ACH-000376,SF-295,CNS/Brain,Diffuse Glioma,-0.167,-0.091,-0.585,-0.307,-0.066,-0.374,-0.143,-0.005,-0.224,0.154,-4.067,-2.541,-1.9,-2.343,-1.669,-2.672,-0.035,0.143
ACH-000377,SNU-478,Ampulla of Vater,Ampullary Carcinoma,0.041,-0.296,-0.611,-0.211,-0.269,-0.357,0.059,-1.06,-0.37,0.202,-4.1,-2.412,-2.421,-1.544,-2.726,-2.223,-0.068,0.224
ACH-000378,NCI-H647,Lung,Non-Small Cell Lung Cancer,-0.038,0.086,-0.42,-0.589,-0.17,-0.173,-0.181,0.0,-0.478,0.1,-3.712,-3.078,-2.317,-2.525,-2.173,-2.322,0.163,0.313
ACH-000381,T84,Bowel,Colorectal Adenocarcinoma,-0.044,-0.081,-1.372,-0.026,-0.419,-0.087,-1.203,-0.296,-0.049,0.197,-4.023,-2.336,-2.199,-2.47,-2.508,-2.465,-0.061,0.136
ACH-000383,OE33,Esophagus/Stomach,Esophagogastric Adenocarcinoma,-0.264,-0.019,-0.428,-0.266,-0.135,-0.334,-0.007,-0.357,-0.324,0.146,-4.375,-2.858,-1.972,-2.948,-2.801,-2.313,-0.075,0.067
ACH-000385,SK-RC-52,Kidney,Renal Cell Carcinoma,-0.024,0.13,-0.637,-0.41,0.026,-0.014,0.022,-0.694,-1.221,0.339,-4.194,-2.367,-1.281,-2.283,-2.696,-2.278,0.029,0.144
ACH-000387,TF-1,Myeloid,Acute Myeloid Leukemia,-0.112,-0.402,-0.974,-0.52,-0.243,-1.151,-0.191,-0.187,-0.178,0.014,-4.235,-2.166,-1.716,-2.55,-2.16,-2.249,-0.122,0.107
ACH-000389,H4,CNS/Brain,Diffuse Glioma,-0.26,-0.062,-0.444,0.133,-0.131,-0.364,-0.147,0.059,-1.208,-0.127,-3.406,-2.662,-2.285,-2.341,-2.936,-1.965,-0.103,0.204
ACH-000390,LUDLU-1,Lung,Non-Small Cell Lung Cancer,-0.33,-0.052,-0.444,-0.431,-0.262,-0.224,-0.216,-0.801,-0.371,-0.115,-4.025,-2.396,-2.364,-2.211,-2.49,-2.522,-0.037,0.103
ACH-000391,MHH-ES-1,Bone,Ewing Sarcoma,-0.199,-0.08,-0.406,-0.341,-0.013,-0.224,-0.156,0.039,-0.269,-0.008,-4.363,-2.915,-1.831,-2.432,-3.041,-2.896,-0.032,0.213
ACH-000393,HLF,Liver,Hepatocellular Carcinoma,-0.003,0.052,-0.37,-0.14,-0.14,-0.315,-0.343,0.093,-0.274,0.174,-3.902,-2.347,-2.0,-2.231,-2.545,-2.482,-0.066,0.144
ACH-000395,NCI-H520,Lung,Non-Small Cell Lung Cancer,-0.151,0.14,-0.829,-0.248,-0.091,-0.595,-0.803,-0.214,-0.194,0.039,-4.199,-2.269,-1.747,-3.026,-2.975,-2.852,-0.106,0.268
ACH-000396,J82,Bladder/Urinary Tract,Bladder Urothelial Carcinoma,0.28,0.128,-0.59,-0.075,-0.061,-0.566,-0.277,-0.258,-0.478,0.127,-3.454,-2.873,-2.134,-2.55,-2.862,-1.911,-0.031,0.153
ACH-000397,TEN,Uterus,Endometrial Carcinoma,-0.107,-0.038,-0.507,-0.106,-1.29,-0.242,0.009,-1.193,-0.345,0.102,-3.942,-2.401,-2.122,-2.382,-2.024,-2.108,-0.076,0.2
ACH-000398,RI-1,Lymphoid,Mature B-Cell Neoplasms,-0.209,0.003,-0.353,0.048,-0.1,-0.696,-0.045,0.055,-0.182,0.115,-3.85,-2.486,-2.358,-2.218,-2.594,-2.088,-0.029,-0.016
ACH-000401,COLO-800,Skin,Melanoma,-1.427,-0.919,-0.352,-0.078,-0.24,-0.107,-0.334,-0.155,0.008,0.046,-3.769,-2.429,-2.421,-1.355,-3.104,-1.84,-0.146,0.133
ACH-000402,BL-70,Lymphoid,Mature B-Cell Neoplasms,0.066,0.104,-0.672,-0.135,-0.231,-0.423,-0.109,-0.147,-0.358,0.501,-3.571,-3.017,-2.32,-2.501,-2.546,-1.843,0.14,0.254
ACH-000403,NCI-H747,Bowel,Colorectal Adenocarcinoma,-0.314,-0.187,-1.765,-0.173,-0.147,-0.252,-0.225,-0.299,-0.312,0.039,-4.088,-2.585,-1.974,-2.775,-2.959,-2.561,-0.05,0.115
ACH-000404,K029AX,Skin,Melanoma,-1.178,-0.668,-0.117,-0.085,-0.145,-0.116,-0.24,-0.175,-1.743,0.186,-4.231,-2.177,-2.317,-2.715,-1.699,-2.33,-0.03,0.112
ACH-000405,MEC-1,Lymphoid,Mature B-Cell Neoplasms,0.091,-0.23,-0.3,-0.334,-0.093,0.017,-0.155,-0.193,-0.421,0.061,-3.95,-2.221,-2.088,-1.863,-2.172,-2.507,-0.095,0.207
ACH-000406,U-937,Myeloid,Acute Myeloid Leukemia,-0.075,0.032,-0.166,-0.127,-0.181,-1.668,-0.04,-0.149,-0.156,0.1,-4.456,-2.378,-1.86,-2.254,-2.55,-2.484,-0.082,0.051
ACH-000407,SNU-685,Uterus,Endometrial Carcinoma,-0.338,-0.107,-1.006,-0.203,-0.301,-0.318,-0.031,-0.073,-0.194,0.094,-3.558,-2.465,-1.867,-2.1,-2.436,-2.192,0.015,0.312
ACH-000408,TE-5,Esophagus/Stomach,Esophageal Squamous Cell Carcinoma,-0.189,-0.076,-0.255,-0.389,-0.15,-0.139,-0.128,-0.199,-0.001,0.011,-3.793,-2.474,-1.328,-2.367,-3.305,-2.346,0.113,0.103
ACH-000410,Saos-2,Bone,Osteosarcoma,-0.242,-0.076,-0.316,-0.342,0.011,-0.162,-0.178,-0.101,-0.258,0.067,-3.706,-2.248,-2.229,-1.851,-2.543,-2.411,-0.108,0.106
ACH-000411,769-P,Kidney,Renal Cell Carcinoma,-0.196,0.13,-0.16,-0.299,-1.726,-0.199,-0.202,-0.948,-1.363,0.079,-4.266,-2.55,-2.282,-2.164,-1.609,-2.166,-0.123,0.033
ACH-000414,NCI-H1944,Lung,Non-Small Cell Lung Cancer,0.019,0.151,-0.898,-0.058,-0.092,-0.148,-0.469,-0.25,-1.185,-0.0,-4.369,-2.464,-2.083,-2.179,-1.721,-2.43,-0.016,0.273
ACH-000415,BICR 6,Head and Neck,Head and Neck Squamous Cell Carcinoma,-0.055,0.143,-0.478,-0.315,-0.22,-0.148,0.027,-0.478,-0.081,0.078,-4.204,-2.326,-1.028,-1.864,-3.029,-2.266,-0.059,0.168
ACH-000416,NCI-H838,Lung,Non-Small Cell Lung Cancer,-0.071,-0.005,-0.71,-0.41,-0.213,-0.223,-0.15,-0.125,-0.297,0.087,-3.439,-2.299,-2.019,-2.347,-2.066,-2.304,-0.032,0.078
ACH-000417,Panc 08.13,Pancreas,Pancreatic Adenocarcinoma,-0.457,0.009,-3.556,-0.211,-0.166,-0.267,-0.347,-0.398,-0.305,0.023,-4.621,-2.68,-1.821,-3.148,-2.599,-2.684,0.039,0.187
ACH-000420,SNU-449,Liver,Hepatocellular Carcinoma,-0.195,0.072,-0.254,-0.171,-0.073,-0.315,-0.16,-0.329,-0.333,0.24,-3.646,-2.969,-2.301,-2.443,-2.542,-2.437,-0.01,0.059
ACH-000421,SW837,Bowel,Colorectal Adenocarcinoma,-0.175,-0.151,-2.456,-0.021,-0.198,-0.271,-0.494,-0.411,-0.244,0.028,-4.708,-2.293,-1.681,-1.947,-2.281,-2.326,-0.049,0.048
ACH-000422,SNU-475,Liver,Hepatocellular Carcinoma,-0.071,-0.11,-0.418,-0.369,-0.178,-0.266,0.407,-0.198,-0.232,0.143,-4.392,-2.095,-1.751,-1.928,-3.528,-2.257,0.066,0.062
ACH-000424,TC-71,Bone,Ewing Sarcoma,-0.117,-0.147,-0.247,-1.139,-0.093,-0.429,-0.243,0.065,-0.391,0.182,-4.241,-3.326,-1.861,-2.016,-2.348,-2.531,0.018,0.115
ACH-000425,UACC-62,Skin,Melanoma,-1.756,-2.17,-0.277,-0.263,-0.143,-0.14,-0.231,-0.079,-2.177,0.086,-3.736,-1.848,-2.102,-2.085,-2.873,-2.246,-0.05,0.259
ACH-000426,KMS-20,Lymphoid,Mature B-Cell Neoplasms,-0.178,-0.009,-1.116,-0.023,-0.26,-0.088,-0.228,-0.396,0.022,0.02,-4.157,-2.443,-2.551,-2.395,-1.518,-2.118,0.131,-0.189
ACH-000427,NCI-N87,Esophagus/Stomach,Esophagogastric Adenocarcinoma,-0.143,-0.162,-0.471,-0.112,0.063,-0.139,0.068,-0.662,-0.404,0.177,-4.155,-2.588,-1.851,-3.005,-2.057,-1.535,0.138,0.114
ACH-000430,TYK-nu,Ovary/Fallopian Tube,Ovarian Epithelial Tumor,-0.179,-0.299,0.151,-2.691,-0.244,-0.359,-0.368,0.046,-0.259,-0.03,-3.244,-3.346,-2.184,-2.129,-2.184,-1.952,-0.049,0.203
ACH-000431,NCI-H1694,Lung,Lung Neuroendocrine Tumor,-0.422,0.012,-0.331,-0.313,-0.092,-0.38,-0.086,-0.216,-0.111,0.096,-3.603,-2.94,-1.621,-2.17,-2.777,-2.109,0.075,0.178
ACH-000433,Caki-1,Kidney,Renal Cell Carcinoma,-0.116,-0.012,-0.273,-0.217,-0.958,-0.128,-0.108,-0.912,-1.608,0.116,-3.766,-2.553,-2.084,-2.143,-2.48,-2.38,-0.26,0.102
ACH-000434,NCI-H1915,Lung,Non-Small Cell Lung Cancer,-0.312,-0.191,-0.348,-0.336,-0.167,-0.284,-0.169,0.072,-0.327,-0.04,-4.186,-2.702,-2.197,-2.747,-3.205,-2.466,0.079,0.222
ACH-000435,EFE-184,Uterus,Endometrial Carcinoma,0.005,0.198,-0.669,-0.184,-0.85,-0.272,0.026,-0.51,-0.04,0.21,-3.662,-2.823,-2.055,-2.671,-2.543,-1.968,0.102,0.063
ACH-000436,OCI-My7,Lymphoid,Mature B-Cell Neoplasms,-0.429,-0.321,-0.355,-1.702,-0.107,-0.062,-0.078,-0.0,-1.485,0.11,-3.962,-2.359,-2.637,-2.237,-1.54,-1.895,-0.053,0.211
ACH-000437,SW 1088,CNS/Brain,Diffuse Glioma,-0.371,-0.02,-0.346,-0.155,0.009,-0.216,-0.153,0.009,-0.446,0.018,-4.462,-2.823,-1.942,-2.878,-3.101,-2.312,0.054,0.222
ACH-000438,Lu-65,Lung,Non-Small Cell Lung Cancer,-0.171,-0.306,-1.657,-0.122,0.019,-0.39,-0.134,-0.257,-0.308,-0.065,-4.461,-2.583,-1.26,-2.118,-3.03,-2.147,0.066,-0.047
ACH-000441,SH-4,Skin,Melanoma,-1.524,-2.13,-0.239,-0.19,-0.206,-0.269,-0.252,0.008,-1.345,0.234,-3.692,-1.954,-2.506,-1.671,-3.192,-2.369,-0.188,0.019
ACH-000442,RERF-LC-Sq1,Lung,Non-Small Cell Lung Cancer,-0.22,-0.02,-0.698,-0.297,-0.173,-0.153,-0.249,-1.333,-0.107,0.016,-4.57,-2.871,-2.261,-2.758,-2.89,-3.016,0.083,0.222
ACH-000444,LU99,Lung,Non-Small Cell Lung Cancer,-0.131,0.037,-1.523,-0.311,0.01,-0.344,-0.17,-0.242,-1.273,0.071,-4.122,-2.317,-2.112,-2.539,-2.773,-2.16,0.015,0.046
ACH-000445,KNS-60,CNS/Brain,Diffuse Glioma,-0.405,-0.204,-0.351,-0.059,-0.152,-0.239,-0.418,0.002,-0.373,0.168,-2.568,-2.261,-1.875,-2.553,-1.469,-2.478,-0.161,-0.124
ACH-000448,NCI-H1666,Lung,Non-Small Cell Lung Cancer,-0.273,-0.117,-0.315,-0.296,0.001,-0.409,-0.095,-1.473,-1.448,-0.125,-3.743,-2.595,-2.252,-2.769,-2.175,-2.134,0.011,0.204
ACH-000450,MEL-HO,Skin,Melanoma,-1.304,-1.098,-0.578,-0.318,-0.197,-0.111,-0.09,-0.323,-0.983,0.309,-3.887,-2.523,-2.568,-2.277,-1.74,-1.842,0.058,0.061
ACH-000452,TE-8,Esophagus/Stomach,Esophageal Squamous Cell Carcinoma,-0.122,-0.198,-0.463,-0.224,-0.068,-0.153,-0.099,-0.828,-0.27,0.162,-4.589,-2.158,-2.311,-2.173,-3.225,-2.539,-0.04,-0.011
ACH-000454,HCC-95,Lung,Non-Small Cell Lung Cancer,-0.313,0.036,-0.342,-0.317,-0.255,-0.385,0.002,-0.07,-0.133,0.007,-3.944,-2.573,-2.566,-1.637,-2.289,-2.299,-0.077,0.191
ACH-000455,LN-428,CNS/Brain,Diffuse Glioma,-0.144,0.006,-0.181,-0.318,-0.117,-0.286,-0.117,-0.22,-0.343,0.111,-3.759,-2.982,-2.496,-2.361,-2.673,-2.326,-0.037,0.114
ACH-000456,B-CPAP,Thyroid,Poorly Differentiated Thyroid Cancer,-0.179,-1.086,-0.062,-0.243,-0.524,-0.245,-0.127,-0.113,-0.404,0.242,-4.066,-2.469,-2.299,-2.331,-2.156,-2.279,-0.041,0.001
ACH-000458,CJM,Skin,Melanoma,-0.211,0.052,-0.128,-0.136,-0.186,-0.155,-0.092,-0.053,-0.226,0.245,-3.856,-2.745,-2.11,-2.176,-2.518,-2.063,-0.19,0.241
ACH-000459,TUHR10TKB,Kidney,Renal Cell Carcinoma,-0.142,0.163,-0.682,-0.122,-0.643,-0.593,0.065,-0.107,-2.125,-0.12,-3.842,-2.653,-1.964,-2.743,-2.848,-2.85,0.174,0.186
ACH-000460,SNU-8,Ovary/Fallopian Tube,Ovarian Epithelial Tumor,-0.203,-0.177,-1.75,-0.295,-1.324,-0.199,-0.111,-1.084,-0.426,-0.046,-3.41,-3.104,-1.917,-2.409,-1.464,-2.314,-0.011,0.152
ACH-000461,SNU-1196,Biliary Tract,Intraductal Papillary Neoplasm of the Bile Duct,-0.046,-0.021,-0.709,-0.137,-0.224,-0.224,-1.365,-0.424,-0.336,0.134,-3.755,-2.541,-1.272,-2.768,-2.721,-2.463,-0.056,0.137
ACH-000463,NCI-H460,Lung,Non-Small Cell Lung Cancer,-0.182,-0.106,-1.179,-0.126,-0.242,-0.333,-0.117,-0.117,-1.453,-0.049,-3.933,-2.447,-2.587,-2.029,-2.338,-1.844,-0.144,0.057
ACH-000464,CAS-1,CNS/Brain,Diffuse Glioma,-0.169,-0.186,-0.842,-0.036,-0.0,-0.107,-0.013,0.088,-0.366,0.175,-4.446,-2.3,-1.777,-3.225,-2.599,-2.896,0.071,-0.044
ACH-000466,SNU-216,Esophagus/Stomach,Esophagogastric Adenocarcinoma,-0.18,0.104,-0.627,-0.402,-0.228,-0.277,-0.043,-0.575,-0.026,0.08,-3.944,-2.476,-2.156,-2.407,-2.7,-2.298,-0.036,0.15
ACH-000467,HCC-56,Bowel,Colorectal Adenocarcinoma,-0.425,-0.287,-1.449,-0.346,-0.237,-0.188,-0.492,-0.441,-0.406,0.063,-3.709,-2.134,-2.455,-2.099,-2.664,-2.026,-0.12,0.096
ACH-000468,PK-45H,Pancreas,Pancreatic Adenocarcinoma,-0.306,-0.217,-2.655,-0.143,-0.253,-0.226,-0.082,-0.114,-0.278,0.135,-4.104,-2.604,-2.223,-2.102,-2.723,-2.554,-0.183,0.077
ACH-000469,YH-13,CNS/Brain,Diffuse Glioma,-0.099,-0.137,-0.363,-0.204,-0.096,-0.145,-0.276,0.052,-0.326,0.197,-3.806,-2.263,-2.59,-2.052,-2.921,-2.471,-0.169,-0.086
ACH-000470,SW1463,Bowel,Colorectal Adenocarcinoma,-0.675,0.062,-1.447,-0.09,-0.123,-0.226,-1.445,-0.264,-0.294,0.103,-4.231,-1.967,-1.247,-2.935,-3.225,-1.858,0.004,0.076
ACH-000471,Li-7,Liver,Hepatocellular Carcinoma,-0.11,-0.223,-0.767,-0.414,0.003,-0.171,-0.293,-0.089,-0.419,0.196,-2.644,-2.489,-2.743,-2.468,-2.891,-2.506,-0.066,0.136
ACH-000472,HSC-2,Head and Neck,Head and Neck Squamous Cell Carcinoma,-0.196,-0.107,-0.403,-0.293,-0.202,-0.363,-0.145,-1.451,-0.327,0.198,-3.936,-2.485,-1.934,-2.717,-3.208,-2.614,-0.085,0.093
ACH-000473,RT-112,Bladder/Urinary Tract,Bladder Urothelial Carcinoma,-0.508,-0.007,-0.641,-0.064,-0.132,-0.209,0.015,-0.107,-0.409,-0.239,-3.701,-2.374,-2.123,-2.224,-2.743,-2.377,-0.24,-0.04
ACH-000475,huH-1,Liver,Hepatocellular Carcinoma,-0.114,-0.022,-0.172,-0.105,-0.088,-0.276,-0.486,-0.31,-0.369,0.216,-4.191,-2.4,-2.438,-2.926,-3.107,-2.29,-0.03,0.161
ACH-000476,JHH-4,Liver,Hepatocellular Carcinoma,-0.225,0.222,-0.264,-0.215,-0.073,-0.416,-0.707,-0.125,-0.181,0.033,-3.798,-3.004,-2.425,-2.652,-2.63,-2.415,0.01,0.104
ACH-000477,Malme-3M,Skin,Melanoma,-2.654,-2.308,-0.605,-0.33,-0.186,-0.24,-0.292,0.005,-2.304,-0.137,-4.307,-2.379,-3.098,-2.465,-2.276,-2.322,0.221,0.201
ACH-000478,SNU-387,Liver,Hepatocellular Carcinoma,-0.189,-0.159,-0.287,-0.507,-0.041,-0.314,-0.111,-0.06,-0.383,0.116,-3.962,-2.579,-2.325,-2.736,-3.007,-2.221,-0.077,0.166
ACH-000479,KNS-81,CNS/Brain,Diffuse Glioma,-0.084,-0.033,-0.375,-0.31,0.059,-0.067,0.107,-0.08,-1.004,0.024,-3.638,-2.661,-2.12,-2.555,-2.503,-1.848,-0.199,0.374
ACH-000480,HuH-7,Liver,Hepatocellular Carcinoma,-0.458,-0.005,-0.255,-0.26,-0.156,-0.31,-0.688,-0.068,-0.142,0.022,-3.73,-2.391,-2.401,-1.854,-2.995,-1.947,-0.031,-0.012
ACH-000481,NCI-H2170,Lung,Non-Small Cell Lung Cancer,-0.052,0.093,-0.255,0.081,-0.368,-0.3,-0.059,-0.05,-0.215,-0.032,-4.493,-2.342,-1.818,-2.384,-2.314,-2.455,-0.03,0.104
ACH-000483,SNU-182,Liver,Hepatocellular Carcinoma,-0.099,0.024,-0.431,-0.16,-0.052,-0.116,-0.44,-0.399,-0.234,0.065,-4.272,-2.74,-1.517,-2.441,-2.88,-2.903,0.048,0.123
ACH-000484,VMRC-RCW,Kidney,Renal Cell Carcinoma,-0.419,0.207,-0.196,-0.058,-0.418,-0.511,-0.101,0.176,-0.358,0.028,-3.72,-2.852,-1.553,-2.723,-2.873,-2.596,-0.107,0.194
ACH-000485,GSU,Esophagus/Stomach,Esophagogastric Adenocarcinoma,-0.13,-0.09,-1.454,0.011,-0.156,-0.38,-0.559,-0.506,-1.325,-0.083,-3.889,-2.75,-1.413,-2.626,-2.966,-2.141,-0.037,0.252
ACH-000486,KU-19-19,Bladder/Urinary Tract,Bladder Urothelial Carcinoma,-0.159,-0.055,-0.482,-1.419,-0.162,-0.22,-0.224,-0.166,-1.257,0.154,-3.68,-3.12,-2.188,-2.181,-2.264,-2.407,-0.136,0.12
ACH-000487,F-36P,Myeloid,Acute Myeloid Leukemia,-0.091,-0.033,-0.183,-0.008,-0.167,-1.293,-0.102,-0.172,-0.187,0.083,-4.292,-2.4,-2.794,-1.862,-1.944,-2.299,-0.259,0.157
ACH-000488,TE-11,Esophagus/Stomach,Esophageal Squamous Cell Carcinoma,-0.167,0.059,-0.176,-0.108,-0.066,-0.183,-0.114,-0.393,-0.419,0.031,-4.021,-2.771,-2.585,-1.813,-2.208,-2.177,0.01,0.003
ACH-000489,SW1116,Bowel,Colorectal Adenocarcinoma,-0.342,-0.647,-2.463,-0.141,-0.009,-0.68,-0.403,-0.678,-0.346,0.047,-4.0,-1.87,-2.155,-2.391,-2.979,-2.457,-0.084,0.122
ACH-000490,SF767,Cervix,Cervical Squamous Cell Carcinoma,-0.162,0.021,-0.137,-0.225,-0.13,-0.199,-0.144,-0.37,-0.363,0.102,-4.04,-2.485,-2.584,-2.373,-2.046,-2.085,0.038,0.098
ACH-000491,NCI-H716,Bowel,Colorectal Adenocarcinoma,-0.362,0.098,-0.983,-0.588,-0.352,-0.241,-0.102,0.092,-0.343,0.056,-3.539,-2.34,-1.943,-2.081,-2.738,-2.229,-0.096,0.158
ACH-000493,SNU-423,Liver,Hepatocellular Carcinoma,-0.115,-0.097,-0.464,-0.342,-0.067,-0.404,-0.065,-0.026,-0.219,0.164,-3.751,-2.336,-2.442,-2.137,-2.922,-2.116,-0.014,0.029
ACH-000495,TUHR4TKB,Kidney,Renal Cell Carcinoma,-0.256,0.04,-0.233,-0.206,-0.871,-0.345,-0.138,-0.144,-1.946,0.165,-3.905,-2.347,-2.227,-2.088,-2.547,-2.537,-0.13,0.243
ACH-000496,NCI-H1792,Lung,Non-Small Cell Lung Cancer,0.069,-0.092,-1.773,-0.083,-0.32,-0.188,-0.158,-0.703,-0.267,0.244,-4.082,-2.475,-2.488,-1.982,-1.882,-2.219,-0.052,-0.07
ACH-000498,KO52,Myeloid,Acute Myeloid Leukemia,0.219,-0.103,-0.644,-0.673,-0.173,-0.52,-0.159,-0.407,-0.056,0.144,-3.609,-2.97,-2.151,-2.572,-2.936,-2.154,-0.274,0.232
ACH-000499,EW8,Bone,Ewing Sarcoma,0.039,-0.007,-0.704,-0.037,-0.284,-0.28,-0.182,-0.263,-0.129,0.222,-3.643,-2.596,-2.226,-2.35,-2.897,-2.29,-0.007,0.085
ACH-000500,SNU-46,Head and Neck,Head and Neck Squamous Cell Carcinoma,0.115,0.159,-0.791,-0.178,-0.128,-0.089,-0.266,-0.283,-0.281,0.083,-3.394,-2.85,-2.164,-2.834,-2.955,-2.278,0.149,0.445
ACH-000501,LS123,Bowel,Colorectal Adenocarcinoma,-0.257,-0.61,-0.934,-0.259,-0.254,-0.117,-0.214,-0.453,-0.614,0.338,-3.901,-2.288,-1.908,-1.215,-2.602,-2.244,-0.004,0.024
ACH-000502,TCC-PAN2,Pancreas,Pancreatic Adenocarcinoma,-0.239,-0.311,-1.8,-0.178,-0.141,-0.185,-0.125,-0.071,-0.343,0.124,-3.699,-3.034,-2.192,-2.536,-2.026,-2.122,-0.179,0.133
ACH-000503,BICR 16,Head and Neck,Head and Neck Squamous Cell Carcinoma,-0.41,-0.242,-0.796,-0.196,0.082,-0.223,-0.044,-0.392,0.035,0.122,-3.738,-2.88,-2.129,-2.061,-1.894,-1.884,0.089,0.014
ACH-000504,SNB75,CNS/Brain,Diffuse Glioma,-0.4,-0.043,-0.262,-0.339,-0.147,-0.445,-0.075,-0.068,-0.382,0.062,-4.412,-2.708,-1.278,-3.025,-2.858,-2.264,-0.081,0.145
ACH-000505,RKN,Soft Tissue,Leiomyosarcoma,-0.19,-0.222,-3.552,-0.135,-0.291,-0.349,-0.133,-0.056,-0.301,0.035,-4.735,-2.648,-2.451,-2.894,-3.078,-2.712,0.039,0.174
ACH-000507,KE-39,Esophagus/Stomach,Esophagogastric Adenocarcinoma,-0.115,0.223,-0.631,-0.16,-0.054,-0.134,-1.201,-0.418,-0.26,0.09,-3.473,-2.628,-2.462,-2.451,-2.667,-2.013,0.038,0.026
ACH-000510,NCI-H1299,Lung,Non-Small Cell Lung Cancer,-0.183,0.034,-0.529,-1.015,-0.2,-0.224,-0.315,-0.06,-0.355,0.122,-4.491,-2.664,-1.74,-2.195,-2.516,-2.481,-0.037,0.064
ACH-000511,Calu-1,Lung,Non-Small Cell Lung Cancer,-0.085,-0.053,-1.842,-0.254,-0.076,-0.231,-0.275,-0.112,-0.303,-0.001,-3.639,-3.12,-1.683,-2.099,-2.191,-2.548,-0.043,0.198
ACH-000512,INA6,Lymphoid,Mature B-Cell Neoplasms,-0.24,-0.078,-0.346,-1.087,-0.246,0.007,0.037,-0.102,-0.246,0.231,-3.782,-2.135,-2.289,-1.844,-2.888,-1.889,-0.282,0.017
ACH-000514,NCI-H1092,Lung,Lung Neuroendocrine Tumor,0.006,-0.061,-0.309,-0.269,0.022,-0.333,0.399,-0.259,-0.127,0.072,-4.152,-2.305,-2.125,-2.41,-3.321,-3.123,0.049,0.155
ACH-000515,HCC-33,Lung,Lung Neuroendocrine Tumor,0.127,-0.069,-0.85,0.185,-0.136,-0.449,0.092,-0.204,0.091,0.221,-3.97,-3.101,-2.18,-2.601,-1.644,-2.094,-0.045,0.121
ACH-000516,CAL-78,Bone,Chondrosarcoma,-0.235,-0.046,-0.158,-0.301,-0.2,-0.21,-0.213,-0.203,-0.429,0.074,-3.469,-2.946,-2.28,-2.732,-2.537,-2.095,-0.027,0.179
ACH-000517,SNU-410,Pancreas,Pancreatic Adenocarcinoma,-0.084,-0.081,-2.713,0.021,-0.049,-0.296,-0.021,0.023,-0.277,-0.038,-3.474,-2.742,-1.929,-2.627,-2.516,-2.436,-0.028,0.16
ACH-000518,CAL-33,Head and Neck,Head and Neck Squamous Cell Carcinoma,-0.179,-0.017,-0.354,-0.25,0.015,-0.241,-0.092,-0.793,-0.267,0.162,-4.037,-2.876,-1.381,-2.269,-3.031,-2.224,0.023,-0.018
ACH-000519,PEER,Lymphoid,T-Lymphoblastic Leukemia/Lymphoma,-0.233,0.391,-0.444,-0.139,-0.02,-0.986,-0.239,-0.2,-0.188,0.152,-3.514,-2.735,-2.268,-2.503,-2.722,-2.05,-0.186,0.335
ACH-000520,59M,Ovary/Fallopian Tube,Ovarian Epithelial Tumor,-0.019,-0.088,-0.236,-0.348,-0.062,-0.149,-0.213,-0.131,-0.471,0.102,-3.985,-2.491,-2.01,-2.332,-2.006,-2.158,-0.249,-0.0
ACH-000521,NCI-H2030,Lung,Non-Small Cell Lung Cancer,-0.31,0.276,-1.384,-0.191,-0.096,-0.147,0.022,-0.41,-0.304,0.193,-3.349,-2.49,-1.754,-2.18,-2.482,-2.443,0.034,0.122
ACH-000522,UM-UC-3,Bladder/Urinary Tract,Bladder Urothelial Carcinoma,-0.143,-0.032,-1.582,-0.61,-0.152,-0.313,-0.062,-0.037,-0.287,0.143,-4.204,-2.342,-2.428,-2.568,-2.899,-2.266,-0.108,0.074
ACH-000524,KURAMOCHI,Ovary/Fallopian Tube,Ovarian Epithelial Tumor,-0.172,-0.146,-1.126,-0.123,-1.737,-0.252,-0.517,-0.251,-0.269,0.088,-4.342,-2.511,-2.638,-2.405,-2.966,-2.536,-0.007,0.109
ACH-000525,NCI-H2171,Lung,Lung Neuroendocrine Tumor,-0.227,0.06,-0.098,-0.25,-0.088,-0.366,0.052,-0.062,-0.318,0.167,-3.832,-2.842,-2.39,-2.688,-2.826,-2.22,-0.118,0.125
ACH-000527,OVISE,Ovary/Fallopian Tube,Ovarian Epithelial Tumor,-0.338,-0.009,-0.325,-0.09,-2.055,-0.193,-0.114,-0.275,-2.11,0.035,-5.073,-2.049,-2.223,-2.208,-3.104,-2.227,-0.12,0.098
ACH-000528,ABC-1,Lung,Non-Small Cell Lung Cancer,-0.237,-0.033,-0.453,-0.118,-0.074,-0.206,-0.057,-0.117,-0.282,0.193,-3.551,-2.373,-2.178,-2.485,-2.662,-2.363,-0.103,0.088
ACH-000532,SNU-61,Bowel,Colorectal Adenocarcinoma,-0.101,-0.478,-2.781,0.173,-0.117,-0.462,-1.469,-1.033,-0.307,0.013,-4.781,-2.058,-1.479,-1.93,-2.97,-2.358,-0.124,0.176
ACH-000533,NCI-H2004 RT,Kidney,Rhabdoid Cancer,-0.29,0.036,-0.438,-0.041,-0.139,-0.102,-0.022,-0.311,-1.225,-0.214,-3.81,-2.273,-2.605,-1.584,-2.89,-2.139,-0.227,0.135
ACH-000535,BxPC-3,Pancreas,Pancreatic Adenocarcinoma,-0.25,-0.331,-0.345,-0.226,-0.075,-0.305,-0.059,-0.035,-0.229,0.046,-3.861,-2.927,-2.188,-1.905,-2.939,-2.069,-0.011,0.134
ACH-000537,SNU-761,Liver,Hepatocellular Carcinoma,-0.142,-0.058,-0.362,-0.266,-0.108,-0.186,-0.143,-1.383,-0.257,0.092,-3.954,-3.293,-2.206,-2.536,-3.074,-2.311,-0.102,0.162
ACH-000541,KMS-34,Lymphoid,Mature B-Cell Neoplasms,-0.446,-0.115,-0.457,-0.153,-0.219,-0.235,-0.128,-0.157,-0.252,0.194,-3.811,-2.492,-2.345,-2.024,-2.663,-2.109,0.004,0.164
ACH-000542,Hey-A8,Ovary/Fallopian Tube,Ovarian Epithelial Tumor,-0.174,-0.623,-1.561,-0.184,-0.451,-0.289,-0.244,-0.207,-1.43,-0.028,-3.837,-2.189,-2.12,-2.233,-2.405,-2.199,-0.129,0.087
ACH-000544,OE21,Esophagus/Stomach,Esophageal Squamous Cell Carcinoma,-0.148,-0.072,-0.348,-0.179,-0.242,-0.213,-0.117,-0.865,-0.273,0.105,-4.244,-2.024,-1.499,-2.532,-2.335,-2.302,0.04,0.052
ACH-000545,VM-CUB1,Bladder/Urinary Tract,Bladder Urothelial Carcinoma,-0.186,0.094,-0.411,-0.276,-0.061,-0.205,-0.024,-0.406,-0.205,0.157,-3.779,-2.919,-1.349,-2.386,-2.348,-2.229,-0.141,0.178
ACH-000546,HSC-4,Head and Neck,Head and Neck Squamous Cell Carcinoma,-0.332,-0.41,-0.105,-0.099,-0.141,-0.126,0.11,-1.386,-0.296,0.158,-4.729,-3.769,-1.557,-2.265,-2.492,-2.4,-0.145,-0.015
ACH-000547,HT-1197,Bladder/Urinary Tract,Bladder Urothelial Carcinoma,0.113,-0.107,-0.623,-0.673,-0.11,-0.246,-0.858,-0.182,-1.007,0.081,-3.914,-2.691,-2.271,-2.465,-3.039,-2.376,0.082,0.29
ACH-000548,BHY,Head and Neck,Head and Neck Squamous Cell Carcinoma,-0.135,-0.098,-0.34,-0.115,-0.068,-0.278,-0.062,-1.897,-0.396,0.184,-4.768,-2.366,-1.663,-2.791,-2.736,-2.593,0.016,0.129
ACH-000549,SNU-1076,Head and Neck,Head and Neck Squamous Cell Carcinoma,-0.073,-0.158,-0.159,-0.143,-0.186,-0.194,-0.182,-0.55,-0.355,-0.055,-3.787,-2.862,-1.73,-2.38,-2.688,-1.922,-0.111,0.111
ACH-000550,IGR-39,Skin,Melanoma,-0.308,-0.962,-0.451,-0.09,-0.128,-0.272,-0.073,-0.093,-0.302,0.103,-3.686,-2.247,-2.457,-2.286,-2.949,-2.77,-0.138,0.123
ACH-000551,K-562,Myeloid,Myeloproliferative Neoplasms,-0.004,-0.326,-0.554,-0.255,-0.051,-1.866,-0.074,-0.149,-0.249,-0.029,-4.095,-2.306,-2.2,-2.18,-2.862,-2.136,-0.076,0.166
ACH-000552,HT-29,Bowel,Colorectal Adenocarcinoma,-0.102,-0.863,-0.348,-0.317,-0.086,-0.493,-1.432,-0.449,-0.385,0.141,-5.058,-2.581,-2.591,-2.2,-2.557,-3.588,0.041,-0.023
ACH-000554,UACC-893,Breast,Invasive Breast Carcinoma,0.002,0.057,-1.907,-0.295,0.039,-0.172,-0.072,-0.383,-0.369,0.107,-4.509,-1.24,-1.355,-2.42,-3.552,-3.526,0.189,0.042
ACH-000556,SIHA,Cervix,Cervical Squamous Cell Carcinoma,-0.302,-0.034,-0.512,-0.293,-0.107,-0.307,-0.09,-0.15,-0.472,0.189,-3.727,-2.823,-2.208,-2.698,-2.688,-2.211,-0.155,0.157
ACH-000557,AML-193,Myeloid,Acute Myeloid Leukemia,-0.173,-0.226,-0.066,-2.884,-0.094,-1.965,0.005,-0.02,-0.333,0.061,-3.943,-2.437,-2.497,-2.776,-2.49,-2.425,-0.056,0.03
ACH-000558,A-172,CNS/Brain,Diffuse Glioma,-0.401,0.098,-0.198,0.026,-0.067,-0.308,-0.3,-0.15,-1.323,-0.009,-4.278,-2.235,-1.454,-2.869,-1.838,-2.759,-0.105,0.134
ACH-000559,NCI-H1836,Lung,Lung Neuroendocrine Tumor,0.079,0.182,-0.552,-0.15,-0.007,-0.531,-0.533,-0.107,-0.304,0.129,-4.007,-2.131,-2.06,-2.386,-3.169,-2.578,-0.146,-0.171
ACH-000561,T.T,Esophagus/Stomach,Esophageal Squamous Cell Carcinoma,-0.227,0.027,-0.673,-0.6,-0.029,-0.52,0.057,-0.658,-0.254,0.011,-3.899,-3.439,-1.829,-2.671,-2.417,-3.277,0.144,-0.049
ACH-000562,HCC-78,Lung,Non-Small Cell Lung Cancer,-0.097,0.21,-0.631,-0.011,-0.254,-0.168,-0.272,-0.449,-0.187,-0.279,-4.365,-2.459,-1.736,-2.904,-2.619,-2.634,-0.157,0.283
ACH-000563,EBC-1,Lung,Non-Small Cell Lung Cancer,-0.253,0.38,-0.576,-0.439,-0.066,-0.224,-0.189,0.034,-0.242,0.029,-3.644,-3.211,-1.468,-1.747,-2.758,-1.97,-0.166,0.276
ACH-000565,RCM-1,Bowel,Colorectal Adenocarcinoma,-0.367,-0.474,-2.78,0.382,0.002,-0.23,-0.306,-1.026,0.086,0.193,-4.001,-2.611,-2.282,-1.686,-1.917,-3.012,-0.047,0.011
ACH-000567,ST486,Lymphoid,Mature B-Cell Neoplasms,-0.094,-0.046,-0.175,-0.294,-0.125,-1.382,-0.082,0.027,-0.415,0.051,-3.736,-2.638,-2.536,-2.327,-2.3,-1.673,-0.027,0.106
ACH-000569,IST-MES1,Pleura,Pleural Mesothelioma,-0.109,0.126,-0.64,-0.167,-0.109,0.112,-0.152,-0.095,-1.18,0.146,-3.769,-2.813,-2.288,-2.469,-2.525,-1.718,-0.213,0.164
ACH-000570,YKG1,CNS/Brain,Diffuse Glioma,-0.047,0.003,-0.084,0.002,-0.162,-0.236,-0.404,-0.134,-0.155,0.041,-3.9,-2.827,-2.433,-2.037,-2.09,-2.427,-0.012,-0.066
ACH-000571,T98G,CNS/Brain,Diffuse Glioma,-0.167,0.016,-0.611,-0.189,-0.102,-0.283,-0.201,-0.07,-0.153,0.157,-4.516,-2.61,-2.159,-3.276,-3.171,-2.78,-0.108,0.131
ACH-000573,MDA-MB-436,Breast,Invasive Breast Carcinoma,-0.102,0.087,-0.421,-0.215,-0.085,-0.304,-0.101,-0.114,-0.326,0.142,-4.942,-2.129,-2.172,-2.432,-2.908,-2.102,-0.152,0.122
ACH-000576,KMS-27,Lymphoid,Mature B-Cell Neoplasms,-0.093,-0.398,-0.218,-1.578,-0.089,-0.796,-0.111,-0.155,-0.291,0.147,-3.778,-3.026,-2.242,-2.422,-1.645,-1.868,-0.1,0.082
ACH-000577,JHH-2,Liver,Hepatocellular Carcinoma,-0.305,-0.069,-0.459,-0.189,-0.023,-0.445,-0.175,-0.268,-0.138,-0.181,-3.556,-2.864,-1.839,-2.544,-2.404,-2.117,-0.069,0.302
ACH-000579,UACC-257,Skin,Melanoma,-1.744,-1.173,-0.261,-0.294,-0.185,-0.249,-0.072,0.021,-1.628,0.127,-3.684,-2.423,-1.893,-2.508,-2.526,-2.643,-0.371,0.044
ACH-000580,C32,Skin,Melanoma,-1.074,-1.123,-0.598,-0.199,-0.116,-0.308,-0.235,0.075,-1.881,0.035,-3.964,-2.467,-2.2,-2.249,-2.692,-1.844,-0.166,0.102
ACH-000581,SNU-16,Esophagus/Stomach,Esophagogastric Adenocarcinoma,-0.023,-0.042,-0.438,-0.463,-0.077,-0.854,-0.029,0.053,-0.5,0.046,-4.424,-2.693,-1.703,-1.372,-2.588,-3.296,-0.088,-0.21
ACH-000583,MC116,Lymphoid,Non-Hodgkin Lymphoma,-0.262,-0.046,-0.225,-0.279,-0.152,-0.583,-0.074,0.244,-0.248,0.024,-4.324,-3.258,-1.946,-2.85,-2.718,-2.227,-0.05,0.125
ACH-000584,JHOS-4,Ovary/Fallopian Tube,Ovarian Epithelial Tumor,-0.282,-0.007,-0.234,-0.172,-0.672,-0.339,-0.103,-0.017,-0.407,0.152,-5.035,-1.936,-2.398,-2.176,-3.517,-2.442,-0.122,0.279
ACH-000585,EPLC-272H,Lung,Non-Small Cell Lung Cancer,-0.276,-0.42,-0.988,-0.285,-0.134,-0.205,-0.231,-0.259,-0.227,0.002,-4.688,-2.05,-1.462,-2.221,-2.738,-2.527,0.033,0.137
ACH-000587,NCI-H1975,Lung,Non-Small Cell Lung Cancer,-0.023,-0.065,-0.371,-0.264,0.002,-0.202,-0.194,-3.017,-0.203,0.054,-4.493,-2.665,-2.148,-2.545,-2.801,-2.049,0.057,0.166
ACH-000588,KMS-26,Lymphoid,Mature B-Cell Neoplasms,-0.172,-0.278,-0.506,-0.191,-0.169,-0.946,-0.064,-0.154,-0.197,0.016,-3.893,-2.192,-2.067,-1.692,-2.502,-2.02,-0.049,0.154
ACH-000589,NCI-H1437,Lung,Non-Small Cell Lung Cancer,-0.102,0.086,-0.272,-0.277,-0.073,-0.129,-0.182,-0.052,-0.274,0.228,-3.585,-2.806,-2.186,-2.231,-2.367,-2.144,0.071,0.162
ACH-000591,LN-235,CNS/Brain,Diffuse Glioma,-0.323,0.076,-0.175,0.099,-0.097,-0.111,-0.151,-0.039,-0.206,0.12,-3.571,-2.856,-2.152,-1.818,-2.597,-2.394,-0.176,0.416
ACH-000592,TM-31,CNS/Brain,Diffuse Glioma,-0.085,-0.039,-0.293,-0.272,-0.161,-0.181,-0.112,-0.087,-0.237,0.117,-3.664,-2.361,-2.251,-2.166,-2.82,-2.69,0.039,0.213
ACH-000593,BC-3C,Bladder/Urinary Tract,Bladder Urothelial Carcinoma,-0.35,0.205,-0.357,-0.02,-0.125,-0.085,-0.122,-0.674,-0.352,0.018,-3.942,-2.607,-2.399,-1.91,-2.985,-2.321,-0.2,0.479
ACH-000595,LN-229,CNS/Brain,Diffuse Glioma,-3.015,-0.232,-0.448,-0.225,-0.063,-0.225,-0.099,-0.313,-1.394,-0.021,-4.236,-2.359,-3.024,-2.64,-2.752,-2.399,-0.061,0.048
ACH-000596,LCLC-97TM1,Lung,Non-Small Cell Lung Cancer,-0.052,-0.124,-1.766,-0.325,-0.106,0.003,-0.201,-0.106,-0.252,0.048,-4.075,-2.299,-2.403,-2.026,-2.63,-2.104,-0.076,0.08
ACH-000597,TTC-709,Soft Tissue,Rhabdoid Cancer,-0.574,-0.051,-0.476,-0.038,-0.105,-0.332,-0.003,-0.301,-0.569,0.049,-3.553,-2.283,-1.947,-2.08,-2.556,-2.54,0.009,0.145
ACH-000599,PA-TU-8902,Pancreas,Pancreatic Adenocarcinoma,-0.363,-0.05,-2.179,-0.007,-0.084,-0.312,-0.242,-0.171,-0.292,-0.055,-4.313,-3.156,-2.441,-2.206,-2.658,-2.146,-0.054,0.191
ACH-000601,MIA PaCa-2,Pancreas,Pancreatic Adenocarcinoma,-0.308,-0.008,-2.738,-0.236,-0.192,-0.148,-0.112,-0.094,-0.413,0.061,-4.804,-2.876,-2.413,-1.857,-2.361,-2.188,-0.151,0.102
ACH-000602,M-07e,Myeloid,Acute Myeloid Leukemia,-0.13,-0.071,-0.149,0.043,-0.062,-1.885,-0.059,-0.276,-0.186,0.115,-3.757,-2.211,-2.161,-2.107,-2.504,-2.198,-0.106,0.125
ACH-000604,KYO-1,Myeloid,Myeloproliferative Neoplasms,0.256,0.125,-0.394,-0.461,-0.29,-0.826,0.183,-0.324,-0.346,0.058,-4.014,-2.072,-2.204,-2.302,-2.805,-2.424,-0.626,0.357
ACH-000605,TE-6,Esophagus/Stomach,Esophageal Squamous Cell Carcinoma,-0.13,-0.027,-0.506,-0.472,-0.201,-0.233,-0.029,-0.581,-0.261,0.049,-3.822,-2.973,-1.841,-2.53,-2.185,-2.013,-0.033,0.197
ACH-000606,PE/CA-PJ34 (clone C12),Head and Neck,Head and Neck Squamous Cell Carcinoma,-0.376,-0.017,-0.254,-0.199,-0.096,-0.297,-0.098,-0.516,-0.29,-0.063,-1.563,-2.47,-2.148,-2.507,-2.734,-1.98,-0.02,0.044
ACH-000607,KYM-1,Kidney,Rhabdoid Cancer,0.039,0.069,-0.412,-0.108,-0.16,-0.357,-0.467,-0.086,-1.154,0.235,-3.622,-2.329,-2.394,-1.735,-2.283,-1.738,-0.002,-0.03
ACH-000608,COV644,Ovary/Fallopian Tube,Ovarian Epithelial Tumor,-0.296,-0.121,-0.436,-0.236,-0.087,-0.296,-0.325,-1.256,-0.244,0.074,-4.159,-2.647,-2.456,-2.832,-3.452,-2.629,-0.004,0.148
ACH-000609,SF126,CNS/Brain,Diffuse Glioma,-0.282,-0.057,-0.335,-0.235,-0.064,-0.222,0.043,-0.096,-0.48,0.015,-4.322,-2.802,-2.028,-1.89,-2.251,-2.083,-0.047,0.189
ACH-000614,RVH-421,Skin,Melanoma,-2.422,-2.28,-0.363,-0.264,-0.208,-0.019,-0.16,-0.374,-2.027,0.167,-4.418,-1.873,-1.482,-2.469,-1.808,-2.305,-0.16,0.136
ACH-000616,Hs 746T,Esophagus/Stomach,Esophagogastric Adenocarcinoma,-0.197,-0.043,-0.709,-0.301,-0.118,-0.327,-0.175,-0.203,-0.385,0.164,-1.831,-2.47,-2.204,-2.65,-2.727,-2.375,-0.06,0.057
ACH-000618,SNU-1041,Head and Neck,Head and Neck Squamous Cell Carcinoma,-0.071,0.112,-0.264,-0.159,-0.175,-0.05,-0.039,-0.431,-0.118,0.095,-3.967,-2.816,-1.941,-1.937,-3.079,-2.026,-0.035,0.076
ACH-000619,PE/CA-PJ15,Head and Neck,Head and Neck Squamous Cell Carcinoma,-0.362,-0.008,-0.077,-0.396,-0.031,-0.304,-0.12,-0.41,-0.248,0.159,-3.236,-2.903,-1.703,-2.487,-3.103,-2.11,-0.136,0.245
ACH-000620,JHH-1,Liver,Hepatocellular Carcinoma,-0.271,-0.073,-0.436,-0.163,-1.924,-0.307,-0.054,-1.317,-1.831,0.078,-3.741,-1.805,-2.123,-2.608,-2.606,-2.441,-0.054,0.195
ACH-000621,MDA-MB-157,Breast,Invasive Breast Carcinoma,-0.326,0.017,-0.237,-0.266,-0.126,-0.245,0.032,0.032,-0.332,-0.025,-3.912,-2.111,-2.606,-3.321,-3.114,-2.593,-0.05,0.06
ACH-000622,KNS-42,CNS/Brain,Diffuse Glioma,-0.279,0.027,-0.367,-0.244,0.017,-0.337,-0.014,-0.073,-0.241,0.136,-4.4,-2.907,-1.973,-3.072,-2.203,-2.804,-0.119,0.271
ACH-000623,SNU-201,CNS/Brain,Diffuse Glioma,-0.476,-0.138,-0.167,-0.121,-0.087,-0.413,-0.304,-0.194,-0.321,0.049,-3.815,-1.979,-2.338,-2.182,-3.012,-2.413,-0.216,0.097
ACH-000624,HCC1806,Breast,Breast Ductal Carcinoma In Situ,-0.228,-0.092,-0.218,-0.21,-0.089,-0.275,-0.022,-0.23,-0.404,0.047,-4.369,-2.689,-1.908,-2.227,-3.172,-2.219,0.014,0.08
ACH-000627,LCLC-103H,Lung,Non-Small Cell Lung Cancer,-0.282,-0.065,-0.356,-0.268,-0.226,-0.228,-0.115,-0.225,-0.59,0.077,-3.868,-2.407,-2.228,-2.389,-2.681,-2.346,-0.12,0.029
ACH-000630,YD-8,Head and Neck,Head and Neck Squamous Cell Carcinoma,-0.19,-0.051,-0.247,0.014,-0.072,-0.217,-0.107,-0.226,-0.335,0.069,-3.725,-2.38,-2.426,-1.876,-2.997,-2.365,-0.117,0.153
ACH-000631,KS-1,CNS/Brain,Diffuse Glioma,-1.001,-0.078,-0.136,0.067,-0.206,-0.145,-0.058,-0.202,-0.961,0.012,-3.66,-2.781,-2.184,-2.616,-2.811,-1.74,-0.121,0.195
ACH-000632,Hs 944.T,Skin,Melanoma,-0.63,-0.01,-0.302,-1.919,-0.173,-0.23,-0.24,-0.008,-0.386,0.13,-3.889,-2.273,-2.087,-2.455,-2.35,-2.414,-0.043,0.062
ACH-000633,FU97,Esophagus/Stomach,Esophagogastric Adenocarcinoma,-0.495,-0.16,-0.165,-0.144,-0.206,-0.155,-0.025,-0.066,-0.241,-0.007,-3.859,-1.874,-1.966,-2.395,-2.2,-2.287,-0.036,0.109
ACH-000634,LN-340,CNS/Brain,Diffuse Glioma,0.043,-0.117,-0.317,-0.192,-0.065,-0.278,-0.037,-0.032,-0.235,-0.117,-3.505,-2.592,-2.296,-2.195,-2.457,-2.18,-0.16,0.079
ACH-000637,KYSE-520,Esophagus/Stomach,Esophageal Squamous Cell Carcinoma,-0.377,-0.054,-0.362,-0.154,-0.113,-0.345,0.003,-0.529,-0.398,0.032,-4.218,-2.387,-1.761,-2.115,-2.632,-2.381,-0.033,0.08
ACH-000638,NCI-H441,Lung,Non-Small Cell Lung Cancer,-0.116,0.024,-1.121,-0.039,-0.209,0.009,-0.082,-0.303,-0.257,0.237,-4.024,-2.647,-1.812,-2.304,-2.064,-1.821,0.03,0.232
ACH-000639,NCI-H211,Lung,Lung Neuroendocrine Tumor,-0.073,-0.03,-0.305,-0.304,-0.071,0.041,-0.136,-0.081,-0.491,0.1,-4.161,-2.391,-2.541,-2.438,-3.097,-2.202,0.027,0.12
ACH-000645,JL-1,Pleura,Pleural Mesothelioma,-0.432,-0.022,-0.359,-0.241,-0.176,-0.198,0.028,-0.262,-1.755,0.07,-3.849,-2.864,-2.376,-2.693,-2.093,-2.439,-0.035,0.291
ACH-000646,OVMANA,Ovary/Fallopian Tube,Ovarian Epithelial Tumor,-0.086,0.19,-0.444,-0.137,-2.026,-0.254,-0.155,-0.508,-1.373,0.006,-4.064,-1.903,-2.455,-2.405,-2.418,-2.468,-0.087,0.191
ACH-000647,TE-1,Esophagus/Stomach,Esophageal Squamous Cell Carcinoma,-0.295,-0.162,-0.336,-0.266,-0.14,-0.212,-0.06,-0.211,-0.424,0.165,-3.646,-2.443,-2.02,-2.45,-2.551,-2.353,-0.105,0.186
ACH-000648,NCI-H28,Pleura,Pleural Mesothelioma,0.006,0.123,-0.285,-0.186,-1.647,-0.095,-0.011,-0.67,-0.979,0.122,-4.004,-2.413,-2.5,-1.957,-2.701,-2.643,-0.091,0.186
ACH-000649,786-O,Kidney,Renal Cell Carcinoma,-0.18,0.072,-0.217,-0.088,-1.585,-0.254,-0.514,-0.229,-1.07,0.032,-3.978,-2.304,-2.004,-2.091,-2.929,-2.661,-0.202,0.033
ACH-000651,SW 620,Bowel,Colorectal Adenocarcinoma,-0.313,-0.308,-2.592,-0.349,-0.267,-0.608,-1.525,0.02,-0.339,-0.07,-2.8,-2.124,-2.871,-1.769,-2.79,-2.307,0.065,0.091
ACH-000652,SUIT-2,Pancreas,Pancreatic Adenocarcinoma,-0.132,-0.263,-2.655,0.224,-0.105,-0.326,-0.629,-0.48,-0.046,0.114,-4.835,-2.245,-2.232,-2.345,-2.088,-3.079,-0.012,0.157
ACH-000653,JJN-3,Lymphoid,Mature B-Cell Neoplasms,0.03,0.029,-0.187,-1.29,-0.109,-0.866,-0.108,-0.179,-0.273,-0.025,-3.978,-2.355,-1.449,-2.177,-2.112,-1.97,0.052,-0.039
ACH-000654,Raji,Lymphoid,Non-Hodgkin Lymphoma,-0.162,-0.034,-0.389,-0.315,-0.198,-0.232,-0.206,-0.126,-0.191,0.297,-2.176,-2.607,-1.866,-2.071,-2.765,-1.85,-0.007,-0.06
ACH-000655,SF268,CNS/Brain,Diffuse Glioma,-0.259,-0.079,-0.221,-0.393,-0.096,-0.199,-0.17,-0.086,-0.363,-0.088,-3.913,-2.73,-2.12,-2.487,-2.256,-2.173,-0.045,0.098
ACH-000656,SU-DHL-8,Lymphoid,Mature B-Cell Neoplasms,-0.156,-0.128,0.113,0.117,-0.046,-2.031,0.168,0.016,0.131,0.158,-2.63,-3.759,-2.199,-1.54,-2.602,-2.067,-0.043,0.239
ACH-000657,A2780,Ovary/Fallopian Tube,Ovarian Epithelial Tumor,-0.234,-0.24,-0.216,-0.147,-0.213,-0.174,-0.004,-0.056,-0.972,0.049,-4.397,-2.205,-2.397,-1.826,-2.77,-2.111,-0.103,0.117
ACH-000660,SU-DHL-5,Lymphoid,Mature B-Cell Neoplasms,-0.037,0.237,-0.385,-0.156,-0.176,-0.454,0.148,0.091,-0.762,0.128,-4.201,-2.094,-2.479,-2.185,-2.156,-1.306,-0.199,-0.215
ACH-000661,WM1799,Skin,Melanoma,-2.582,-1.095,-0.316,-0.219,-0.094,-0.076,-0.332,-0.445,-1.583,0.248,-4.107,-2.195,-2.528,-2.05,-3.29,-2.467,-0.042,0.115
ACH-000662,COR-L23,Lung,Non-Small Cell Lung Cancer,-0.075,0.233,-1.165,-0.229,-0.082,-0.341,-0.233,-0.223,-0.352,-0.147,-3.787,-2.556,-2.576,-2.456,-1.758,-1.978,-0.02,-0.017
ACH-000663,OVTOKO,Ovary/Fallopian Tube,Ovarian Epithelial Tumor,-0.403,0.142,-0.334,-0.157,-1.798,-0.035,-0.311,-0.832,-1.58,0.088,-4.133,-1.717,-1.667,-2.045,-2.085,-2.102,0.045,-0.048
ACH-000664,SU-DHL-1,Lymphoid,Mature T and NK Neoplasms,-0.225,-0.039,-0.278,-0.138,-0.092,-0.32,-0.112,-0.057,-0.566,0.01,-3.873,-2.811,-2.374,-2.433,-2.609,-2.094,-0.033,0.101
ACH-000665,SK-MES-1,Lung,Non-Small Cell Lung Cancer,-0.346,-0.032,-0.275,-0.201,-0.188,-0.167,-0.105,-0.935,-0.349,0.023,-4.704,-2.943,-1.757,-2.139,-2.928,-2.436,-0.103,0.085
ACH-000666,NCI-H1355,Lung,Non-Small Cell Lung Cancer,0.034,-0.259,-0.373,-0.232,0.013,-0.108,-0.174,0.169,-0.199,0.219,-4.386,-3.187,-2.102,-2.171,-2.68,-2.256,0.054,0.051
ACH-000667,HCC-44,Lung,Non-Small Cell Lung Cancer,-0.114,-0.106,-1.544,-0.168,-0.185,-0.252,-0.05,-0.123,-0.441,0.232,-3.725,-2.494,-2.619,-2.293,-2.636,-2.213,0.0,-0.067
ACH-000668,HCC70,Breast,Invasive Breast Carcinoma,-0.214,0.046,0.019,-0.201,-0.122,-0.091,-0.228,0.036,-0.542,-0.205,-4.665,-2.168,-1.564,-1.55,-3.316,-3.463,-0.136,0.223
ACH-000671,HuH-6,Liver,Hepatoblastoma,-0.3,-0.132,-0.224,-0.212,-0.123,-0.098,-1.836,-0.088,-0.379,0.082,-3.967,-2.042,-2.242,-1.684,-2.144,-2.674,-0.012,-0.03
ACH-000672,IA-LM,Lung,Non-Small Cell Lung Cancer,0.056,0.235,-0.98,-0.041,-0.304,-0.367,-0.055,-0.186,-0.116,-0.011,-3.614,-2.726,-2.052,-2.607,-2.637,-2.239,0.062,0.295
ACH-000673,LN-443,CNS/Brain,Diffuse Glioma,-0.305,-0.002,-0.247,-0.234,-0.155,-0.286,-0.204,0.091,-0.458,0.094,-3.874,-2.966,-2.179,-2.406,-2.806,-2.401,0.013,0.18
ACH-000676,LN-464,Skin,Melanoma,-2.248,-1.558,-0.17,-0.251,-0.247,-0.139,-0.166,-0.066,-0.382,0.145,-2.104,-1.927,-2.502,-1.846,-3.23,-2.081,-0.078,0.07
ACH-000677,SW 1573,Lung,Non-Small Cell Lung Cancer,-0.189,0.139,-1.232,0.07,-0.131,-0.209,-1.08,-0.041,-1.394,0.089,-4.355,-2.081,-2.038,-2.667,-2.439,-2.863,-0.077,0.153
ACH-000681,A549,Lung,Non-Small Cell Lung Cancer,-0.087,0.134,-1.119,-0.139,-0.336,-0.26,-0.311,-0.322,-1.278,0.12,-3.228,-3.092,-2.396,-1.829,-2.413,-2.22,-0.061,0.101
ACH-000682,SNU-1066,Head and Neck,Head and Neck Squamous Cell Carcinoma,-0.195,-0.05,-0.258,-0.139,-0.224,-0.218,-0.076,-0.581,-0.353,0.08,-4.002,-2.689,-2.008,-1.852,-2.794,-2.285,-0.196,0.114
ACH-000683,SNU-503,Bowel,Colorectal Adenocarcinoma,-0.286,0.076,-0.344,-0.11,-0.243,-0.17,-0.69,-0.576,-0.203,0.063,-4.155,-1.932,-2.238,-2.443,-3.399,-2.59,-0.219,0.171
ACH-000684,KMRC-1,Kidney,Renal Cell Carcinoma,-0.175,0.232,-0.299,-0.099,-1.203,-0.278,-0.245,-0.375,-1.085,-0.071,-3.867,-1.824,-1.918,-1.816,-2.952,-1.873,-0.009,0.199
ACH-000685,L3.3,Pancreas,Adenosquamous Carcinoma of the Pancreas,0.113,0.142,-0.507,-0.29,-0.128,-0.022,-0.181,-0.322,-0.149,0.084,-4.332,-2.455,-1.77,-2.162,-2.762,-2.466,-0.055,0.196
ACH-000688,OV7,Ovary/Fallopian Tube,Ovarian Epithelial Tumor,-0.355,0.038,-2.083,-0.197,-0.217,-0.344,-0.157,0.009,-0.344,0.105,-3.609,-2.519,-1.886,-2.949,-2.624,-2.69,-0.049,0.111
ACH-000693,KYSE-180,Esophagus/Stomach,Esophageal Squamous Cell Carcinoma,-0.095,0.028,-0.235,-0.145,-0.099,-0.271,-0.1,-0.382,-0.29,0.078,-3.736,-2.497,-2.177,-2.199,-3.152,-2.359,-0.056,0.061
ACH-000694,TE-9,Esophagus/Stomach,Esophageal Squamous Cell Carcinoma,-0.159,0.096,-0.337,-0.133,-0.193,-0.396,0.002,-0.234,-0.103,0.145,-4.751,-2.102,-1.656,-1.87,-2.996,-2.52,-0.018,0.184
ACH-000695,COR-L47,Lung,Lung Neuroendocrine Tumor,-0.185,0.0,-0.423,-0.086,-0.072,-0.18,-0.013,-0.242,-0.149,0.098,-3.582,-2.788,-2.233,-2.483,-2.555,-2.078,0.058,0.182
ACH-000696,OVCAR-8,Ovary/Fallopian Tube,Ovarian Epithelial Tumor,-0.136,-0.165,-0.305,-0.387,-0.249,-0.263,-0.179,-0.097,-0.413,0.024,-4.582,-2.761,-2.698,-2.516,-3.338,-2.084,0.003,0.106
ACH-000697,A3/KAW,Lymphoid,Mature B-Cell Neoplasms,0.072,0.064,-0.497,-0.064,-0.214,-0.211,-0.204,-0.005,-0.954,0.34,-3.575,-3.164,-2.483,-2.779,-2.624,-2.059,0.112,0.118
ACH-000698,DMS 53,Lung,Lung Neuroendocrine Tumor,-0.342,-0.045,-0.857,-0.283,-0.278,-0.233,-0.467,-0.065,-0.3,0.059,-4.223,-2.263,-2.397,-2.177,-2.439,-2.196,0.017,0.191
ACH-000699,HCC1395,Breast,Invasive Breast Carcinoma,-0.361,-0.028,-0.185,-0.282,-0.131,-0.07,-0.284,-0.111,-0.206,-0.014,-4.718,-2.392,-1.49,-2.675,-2.306,-2.734,-0.077,0.101
ACH-000700,NCI-H2882,Lung,Non-Small Cell Lung Cancer,0.099,0.006,-0.859,-0.044,-0.15,-0.029,-0.102,-0.051,-0.46,0.155,-3.542,-2.8,-2.02,-2.547,-2.689,-2.171,0.182,0.013
ACH-000701,RMUG-S,Ovary/Fallopian Tube,Ovarian Epithelial Tumor,-0.253,-0.236,-0.336,-0.314,-0.108,-0.273,-0.086,-0.443,-0.932,-0.068,-3.744,-2.414,-2.059,-2.44,-2.578,-2.934,-0.111,0.086
ACH-000702,L-1236,Lymphoid,Hodgkin Lymphoma,-0.242,-0.032,-0.001,-0.184,-0.162,-0.401,-0.25,-0.002,-0.282,-0.066,-3.919,-2.128,-1.947,-2.617,-2.416,-2.264,-0.042,0.004
ACH-000704,OAW42,Ovary/Fallopian Tube,Ovarian Epithelial Tumor,-0.192,0.224,-0.023,0.077,-0.779,-0.623,0.043,-0.11,-0.766,-0.448,-3.668,-2.824,-1.778,-2.732,-2.528,-2.09,-0.14,0.105
ACH-000706,EKVX,Lung,Non-Small Cell Lung Cancer,-0.105,0.026,-0.348,-0.216,-0.073,-0.163,-0.469,-0.824,-0.269,0.002,-3.999,-2.381,-2.372,-2.075,-3.05,-2.403,0.045,0.285
ACH-000709,KMRC-2,Kidney,Renal Cell Carcinoma,-0.55,0.133,-0.281,-0.216,-1.445,-0.351,-0.36,-0.45,-0.226,0.136,-3.94,-2.624,-2.202,-2.588,-2.714,-2.35,-0.176,0.338
ACH-000711,JIMT-1,Breast,Invasive Breast Carcinoma,-0.182,0.041,-0.291,-0.201,-0.271,-0.274,-0.2,-0.433,-0.382,0.1,-5.134,-2.722,-2.109,-2.664,-3.231,-2.237,-0.046,0.164
ACH-000713,Caov-3,Ovary/Fallopian Tube,Ovarian Epithelial Tumor,-0.43,-0.09,-0.053,-0.525,-0.229,-0.272,-0.022,-0.095,-0.126,0.188,-3.671,-2.507,-2.11,-2.099,-2.573,-1.922,-0.08,0.052
ACH-000714,KMS-11,Lymphoid,Mature B-Cell Neoplasms,-0.2,0.048,-0.147,0.085,-0.001,-0.611,-0.073,0.107,-0.338,0.085,-3.919,-2.853,-1.913,-2.326,-1.97,-2.236,-0.188,0.157
ACH-000716,TT2609-C02,Thyroid,Well-Differentiated Thyroid Cancer,-0.105,-0.177,-0.354,-1.921,-0.135,-0.2,0.036,-0.038,-0.24,0.058,-3.7,-2.641,-1.926,-2.127,-1.935,-2.352,-0.172,0.112
ACH-000717,COLO-680N,Esophagus/Stomach,Esophageal Squamous Cell Carcinoma,-0.155,0.156,-0.275,-0.185,-0.022,-0.176,-0.079,-0.701,-0.264,0.132,-4.755,-2.453,-1.556,-3.222,-2.908,-2.136,0.087,0.486
ACH-000718,NCI-H2291,Lung,Non-Small Cell Lung Cancer,-0.539,-0.244,-2.556,-0.191,-0.161,-0.294,-0.162,-0.153,-0.525,0.106,-4.058,-2.647,-1.88,-2.387,-1.914,-2.165,0.039,0.201
ACH-000719,RMG-I,Ovary/Fallopian Tube,Ovarian Epithelial Tumor,-0.054,-0.015,-0.142,-0.047,-1.485,-0.287,-0.076,-0.864,-1.202,0.027,-4.854,-2.02,-2.485,-2.615,-3.068,-2.788,-0.047,0.178
ACH-000720,TCCSUP,Bladder/Urinary Tract,Bladder Urothelial Carcinoma,0.007,-0.006,-0.255,-0.326,-0.032,-0.258,0.013,-0.08,-0.393,0.179,-3.889,-2.339,-1.689,-2.555,-2.074,-2.287,0.013,0.029
ACH-000721,HMC-1-8,Breast,Invasive Breast Carcinoma,-0.173,-0.037,-2.195,-0.247,-0.133,-0.283,-0.092,-0.02,-0.356,0.114,-3.725,-2.515,-2.357,-2.698,-2.542,-2.175,-0.157,0.042
ACH-000722,SNU-C1,Bowel,Colorectal Adenocarcinoma,-0.145,0.205,0.13,0.288,-0.218,-0.735,-2.207,-0.138,-0.798,0.148,-5.016,-2.456,-2.14,-1.908,-3.356,-2.345,0.116,-0.246
ACH-000724,HT-1376,Bladder/Urinary Tract,Bladder Urothelial Carcinoma,-0.443,0.089,-0.449,-0.199,-0.215,-0.646,0.009,-1.376,-0.159,0.197,-4.288,-2.715,-2.304,-2.081,-2.93,-2.279,0.057,0.019
ACH-000725,HCC202,Breast,Breast Ductal Carcinoma In Situ,-0.295,0.001,-0.549,-0.327,-0.292,-0.072,0.011,-0.153,-0.273,0.209,-3.896,-2.132,-1.871,-3.009,-2.778,-2.595,0.144,0.233
ACH-000732,PE/CA-PJ41 (clone D2),Head and Neck,Head and Neck Squamous Cell Carcinoma,-0.303,0.104,-0.379,-0.309,-0.221,-0.135,-0.082,-0.8,-0.192,0.036,-3.652,-2.755,-2.196,-2.15,-2.307,-1.734,0.077,0.172
ACH-000734,JHH-5,Liver,Hepatocellular Carcinoma,-0.205,-0.103,-0.375,-0.498,-0.195,-0.233,-0.898,-0.571,-0.237,0.09,-3.474,-2.275,-1.905,-2.041,-3.002,-2.517,-0.218,0.162
ACH-000735,PE/CA-PJ49,Head and Neck,Head and Neck Squamous Cell Carcinoma,-0.347,0.093,-0.004,-0.136,-0.112,-0.209,-0.115,-1.732,-0.311,0.091,-3.057,-2.64,-1.394,-2.358,-2.436,-2.366,-0.07,0.058
ACH-000736,SNU-601,Esophagus/Stomach,Esophagogastric Adenocarcinoma,-0.117,0.127,-1.681,0.1,0.031,-0.221,-0.298,-0.341,-0.235,-0.008,-4.106,-2.875,-2.393,-2.767,-1.808,-2.055,-0.072,0.086
ACH-000738,GB-1,CNS/Brain,Diffuse Glioma,-0.033,-0.09,-0.294,-0.168,-0.187,-0.135,-0.013,-0.058,-0.293,0.032,-4.444,-2.364,-1.874,-2.146,-2.336,-2.25,0.005,0.185
ACH-000739,Hep G2,Liver,Hepatoblastoma,-0.066,-1.347,-0.402,-2.292,-0.047,-0.22,-0.622,-0.034,-1.551,0.041,-3.835,-2.739,-2.735,-2.065,-2.177,-1.856,0.148,-0.004
ACH-000740,A-253,Head and Neck,Head and Neck Squamous Cell Carcinoma,-0.314,-0.006,-0.417,-0.511,-0.127,-0.226,0.076,-0.606,-0.369,0.121,-4.24,-2.612,-1.843,-2.281,-2.786,-2.249,-0.099,0.035
ACH-000741,U-BLC1,Bladder/Urinary Tract,Bladder Urothelial Carcinoma,-0.21,-0.067,-1.061,-0.178,-0.076,-0.264,-0.06,-0.971,-0.355,0.109,-3.905,-2.372,-2.203,-2.368,-2.968,-2.038,-0.12,0.134
ACH-000746,GSS,Esophagus/Stomach,Esophagogastric Adenocarcinoma,-0.312,-0.002,-0.296,-0.156,-0.103,-0.228,-1.893,-0.15,-0.138,0.041,-4.047,-2.067,-2.293,-2.277,-3.097,-2.478,-0.087,0.086
ACH-000747,NCI-H1703,Lung,Non-Small Cell Lung Cancer,-0.262,-0.024,-0.291,-0.116,-0.177,-0.233,-0.057,0.053,-0.186,0.077,-3.705,-2.842,-2.45,-2.559,-2.143,-2.036,0.06,0.097
ACH-000748,SJSA-1,Bone,Osteosarcoma,-0.135,-0.225,-0.536,-0.604,-0.083,-0.228,-0.146,-0.057,-2.29,0.136,-4.404,-3.217,-2.896,-2.461,-2.73,-2.404,0.029,0.094
ACH-000753,JMSU-1,Bladder/Urinary Tract,Bladder Urothelial Carcinoma,-0.115,-0.013,-0.524,-0.189,-0.15,-0.142,-0.237,-0.132,-0.212,0.075,-4.133,-2.43,-2.06,-2.31,-2.886,-2.42,-0.149,0.091
ACH-000754,L-428,Lymphoid,Hodgkin Lymphoma,-0.111,-0.11,-0.09,-0.177,-0.151,-0.255,-0.118,-0.084,-0.363,0.134,-3.09,-2.344,-2.084,-1.926,-2.626,-2.187,-0.05,0.131
ACH-000756,GI-1,CNS/Brain,Diffuse Glioma,-0.362,-0.235,-0.077,-0.392,-0.098,-0.349,0.087,0.086,-0.246,0.11,-4.151,-2.668,-2.565,-2.248,-2.985,-2.342,-0.059,0.124
ACH-000757,A427,Lung,Non-Small Cell Lung Cancer,-0.22,-0.013,-1.474,0.009,-0.252,-0.262,-0.693,-0.107,-1.099,0.275,-3.416,-2.356,-1.769,-1.764,-2.656,-2.459,0.047,0.283
ACH-000758,MKN74,Esophagus/Stomach,Esophagogastric Adenocarcinoma,-0.19,0.024,-0.339,-0.378,-0.315,-0.208,-0.659,-0.483,-0.262,0.011,-3.438,-2.432,-2.425,-1.687,-2.66,-1.896,-0.087,0.002
ACH-000760,LNZ308,CNS/Brain,Diffuse Glioma,-0.138,-0.055,-0.313,-0.156,-0.172,-0.266,-0.212,-0.077,-0.285,0.184,-2.787,-2.772,-2.063,-2.912,-2.682,-2.382,-0.098,0.01
ACH-000762,YD-38,Head and Neck,Head and Neck Squamous Cell Carcinoma,-0.454,0.016,-0.413,-0.14,-0.315,-0.352,-0.22,-0.644,-0.41,0.167,-3.884,-2.606,-2.41,-1.359,-2.27,-1.943,-0.048,0.049
ACH-000763,MM1-S,Lymphoid,Mature B-Cell Neoplasms,-0.128,-0.229,-1.378,0.225,-0.031,0.02,-0.129,-0.229,-1.306,0.103,-4.085,-3.093,-2.86,-2.33,-1.706,-1.99,0.052,0.234
ACH-000764,SH-10-TC,Esophagus/Stomach,Esophagogastric Adenocarcinoma,0.184,0.125,-1.085,-0.065,-0.074,-0.376,-0.499,-0.281,-0.133,0.374,-3.559,-2.858,-2.142,-2.688,-2.682,-2.137,0.041,0.19
ACH-000765,WM983B,Skin,Melanoma,-1.242,-1.876,-0.209,-0.218,-0.164,-0.328,-0.036,-0.1,-0.21,0.123,-3.906,-1.995,-1.968,-2.422,-2.146,-2.2,-0.016,0.069
ACH-000766,NCI-H1648,Lung,Non-Small Cell Lung Cancer,-0.103,-0.006,-0.173,-0.161,-0.217,-0.328,-0.196,-0.751,-0.384,0.026,-4.071,-2.537,-1.688,-2.169,-2.664,-2.174,0.029,0.075
ACH-000767,NCI-H526,Lung,Lung Neuroendocrine Tumor,-0.351,-0.144,-0.401,-0.263,-0.146,-0.937,0.025,0.053,-0.291,0.082,-3.516,-2.396,-1.938,-2.391,-2.727,-2.689,-0.103,-0.088
ACH-000768,MDA-MB-231,Breast,Invasive Breast Carcinoma,-0.264,-0.337,-1.126,-0.265,-0.179,-0.199,-0.192,0.061,-0.251,0.035,-3.973,-2.758,-1.952,-2.221,-2.866,-2.209,0.078,0.14
ACH-000769,LK-2,Lung,Non-Small Cell Lung Cancer,-0.104,0.061,-0.329,-0.235,-0.114,-0.676,-1.401,-0.017,-0.275,0.118,-4.366,-2.929,-2.188,-2.921,-2.097,-2.055,-0.091,0.209
ACH-000770,P31/FUJ,Myeloid,Acute Myeloid Leukemia,-0.148,-0.406,-0.199,-1.285,-0.066,-1.845,-0.151,-0.006,-0.285,0.104,-4.048,-3.094,-2.434,-2.469,-2.093,-2.123,-0.089,0.087
ACH-000771,BICR 56,Head and Neck,Head and Neck Squamous Cell Carcinoma,-0.191,0.081,-0.037,-0.2,-0.062,-0.248,-0.121,-0.99,-0.275,0.105,-3.932,-2.864,-2.163,-2.517,-2.633,-1.962,-0.019,0.18
ACH-000773,Ki-JK,Lymphoid,Mature T and NK Neoplasms,0.109,0.096,-1.303,-0.18,-0.134,-1.069,-0.038,-0.163,-1.162,0.11,-3.927,-2.401,-2.224,-2.356,-1.873,-2.235,-0.157,0.056
ACH-000774,RERF-LC-Ad2,Lung,Non-Small Cell Lung Cancer,-0.386,0.084,-1.028,-0.19,-0.069,-0.349,-0.171,-0.02,-0.473,-0.024,-4.517,-2.429,-1.699,-2.838,-3.452,-2.48,-0.076,0.128
ACH-000775,NCI-H727,Lung,Lung Neuroendocrine Tumor,-0.135,-0.21,-1.569,-0.051,-0.062,-0.054,-0.055,-0.376,-0.196,-0.027,-3.862,-2.348,-2.316,-2.216,-2.156,-2.441,-0.122,0.108
ACH-000776,ONS-76,CNS/Brain,Embryonal Tumor,-0.132,-0.394,-0.259,-1.103,-0.061,-0.307,-0.215,-0.068,-0.993,-0.007,-3.683,-2.896,-2.611,-1.99,-2.626,-2.019,-0.133,0.229
ACH-000777,KYSE-30,Esophagus/Stomach,Esophageal Squamous Cell Carcinoma,-0.392,-0.049,-0.382,-0.234,-0.196,-0.22,0.134,-0.803,-0.221,0.2,-4.283,-2.148,-1.843,-2.044,-3.222,-2.291,-0.022,-0.135
ACH-000778,HSC-3,Head and Neck,Head and Neck Squamous Cell Carcinoma,-0.111,0.037,-0.371,-0.387,-0.206,-0.209,-0.06,-0.893,-0.193,0.139,-4.655,-2.165,-1.685,-2.574,-2.639,-2.674,-0.112,0.002
ACH-000781,NCI-H2023,Lung,Non-Small Cell Lung Cancer,-0.117,0.019,-0.215,-0.172,-0.257,-0.265,-0.409,-0.219,-0.424,0.152,-4.492,-2.571,-2.587,-2.027,-2.365,-2.287,-0.072,0.1
ACH-000782,SEM,Lymphoid,B-Cell Acute Lymphoblastic Leukemia,-0.042,0.085,-0.463,0.12,-0.121,-0.955,-0.085,0.033,-0.183,-0.033,-3.697,-2.982,-2.308,-2.536,-2.64,-1.709,-0.016,0.048
ACH-000783,CAMA-1,Breast,Invasive Breast Carcinoma,-0.222,-0.002,-0.308,-0.32,-0.108,-0.146,-0.177,0.03,-0.298,-0.897,-4.138,-2.045,-1.484,-2.562,-2.637,-2.396,-0.333,0.151
ACH-000784,KYSE-70,Esophagus/Stomach,Esophageal Squamous Cell Carcinoma,-0.199,0.013,-0.214,-0.235,-0.12,-0.301,-0.002,-0.223,-0.336,0.141,-3.966,-2.39,-1.593,-1.783,-2.747,-2.253,-0.077,0.117
ACH-000785,NCI-H2126,Lung,Non-Small Cell Lung Cancer,-0.003,-0.03,-0.586,-0.166,-0.17,-0.228,-0.043,-0.475,-0.338,0.057,-3.756,-2.261,-1.616,-2.135,-2.946,-2.489,0.017,0.014
ACH-000787,LXF-289,Lung,Non-Small Cell Lung Cancer,-0.028,-0.057,-0.584,-0.149,-0.169,-0.187,-0.538,-0.188,-0.203,0.133,-4.573,-2.272,-2.148,-2.406,-1.698,-1.908,-0.065,0.146
ACH-000788,A2058,Skin,Melanoma,0.018,-0.85,-0.152,-0.174,-0.104,-0.298,-0.246,0.019,-0.388,0.091,-4.805,-2.223,-2.671,-2.276,-2.873,-2.275,-0.029,0.043
ACH-000790,SHP-77,Lung,Lung Neuroendocrine Tumor,-0.058,0.164,-1.01,-0.225,-0.116,-0.292,-0.173,-0.038,-0.138,0.18,-3.504,-2.759,-2.008,-2.27,-2.525,-2.121,-0.046,0.144
ACH-000791,RERF-LC-Ad1,Lung,Non-Small Cell Lung Cancer,-0.301,-0.111,-2.134,-0.037,-0.137,-0.4,-0.127,-0.272,-0.318,0.235,-3.627,-2.95,-2.164,-2.46,-2.081,-2.445,0.016,0.173
ACH-000792,BFTC-909,Kidney,Renal Cell Carcinoma,0.131,-0.099,-0.349,-0.266,-0.816,-0.182,-0.201,-0.318,-0.237,0.141,-3.892,-2.468,-1.774,-2.001,-2.701,-2.531,-0.037,0.15
ACH-000793,KATO III,Esophagus/Stomach,Esophagogastric Adenocarcinoma,-0.196,-0.054,-0.752,-0.164,-0.018,-0.253,-3.052,-0.164,-0.313,0.032,-5.23,-2.776,-2.26,-3.363,-3.193,-2.152,-0.07,0.154
ACH-000794,BICR 22,Head and Neck,Head and Neck Squamous Cell Carcinoma,-0.196,-0.059,-0.366,-0.189,-0.118,-0.218,-0.062,-0.606,-0.317,0.179,-3.946,-2.531,-2.114,-2.023,-2.226,-2.164,-0.086,-0.045
ACH-000796,MCAS,Ovary/Fallopian Tube,Ovarian Epithelial Tumor,-0.309,-0.068,-2.393,-0.367,-0.103,-0.348,-0.575,-0.654,-0.336,0.073,-4.338,-3.009,-1.701,-2.898,-3.329,-2.721,-0.083,0.168
ACH-000798,CL-40,Bowel,Colorectal Adenocarcinoma,-0.387,-0.403,-1.543,-0.22,-0.002,-0.654,-1.215,-0.206,-0.273,-0.102,-2.834,-2.761,-2.129,-2.436,-2.653,-1.572,-0.333,-0.046
ACH-000799,Hs 695T,Skin,Melanoma,-1.33,-1.227,-0.396,-0.465,-0.066,-0.036,0.008,-0.319,-1.115,0.175,-3.85,-2.75,-1.766,-2.289,-2.462,-2.051,-0.104,0.093
ACH-000800,NCI-H446,Lung,Lung Neuroendocrine Tumor,0.168,0.194,-0.479,-0.084,-0.041,-0.262,-0.005,-0.157,-0.122,0.007,-4.062,-2.711,-1.735,-2.589,-2.882,-2.431,-0.056,0.109
ACH-000801,Hs 936.T,Skin,Melanoma,-1.005,-1.117,-0.349,-1.495,-0.224,-0.108,-0.544,-0.283,-1.351,0.086,-3.873,-2.711,-2.353,-2.109,-2.583,-2.032,-0.089,0.04
ACH-000802,BFTC-905,Bladder/Urinary Tract,Bladder Urothelial Carcinoma,-0.195,-0.415,-0.218,-1.806,-0.197,0.059,-0.022,-0.155,-0.38,0.112,-4.005,-2.452,-2.125,-1.846,-2.705,-2.114,-0.22,0.042
ACH-000804,NB-1,Peripheral Nervous System,Neuroblastoma,-0.155,0.139,-0.461,-0.337,-0.16,-0.148,-0.091,-0.263,-1.077,0.238,-5.128,-2.339,-2.965,-2.612,-2.803,-2.053,-0.208,0.139
ACH-000805,COLO-679,Skin,Melanoma,-0.862,-0.837,-0.531,-0.306,-0.013,-0.26,-0.621,-0.216,-1.357,0.173,-3.572,-2.924,-2.218,-2.367,-2.469,-2.123,0.038,0.397
ACH-000807,SNU-738,CNS/Brain,Diffuse Glioma,-0.163,0.013,-0.054,-0.177,-0.221,-0.428,-0.154,-0.008,-0.278,0.11,-3.612,-2.422,-2.156,-2.24,-2.586,-2.005,-0.024,0.107
ACH-000809,KYSE-410,Esophagus/Stomach,Esophageal Squamous Cell Carcinoma,-0.374,-0.145,-1.291,-0.13,-0.116,-0.196,-0.072,-0.271,-0.371,0.092,-4.583,-2.63,-1.68,-2.614,-2.783,-2.494,0.065,-0.032
ACH-000810,SK-MEL-30,Skin,Melanoma,-1.259,-1.098,-0.386,-1.372,-0.329,0.044,-0.487,-0.006,-0.329,0.108,-3.82,-2.866,-2.3,-2.154,-2.329,-2.846,-0.169,0.445
ACH-000811,SK-OV-3,Ovary/Fallopian Tube,Ovarian Epithelial Tumor,-0.207,0.072,-0.275,-0.18,-1.159,-0.255,-0.152,-0.064,-0.232,-0.153,-3.986,-2.263,-2.118,-2.741,-3.056,-2.866,-0.124,-0.013
ACH-000817,RPMI 8226,Lymphoid,Mature B-Cell Neoplasms,-0.114,-0.341,-1.565,0.295,-0.259,-0.184,0.001,-0.103,-0.162,0.238,-4.121,-2.48,-1.953,-2.389,-2.224,-1.971,-0.171,-0.112
ACH-000819,LN-18,CNS/Brain,Diffuse Glioma,-0.026,-0.007,-0.412,-0.218,-0.107,-0.325,-0.114,-0.075,-0.206,0.026,-2.858,-2.646,-1.897,-2.436,-2.513,-2.203,0.007,0.154
ACH-000820,SW403,Bowel,Colorectal Adenocarcinoma,-0.503,-0.129,-0.87,-0.276,-0.034,-0.137,-0.281,-0.011,-0.295,0.019,-3.655,-2.526,-2.215,-2.603,-2.616,-1.707,-0.16,0.311
ACH-000821,EJM,Lymphoid,Mature B-Cell Neoplasms,0.057,0.171,-0.189,-0.45,-0.211,-0.094,0.039,-0.196,0.06,0.159,-4.358,-2.244,-1.956,-2.094,-1.63,-1.911,0.03,0.005
ACH-000822,SK-MEL-24,Skin,Melanoma,-1.032,-0.961,-0.349,-0.346,-0.178,-0.299,-0.051,-0.209,-0.405,0.243,-3.758,-2.85,-1.775,-2.816,-2.486,-2.715,0.041,0.113
ACH-000823,KYSE-140,Esophagus/Stomach,Esophageal Squamous Cell Carcinoma,-0.083,0.082,-0.471,-0.085,-0.157,-0.259,-0.14,-0.817,-0.104,0.157,-4.584,-2.437,-1.692,-1.901,-3.252,-2.514,-0.051,0.109
ACH-000824,KYSE-510,Esophagus/Stomach,Esophageal Squamous Cell Carcinoma,-0.221,-0.083,-0.259,-0.084,-0.051,-0.422,0.002,-0.143,-0.159,-0.125,-4.253,-2.757,-1.967,-3.071,-2.749,-2.211,0.14,0.169
ACH-000826,CAL-12T,Lung,Non-Small Cell Lung Cancer,-0.091,-0.054,-0.863,-0.245,-0.203,-0.627,-0.104,-0.498,-0.297,0.179,-3.59,-2.881,-2.154,-2.396,-2.52,-1.908,0.146,0.173
ACH-000827,WM793,Skin,Melanoma,-1.71,-1.543,-0.164,-0.271,-0.178,-0.341,-0.194,0.205,-1.6,0.021,-3.887,-2.557,-2.439,-2.507,-2.422,-2.365,-0.051,0.07
ACH-000829,HuNS1,Lymphoid,Mature B-Cell Neoplasms,-0.112,-0.198,-0.194,-0.563,-0.138,-0.619,-0.062,-0.075,-1.216,0.171,-1.132,-2.268,-2.835,-1.561,-3.131,-2.107,-0.129,-0.013
ACH-000831,HEC-50B,Uterus,Endometrial Carcinoma,-0.129,-0.008,-0.519,-0.395,-0.701,-0.193,-0.07,-0.372,-0.226,-0.043,-3.735,-2.327,-2.376,-1.65,-2.849,-2.05,0.022,0.076
ACH-000832,CAL 27,Head and Neck,Head and Neck Squamous Cell Carcinoma,-0.224,-0.102,-0.162,-0.428,-0.207,-0.17,-0.056,-0.61,-0.251,0.112,-3.593,-3.121,-1.918,-2.17,-2.11,-1.808,0.078,0.176
ACH-000833,RH-30,Soft Tissue,Rhabdomyosarcoma,-0.287,-0.146,-0.578,-0.178,-0.226,-0.057,-0.075,-0.36,-0.251,0.186,-3.864,-2.533,-2.014,-2.165,-2.818,-2.274,-0.399,0.226
ACH-000834,UM-UC-1,Bladder/Urinary Tract,Bladder Urothelial Carcinoma,-0.021,0.042,-0.567,-0.267,-0.153,-0.27,-0.121,-0.169,-0.064,0.018,-3.878,-2.748,-2.207,-2.354,-2.641,-2.503,-0.02,0.047
ACH-000835,GCT,Soft Tissue,Undifferentiated Pleomorphic Sarcoma/Malignant Fibrous Histiocytoma/High-Grade Spindle Cell Sarcoma,-0.106,-0.956,-0.142,-0.359,-0.116,-0.232,-0.265,0.003,-0.172,0.118,-3.63,-2.315,-2.166,-2.244,-2.454,-2.289,-0.161,0.129
ACH-000836,YD-15,Head and Neck,Head and Neck Squamous Cell Carcinoma,-0.052,-0.065,-0.267,-0.249,-0.142,-0.075,-0.032,-0.771,-0.344,-0.033,-3.969,-2.532,-2.159,-1.769,-2.884,-2.265,-0.208,0.186
ACH-000837,NCI-H322,Lung,Non-Small Cell Lung Cancer,-0.095,0.068,-0.529,-0.164,-0.137,-0.266,-0.47,-0.658,-0.151,-0.035,-4.195,-2.55,-1.617,-2.139,-2.605,-2.547,-0.069,0.184
ACH-000838,AMO-1,Lymphoid,Mature B-Cell Neoplasms,-0.313,-0.31,-1.476,-0.19,-0.216,-0.464,-0.154,-0.352,-1.424,0.296,-3.988,-2.337,-2.486,-2.567,-2.402,-2.368,-0.05,0.155
ACH-000839,SCaBER,Bladder/Urinary Tract,Bladder Squamous Cell Carcinoma,-0.23,0.055,-0.218,-0.085,-0.062,-0.183,-0.074,-0.731,-0.406,-0.048,-3.588,-2.626,-1.992,-2.71,-2.814,-1.784,-0.059,0.254
ACH-000840,HCC-366,Lung,Non-Small Cell Lung Cancer,-0.213,0.102,-0.927,-0.162,-0.298,-0.259,0.095,-0.421,-0.416,0.091,-3.692,-2.663,-2.044,-2.396,-2.504,-1.967,0.144,0.027
ACH-000841,NCI-H2087,Lung,Non-Small Cell Lung Cancer,-0.067,-0.467,-0.382,-2.063,-0.131,-0.363,-0.077,-0.019,-0.256,0.018,-4.249,-3.159,-2.081,-2.409,-2.961,-2.01,0.009,0.023
ACH-000843,HARA,Lung,Non-Small Cell Lung Cancer,-0.202,-0.06,-0.434,-0.032,-0.071,-0.261,-0.049,-0.256,-0.177,0.098,-4.317,-2.717,-2.122,-2.34,-3.27,-2.101,-0.056,0.052
ACH-000845,NCI-H1373,Lung,Non-Small Cell Lung Cancer,-0.201,-0.041,-0.859,-0.353,-0.234,-0.345,-0.091,-0.03,-0.263,0.031,-3.85,-2.28,-2.476,-1.926,-2.393,-1.958,-0.045,0.21
ACH-000846,FaDu,Head and Neck,Head and Neck Squamous Cell Carcinoma,-0.081,-0.027,-0.152,-0.156,-0.169,-0.124,-0.056,-0.231,-0.292,0.063,-4.568,-3.08,-2.11,-1.994,-3.215,-1.975,-0.309,0.111
ACH-000847,HGC-27,Esophagus/Stomach,Esophagogastric Adenocarcinoma,-0.051,-0.034,-0.268,0.069,-0.221,-0.284,-0.255,-0.068,-0.212,0.103,-4.641,-2.444,-1.813,-2.422,-2.123,-2.398,0.106,0.076
ACH-000848,JHH-7,Liver,Hepatocellular Carcinoma,-0.247,-0.159,-0.624,0.005,-0.137,-0.392,-0.572,-0.099,-0.286,0.284,-2.613,-2.475,-2.432,-2.324,-3.016,-2.243,-0.092,0.138
ACH-000849,MDA-MB-468,Breast,Invasive Breast Carcinoma,-0.362,-0.124,-0.154,0.055,-0.17,-0.252,-0.076,0.051,-0.305,0.077,-4.39,-2.601,-1.767,-2.138,-3.273,-2.343,-0.106,0.12
ACH-000851,MOR/CPR,Lung,Non-Small Cell Lung Cancer,-0.055,0.116,-1.732,-0.19,-0.096,-0.487,-0.15,0.049,-0.031,0.092,-3.478,-2.418,-2.488,-2.519,-2.838,-2.212,-0.068,0.222
ACH-000853,NCI-H661,Lung,Non-Small Cell Lung Cancer,-0.154,-0.222,-0.065,-0.352,-0.303,-0.198,-0.158,-0.25,-0.296,0.136,-3.208,-2.986,-2.183,-2.05,-2.756,-2.088,-0.029,0.151
ACH-000855,KYSE-150,Esophagus/Stomach,Esophageal Squamous Cell Carcinoma,-0.236,-0.035,-0.315,-0.157,-0.22,-0.235,0.022,-0.317,-0.384,0.098,-4.601,-1.909,-3.173,-2.188,-2.361,-2.875,0.027,0.346
ACH-000856,CAL-51,Breast,Invasive Breast Carcinoma,-0.165,-0.148,-0.353,-0.02,-0.648,-0.048,-0.195,-0.065,-1.188,0.083,-4.096,-2.567,-1.352,-1.967,-2.152,-2.366,-0.315,0.24
ACH-000858,KNS-62,Lung,Non-Small Cell Lung Cancer,-0.168,-0.005,-0.246,-0.079,-0.151,-0.272,-0.016,-0.092,-0.438,0.082,-3.902,-2.518,-2.237,-2.075,-3.326,-2.118,0.003,0.132
ACH-000859,HCC1954,Breast,Breast Ductal Carcinoma In Situ,-0.401,-0.185,-0.523,-0.438,-0.239,-0.239,-0.175,-0.606,-0.386,0.019,-4.234,-2.884,-1.733,-2.353,-2.55,-2.011,-0.018,0.205
ACH-000860,NCI-H358,Lung,Non-Small Cell Lung Cancer,-0.256,-0.005,-2.293,-0.144,-0.109,-0.266,-0.209,-0.358,-0.209,-0.035,-4.707,-2.487,-1.673,-2.167,-1.911,-2.174,-0.163,0.381
ACH-000861,HOP-62,Lung,Non-Small Cell Lung Cancer,-0.005,0.066,-1.473,-0.233,-0.289,0.022,-0.118,-0.148,-0.206,0.073,-4.652,-2.547,-1.667,-2.124,-2.397,-2.408,-0.024,0.118
ACH-000862,KMBC-2,Bladder/Urinary Tract,Bladder Urothelial Carcinoma,-0.195,-0.137,-0.442,-0.345,-0.205,-0.338,0.103,-0.882,-0.372,0.084,-4.129,-2.349,-1.772,-2.126,-3.199,-2.498,-0.098,0.238
ACH-000863,DBTRG-05MG,CNS/Brain,Diffuse Glioma,-0.05,-0.258,-0.039,-0.058,-0.025,-0.463,-0.011,-0.068,-1.327,0.049,-4.381,-3.478,-2.42,-2.33,-2.341,-2.935,-0.169,-0.076
ACH-000864,COLO 684,Uterus,Endometrial Carcinoma,-0.087,-0.119,-0.192,-0.27,0.086,-0.225,0.415,0.088,-0.87,0.313,-4.249,-2.816,-1.39,-1.938,-2.4,-2.813,-0.117,0.069
ACH-000865,KYSE-450,Esophagus/Stomach,Esophageal Squamous Cell Carcinoma,-0.189,-0.036,-0.253,-0.289,-0.08,-0.111,-0.049,-0.792,-0.303,0.063,-3.525,-2.206,-2.426,-2.226,-1.942,-2.335,-0.153,0.114
ACH-000866,NCI-H1048,Lung,Lung Neuroendocrine Tumor,-0.195,-0.119,-0.365,-0.117,-0.092,-0.125,0.012,0.078,-0.435,0.15,-3.619,-2.489,-2.134,-2.377,-3.239,-2.247,-0.005,0.074
ACH-000867,ChaGo-K-1,Lung,Non-Small Cell Lung Cancer,-0.173,-0.028,-0.229,-0.197,0.038,-0.228,-0.224,0.01,-0.361,0.218,-3.755,-2.718,-1.959,-2.341,-2.9,-2.393,-0.076,0.006
ACH-000869,NCI-H1568,Lung,Non-Small Cell Lung Cancer,-0.038,0.008,-0.595,-0.339,-0.061,-0.285,0.027,-0.296,-0.212,-0.059,-4.935,-1.944,-1.705,-2.284,-3.285,-2.699,0.037,0.174
ACH-000871,NCI-H510,Lung,Lung Neuroendocrine Tumor,-0.008,0.013,-0.318,-0.306,-0.218,-0.151,0.119,-0.19,-0.085,0.112,-4.509,-2.433,-2.487,-1.659,-2.457,-2.648,-0.102,0.051
ACH-000872,HCC515,Lung,Non-Small Cell Lung Cancer,-0.186,-0.042,-0.731,-0.127,-0.2,-0.282,-0.243,-0.458,-0.173,-0.128,-3.917,-2.24,-2.227,-2.238,-2.75,-2.702,-0.063,0.211
ACH-000873,KYSE-270,Esophagus/Stomach,Esophageal Squamous Cell Carcinoma,-0.285,0.095,-0.267,-0.347,-0.167,-0.189,0.234,-0.943,-0.19,0.116,-3.327,-2.605,-2.71,-2.022,-2.456,-2.063,-0.151,0.09
ACH-000876,MDA-MB-415,Breast,Invasive Breast Carcinoma,-0.149,-0.126,-1.601,-0.276,-0.18,-0.354,-0.144,0.021,-0.157,-1.277,-4.942,-1.805,-1.639,-2.632,-3.563,-2.882,0.063,0.131
ACH-000878,HCC-15,Lung,Non-Small Cell Lung Cancer,-0.35,0.087,-0.121,-1.263,-0.28,-0.529,-0.299,-0.096,-0.286,-0.034,-3.682,-3.042,-2.029,-2.046,-2.782,-1.821,-0.251,0.316
ACH-000879,MFE-296,Uterus,Endometrial Carcinoma,-0.334,-0.385,0.019,-0.386,-0.053,-0.2,0.016,0.172,-0.367,0.278,-4.436,-2.586,-1.617,-2.737,-2.669,-1.984,0.005,0.034
ACH-000880,AGS,Esophagus/Stomach,Esophagogastric Adenocarcinoma,-0.198,-0.331,-1.656,-0.172,-0.001,-0.07,-1.233,-0.218,-1.201,0.185,-3.777,-2.208,-2.496,-1.795,-1.729,-1.896,-0.189,0.229
ACH-000881,MEL-JUSO,Skin,Melanoma,-1.993,-0.012,-0.484,-1.765,-0.057,-0.149,-0.343,0.072,-1.463,0.099,-3.645,-2.415,-1.934,-2.349,-2.219,-2.37,-0.092,0.067
ACH-000882,IGR-1,Skin,Melanoma,-1.591,-1.001,-0.357,0.011,-0.152,-0.207,-0.267,0.148,-0.833,0.11,-3.878,-2.404,-2.807,-2.43,-2.483,-2.158,-0.027,0.151
ACH-000884,MDA-MB-435S,Skin,Melanoma,-1.208,-1.062,-0.115,-0.159,-0.006,-0.206,-0.224,0.03,-0.238,0.046,-3.891,-2.513,-1.625,-2.57,-2.279,-2.187,-0.043,0.083
ACH-000885,TOV-21G,Ovary/Fallopian Tube,Ovarian Epithelial Tumor,-0.348,-0.004,-0.631,0.04,-0.41,-0.084,-0.273,-0.173,-1.717,0.154,-2.358,-2.313,-1.844,-1.726,-3.246,-2.111,-0.28,0.127
ACH-000886,NCI-H2009,Lung,Non-Small Cell Lung Cancer,-0.264,-0.052,-1.516,-0.189,-0.115,-0.269,-0.091,-0.07,-0.441,0.071,-3.03,-2.269,-2.534,-2.399,-2.873,-2.345,-0.057,0.134
ACH-000887,SF-172,CNS/Brain,Diffuse Glioma,-0.281,-0.017,-0.173,-0.142,-0.146,-0.29,-0.096,-0.568,-0.349,0.077,-3.612,-2.348,-2.111,-2.183,-2.823,-2.093,-0.151,0.14
ACH-000888,NCI-H1793,Lung,Non-Small Cell Lung Cancer,-0.159,-0.05,-0.473,-0.186,-0.155,-0.19,-0.204,-0.23,-0.299,0.09,-3.359,-2.592,-2.247,-2.792,-2.919,-2.171,-0.098,0.06
ACH-000889,KMM-1,Lymphoid,Mature B-Cell Neoplasms,-0.001,-0.197,-0.073,-2.518,-0.244,-0.402,-0.129,-0.134,-0.151,0.144,-3.992,-2.183,-2.31,-2.066,-2.03,-2.521,-0.143,0.044
ACH-000890,SW 1271,Lung,SMARCA4-deficient undifferentiated tumor,-0.372,0.071,-0.693,-1.869,-0.199,-0.171,-0.257,-0.049,-0.409,-0.159,-3.818,-2.199,-2.223,-1.918,-2.574,-2.198,-0.003,0.056
ACH-000894,NCI-H1869,Lung,Non-Small Cell Lung Cancer,-0.302,-0.126,-0.106,-0.134,-1.385,-0.323,-0.678,-0.601,-0.283,0.068,-4.754,-2.118,-1.634,-2.144,-2.672,-2.32,-0.027,0.059
ACH-000896,647-V,Bladder/Urinary Tract,Bladder Urothelial Carcinoma,-0.156,-0.103,-0.248,-0.229,-0.181,-0.149,0.003,-0.491,-0.341,0.197,-3.684,-2.48,-2.707,-2.065,-2.252,-2.526,-0.072,0.077
ACH-000898,SNU-719,Esophagus/Stomach,Esophagogastric Adenocarcinoma,-0.039,-0.159,-0.462,-1.022,-0.152,-0.447,-1.604,-0.704,-1.716,0.005,-3.655,-2.916,-2.037,-2.551,-2.411,-2.41,0.088,0.202
ACH-000899,WM88,Skin,Melanoma,-1.119,-0.555,-0.284,-0.318,-0.104,0.008,-0.202,-0.147,-1.102,0.171,-3.967,-1.929,-1.846,-1.656,-2.143,-1.742,0.044,-0.113
ACH-000900,NCI-H23,Lung,Non-Small Cell Lung Cancer,-0.174,0.089,-0.796,-0.199,-0.186,-0.166,-0.283,0.101,-0.547,-0.084,-4.754,-3.041,-1.859,-2.046,-2.149,-2.095,-0.051,0.222
ACH-000901,HCC-1359,Lung,Non-Small Cell Lung Cancer,-0.091,0.029,-0.464,-0.157,-0.133,-0.222,-0.172,-0.056,-0.326,0.072,-4.091,-2.716,-1.914,-2.524,-2.536,-2.525,-0.013,0.018
ACH-000903,FTC-133,Thyroid,Well-Differentiated Thyroid Cancer,-0.085,0.001,-0.298,-0.322,-0.581,-0.299,-0.11,-0.167,-0.179,0.094,-3.898,-2.223,-2.089,-2.013,-2.508,-2.238,-0.005,0.11
ACH-000905,5637,Bladder/Urinary Tract,Bladder Urothelial Carcinoma,-0.343,0.092,-0.188,-0.199,-0.199,-0.53,0.003,-0.578,-0.293,0.044,-4.052,-2.625,-2.56,-2.208,-2.712,-2.204,-0.021,0.12
ACH-000906,ES-2,Ovary/Fallopian Tube,Ovarian Epithelial Tumor,0.024,-0.944,-0.213,-0.129,-0.136,-0.186,-0.168,-0.117,-0.258,0.085,-3.97,-2.769,-2.303,-2.473,-2.427,-2.259,-0.012,0.028
ACH-000907,SNU-349,Kidney,Renal Cell Carcinoma,-0.263,0.008,-0.296,-0.219,-0.358,-0.17,0.011,-0.163,-0.612,-0.034,-3.563,-2.502,-2.029,-2.808,-2.668,-2.05,-0.15,0.072
ACH-000910,MDA-MB-453,Breast,Invasive Breast Carcinoma,-0.24,0.019,-0.125,-0.07,-0.161,-0.412,-0.048,0.05,-0.157,-0.062,-4.884,-2.058,-2.802,-2.146,-2.979,-2.579,-0.109,0.153
ACH-000911,NUGC-3,Esophagus/Stomach,Esophagogastric Adenocarcinoma,-0.246,0.001,-0.378,-0.216,-0.159,-0.272,-0.128,-2.067,-0.335,0.253,-4.047,-3.099,-1.678,-2.567,-3.309,-1.959,0.09,0.119
ACH-000912,NCI-H2286,Lung,Lung Neuroendocrine Tumor,-0.122,0.019,-0.313,0.008,-0.121,-0.123,-0.076,-0.134,-0.249,0.05,-4.16,-2.14,-2.626,-2.074,-2.81,-2.023,0.013,0.02
ACH-000913,ESS-1,Uterus,Uterine Sarcoma/Mesenchymal,-0.016,0.043,-0.195,-0.292,-0.09,-0.196,-0.31,-0.161,-0.186,0.146,-3.112,-2.162,-1.481,-2.004,-2.626,-2.529,-0.137,0.046
ACH-000914,HT,Lymphoid,Mature B-Cell Neoplasms,-0.113,-0.005,-0.186,-0.171,-0.114,-0.206,-0.056,-0.148,-0.178,0.129,-4.18,-1.918,-1.365,-2.173,-2.109,-2.407,-0.195,0.126
ACH-000915,IPC-298,Skin,Melanoma,-1.183,-0.34,0.035,-1.761,-0.216,-0.208,-0.107,-0.118,-0.409,0.173,-3.762,-2.621,-2.207,-2.299,-2.519,-2.293,-0.047,-0.054
ACH-000916,NCI-H1573,Lung,Non-Small Cell Lung Cancer,0.039,0.409,-0.966,-0.162,0.115,-0.114,-0.206,-0.129,-0.244,-0.148,-3.883,-2.408,-2.527,-2.585,-2.938,-1.841,0.034,-0.13
ACH-000917,TE-4,Esophagus/Stomach,Esophageal Squamous Cell Carcinoma,-0.266,0.06,-0.12,-0.277,-0.154,-0.248,-0.565,-0.091,-0.266,0.06,-4.041,-2.221,-2.507,-2.133,-3.108,-2.317,-0.087,0.186
ACH-000919,IM95,Esophagus/Stomach,Esophagogastric Adenocarcinoma,-0.356,-0.029,-0.569,-0.627,-0.148,-0.542,-0.669,-0.702,-1.042,0.086,-4.064,-2.691,-1.733,-2.468,-2.504,-1.921,-0.079,0.139
ACH-000920,CML-T1,Myeloid,Myeloproliferative Neoplasms,-0.023,-0.016,-0.939,-0.138,0.15,-0.577,-0.269,0.067,-0.622,0.321,-3.463,-3.157,-2.164,-2.706,-2.832,-1.646,0.242,-0.164
ACH-000921,NCI-H157-DM,Lung,Non-Small Cell Lung Cancer,-0.177,-0.005,-0.902,-0.194,0.018,-0.325,-0.274,-0.126,-0.256,0.125,-3.912,-2.679,-2.41,-2.691,-1.454,-2.147,-0.009,-0.065
ACH-000922,RCH-ACV,Lymphoid,B-Cell Acute Lymphoblastic Leukemia,-0.157,-0.064,-0.549,-0.234,-0.066,-1.225,-0.166,-0.103,-1.082,-0.006,-3.926,-2.779,-2.439,-2.142,-2.579,-2.681,-0.177,0.113
ACH-000924,NCI-H2172,Lung,Non-Small Cell Lung Cancer,-0.137,-0.033,-0.295,-0.153,-0.089,-0.501,-0.158,-0.256,-0.158,0.028,-2.882,-2.598,-0.642,-2.579,-2.879,-2.47,0.023,0.144
ACH-000926,HT-55,Bowel,Colorectal Adenocarcinoma,-0.265,-0.536,-0.464,-0.152,-0.189,-0.652,-2.629,-0.484,-0.39,0.08,-3.715,-2.423,-1.8,-2.247,-2.276,-2.792,-0.187,0.005
ACH-000928,JHUEM-1,Uterus,Endometrial Carcinoma,-0.196,0.245,-0.372,-0.132,-1.163,0.038,-0.092,-0.477,-0.587,-0.009,-4.278,-2.514,-0.914,-2.334,-2.925,-1.896,-0.386,0.246
ACH-000929,NCI-H2110,Lung,Non-Small Cell Lung Cancer,-0.162,0.121,-0.629,-0.288,0.064,-0.278,-0.185,-0.365,-0.243,0.071,-3.635,-2.975,-2.03,-2.42,-2.706,-2.369,0.057,0.275
ACH-000932,SNU-1,Esophagus/Stomach,Esophagogastric Adenocarcinoma,-0.284,-0.047,-2.617,-0.282,-0.125,-0.209,-0.171,-0.174,-1.283,0.084,-4.629,-2.225,-1.348,-2.278,-2.392,-2.245,-0.247,0.116
ACH-000934,MDA-MB-361,Breast,Invasive Breast Carcinoma,-0.05,-0.308,-0.906,-0.422,0.034,-0.185,-0.143,-0.246,-0.524,-0.986,-4.931,-2.137,-1.438,-2.327,-3.951,-2.864,0.203,0.057
ACH-000935,MDST8,Bowel,Colorectal Adenocarcinoma,-0.413,-0.901,-0.306,-0.176,-0.237,-0.708,-0.906,-0.068,-2.2,0.034,-4.325,-2.86,-2.28,-2.094,-1.832,-2.19,-0.194,-0.029
ACH-000936,EFO-27,Ovary/Fallopian Tube,Ovarian Epithelial Tumor,-0.362,-0.125,-0.261,-0.534,-0.68,-0.299,-0.065,-1.912,-0.207,0.033,-4.862,-2.277,-1.576,-2.022,-2.809,-2.228,-0.027,0.191
ACH-000937,PF-382,Lymphoid,T-Lymphoblastic Leukemia/Lymphoma,-0.198,0.027,-0.085,-1.133,-0.165,-1.572,0.076,0.007,-0.341,0.095,-4.374,-3.284,-2.262,-2.018,-3.106,-2.112,-0.161,0.048
ACH-000938,NALM-6,Lymphoid,B-Cell Acute Lymphoblastic Leukemia,-0.086,-0.246,-0.063,-0.621,-0.058,-1.06,-0.278,-0.188,-1.019,0.166,-3.754,-3.035,-2.398,-2.279,-2.728,-2.103,-0.135,0.088
ACH-000939,SK-UT-1,Uterus,Uterine Sarcoma/Mesenchymal,-0.131,-0.039,-0.339,-0.213,-0.159,-0.15,-0.269,-0.377,0.02,0.253,-3.973,-2.169,-1.162,-2.318,-2.44,-2.21,-0.185,-0.04
ACH-000941,HEC-1-B,Uterus,Endometrial Carcinoma,-0.044,0.035,-1.033,-0.252,-0.798,-0.153,-0.067,-0.241,-0.315,0.168,-4.0,-1.962,-1.461,-2.272,-3.013,-2.599,-0.009,0.185
ACH-000943,RKO,Bowel,Colorectal Adenocarcinoma,-0.152,-0.792,-0.478,-0.113,-0.146,-0.263,-0.108,0.045,-0.939,0.204,-4.539,-2.218,-2.346,-2.086,-1.826,-2.141,-0.109,0.002
ACH-000944,NAMALWA,Lymphoid,Mature B-Cell Neoplasms,-0.251,-0.095,-0.245,-0.192,-0.102,-1.14,-0.213,-0.136,-0.455,-0.083,-3.695,-2.475,-2.505,-2.573,-2.015,-1.854,-0.188,0.086
ACH-000945,NCI-H650,Lung,Non-Small Cell Lung Cancer,-0.086,0.009,-2.338,-0.131,-0.14,-0.381,0.098,-0.013,-0.373,0.003,-4.201,-2.655,-1.59,-3.096,-2.142,-3.077,0.085,0.285
ACH-000946,HEC-265,Uterus,Endometrial Carcinoma,-0.232,-0.038,-0.318,-0.335,-0.299,-0.27,-0.004,-0.454,-1.343,-0.028,-3.929,-2.451,-1.279,-2.122,-1.887,-2.269,-0.007,0.191
ACH-000947,OVK18,Ovary/Fallopian Tube,Ovarian Epithelial Tumor,-0.232,0.061,-0.661,-0.168,-0.269,-0.135,-0.085,-0.032,-1.068,-0.071,-3.838,-2.233,-2.069,-1.858,-2.637,-2.098,-0.121,0.133
ACH-000948,23132/87,Esophagus/Stomach,Esophagogastric Adenocarcinoma,-0.096,0.071,-0.955,-0.21,-0.135,-0.182,-0.276,-0.307,-1.212,0.158,-4.034,-2.392,-1.955,-1.847,-2.686,-1.68,-0.043,0.232
ACH-000950,LoVo,Bowel,Colorectal Adenocarcinoma,-0.1,-0.456,-1.16,-0.005,-0.214,-0.233,-1.212,-0.268,-0.848,0.114,-3.798,-2.779,-2.079,-2.01,-2.506,-1.937,-0.072,0.031
ACH-000953,SUP-T1,Lymphoid,Non-Hodgkin Lymphoma,-0.345,0.038,-0.138,-0.158,-0.142,-1.747,-0.056,-0.016,-0.25,0.032,-3.968,-3.08,-2.545,-2.29,-2.72,-2.026,-0.07,0.047
ACH-000956,22Rv1,Prostate,Prostate Adenocarcinoma,-0.264,0.201,-0.273,-0.39,-0.095,-0.071,0.244,-0.122,-0.966,-0.054,-4.102,-2.922,-0.799,-3.346,-1.894,-1.75,-0.192,0.083
ACH-000957,LS 180,Bowel,Colorectal Adenocarcinoma,-0.114,-0.152,-1.641,-0.47,-0.147,-0.863,-1.833,-0.539,-1.268,-0.02,-3.708,-2.425,-1.586,-1.242,-2.907,-1.757,-0.187,0.195
ACH-000958,SW48,Bowel,Colorectal Adenocarcinoma,0.046,-0.088,-0.367,-0.35,-0.173,-0.281,-1.59,-0.744,-1.343,0.153,-3.998,-2.352,-2.018,-1.602,-2.114,-1.881,-0.204,0.147
ACH-000959,SNU-C4,Bowel,Colorectal Adenocarcinoma,-0.185,0.032,-0.831,-0.134,-0.151,-0.884,-1.723,-1.007,-0.974,0.21,-3.743,-2.775,-2.511,-2.097,-1.836,-2.133,-0.102,0.189
ACH-000960,Reh,Lymphoid,B-Cell Acute Lymphoblastic Leukemia,-0.053,0.029,-0.2,-0.11,0.06,-1.611,-0.17,0.047,-1.349,0.082,-3.99,-3.307,-2.313,-2.162,-2.766,-2.711,0.007,0.084
ACH-000961,Ishikawa (Heraklio) 02 ER-,Uterus,Endometrial Carcinoma,-0.237,0.124,-0.388,-0.472,-0.649,-0.262,-0.082,-0.321,-0.252,0.079,-3.819,-2.754,-0.386,-1.923,-3.353,-2.125,0.089,0.015
ACH-000962,OC 314,Ovary/Fallopian Tube,Ovarian Epithelial Tumor,-0.306,0.197,-0.288,-0.118,-0.584,-0.08,-0.338,-0.064,-0.736,0.028,-4.923,-2.033,-2.184,-1.971,-2.471,-2.109,-0.396,0.516
ACH-000963,CCK-81,Bowel,Colorectal Adenocarcinoma,-0.229,0.123,-0.627,-0.731,-0.216,-0.149,-1.651,-0.524,-0.594,0.145,-3.77,-2.666,-1.732,-2.192,-2.58,-2.407,-0.19,0.104
ACH-000965,RL95-2,Uterus,Endometrial Carcinoma,-0.193,0.004,-0.133,-0.058,-0.203,-0.261,-0.074,-0.545,-0.276,0.075,-4.562,-2.184,-1.712,-1.902,-2.272,-1.822,-0.154,0.143
ACH-000966,IGROV1,Ovary/Fallopian Tube,Ovarian Epithelial Tumor,-0.148,-0.056,0.069,-0.28,-1.085,-0.699,-0.113,-0.315,-0.977,0.082,-4.267,-2.913,-2.216,-1.958,-2.431,-1.566,0.085,0.39
ACH-000968,COLO 792,Skin,Melanoma,-1.769,-0.213,-0.735,-0.21,-0.244,-0.52,-0.089,-0.174,-1.491,0.124,-4.25,-2.167,-2.406,-2.028,-2.141,-2.415,-0.095,-0.024
ACH-000969,KM12,Bowel,Colorectal Adenocarcinoma,-0.013,-0.02,-0.558,-0.146,-0.27,-0.361,-1.428,-0.123,-0.157,0.118,-4.636,-2.659,-1.905,-3.14,-2.351,-2.001,0.164,-0.009
ACH-000970,SNU-C5,Bowel,Colorectal Adenocarcinoma,-0.266,-0.209,-0.609,-0.213,-0.277,-0.291,-0.312,-0.142,-0.636,0.143,-4.146,-2.299,-1.55,-1.015,-2.647,-3.574,0.074,0.132
ACH-000971,HCT 116,Bowel,Colorectal Adenocarcinoma,-0.29,-0.377,-2.37,-0.348,-0.172,-0.129,-0.599,-0.063,-1.664,0.246,-4.572,-2.858,-1.751,-1.662,-2.174,-1.751,0.154,0.169
ACH-000972,HEC-151,Uterus,Endometrial Carcinoma,0.109,0.281,-0.516,-0.562,-0.6,-0.606,-0.045,-0.119,-1.271,-0.124,-3.46,-3.2,-2.125,-2.689,-2.713,-1.498,0.118,0.104
ACH-000973,639-V,Bladder/Urinary Tract,Urethral Cancer,-0.211,-0.103,-0.04,-0.258,-0.129,-0.225,-0.452,-0.196,-0.303,0.047,-3.377,-2.696,-2.268,-2.805,-2.697,-2.158,-0.048,0.098
ACH-000974,SNG-M,Uterus,Endometrial Carcinoma,-0.279,-0.053,-0.627,-0.267,-0.465,-0.225,-0.456,-0.281,-1.561,0.083,-4.365,-2.37,-1.324,-2.229,-3.154,-2.046,-0.121,0.145
ACH-000975,HCC2450,Lung,Non-Small Cell Lung Cancer,0.095,-0.068,-0.351,-0.261,-0.06,-0.25,-0.158,-0.067,-0.368,0.171,-3.515,-1.962,-1.896,-2.14,-3.023,-2.42,0.035,0.054
ACH-000976,HuCCT1,Biliary Tract,Intraductal Papillary Neoplasm of the Bile Duct,-0.28,-0.02,-1.593,-0.248,-0.182,-0.215,-0.192,-1.181,-0.516,-0.032,-3.946,-2.653,-1.951,-2.593,-2.442,-2.324,-0.16,0.123
ACH-000977,LNCaP clone FGC,Prostate,Prostate Adenocarcinoma,-0.213,-0.04,-0.207,-0.292,-0.193,-0.289,-0.04,-0.12,-1.873,0.214,-3.97,-2.482,-1.912,-2.175,-1.411,-2.01,-0.059,0.071
ACH-000978,EN,Uterus,Endometrial Carcinoma,-0.033,0.179,-0.722,-0.284,0.039,-0.209,0.004,-0.269,0.041,0.054,-3.928,-3.181,-2.166,-0.993,-2.267,-2.129,0.0,-0.105
ACH-000979,DU 145,Prostate,Prostate Adenocarcinoma,-0.214,0.041,-0.383,-0.085,-0.123,-0.351,-0.089,-0.863,-0.01,0.077,-4.631,-2.837,-1.307,-2.048,-3.146,-2.68,0.085,0.1
ACH-000980,NCI-H1155,Lung,Non-Small Cell Lung Cancer,-0.244,-0.178,-1.307,-0.062,-0.073,-0.253,0.032,-0.026,-0.262,0.11,-4.023,-2.436,-2.109,-2.449,-2.063,-2.381,-0.059,0.199
ACH-000983,KCL-22,Myeloid,Myeloproliferative Neoplasms,0.022,-0.058,-0.151,-0.096,-0.114,-0.811,-0.123,-0.047,-0.224,0.121,-4.144,-2.452,-0.938,-2.007,-1.869,-2.145,-0.111,0.215
ACH-000984,HEC-6,Uterus,Endometrial Carcinoma,-0.335,-0.046,-0.368,-0.404,-0.193,-0.374,-0.046,-0.041,-0.983,-0.113,-3.005,-1.884,-1.998,-1.827,-2.946,-2.176,-0.057,0.192
ACH-000985,LS411N,Bowel,Colorectal Adenocarcinoma,-0.144,-0.452,-0.054,0.371,-0.072,-0.103,-2.437,-0.031,-0.663,0.221,-5.132,-3.036,-1.846,-1.234,-3.313,-3.798,-0.028,-0.124
ACH-000986,HT115,Bowel,Colorectal Adenocarcinoma,-0.338,-0.039,-0.913,-0.186,-0.082,-0.315,-0.904,-0.735,-0.153,0.192,-3.385,-2.842,-2.45,-2.346,-2.671,-1.91,0.044,0.106
ACH-000988,MFE-319,Uterus,Endometrial Carcinoma,-0.17,0.104,-0.694,-0.357,-0.838,-0.295,-0.13,-0.691,-0.268,-0.054,-4.118,-2.623,-1.141,-2.378,-3.091,-2.208,-0.083,0.147
ACH-000991,SNU-81,Bowel,Colorectal Adenocarcinoma,-0.251,-0.213,-0.796,-0.164,-0.16,-0.306,-2.222,-0.67,-0.546,0.144,-4.364,-2.181,-2.42,-2.373,-2.369,-2.183,-0.087,-0.292
ACH-000993,JHUEM-7,Uterus,Endometrial Carcinoma,-0.489,0.067,-0.365,-0.074,-1.52,-0.186,-0.182,-0.286,-1.345,0.107,-4.15,-2.429,-2.798,-2.137,-2.343,-2.088,-0.197,0.201
ACH-000994,HEC-59,Uterus,Endometrial Carcinoma,-0.095,0.046,-0.446,-0.647,-0.988,-0.122,-0.026,-0.079,-0.023,-0.016,-4.062,-2.151,-1.329,-2.257,-3.302,-2.389,-0.209,0.129
ACH-000995,JURKAT,Lymphoid,T-Lymphoblastic Leukemia/Lymphoma,0.204,-0.096,-0.632,-0.169,-0.024,-1.569,-0.128,-0.092,-0.112,-0.029,-4.118,-2.289,-2.111,-2.348,-3.167,-2.629,-0.199,0.27
ACH-000996,HEC-251,Uterus,Endometrial Carcinoma,-0.147,0.074,-0.373,-0.194,-0.832,-0.184,-0.277,-0.01,-0.334,-0.18,-3.714,-2.558,-2.205,-2.726,-2.719,-1.828,-0.083,0.13
ACH-000997,HCT-15,Bowel,Colorectal Adenocarcinoma,-0.16,-0.283,-0.478,-0.717,0.02,-0.159,-1.298,0.028,-0.345,0.065,-4.96,-3.55,-1.868,-2.329,-2.981,-2.694,0.064,0.078
ACH-001001,143B,Bone,Osteosarcoma,-0.108,0.059,-0.411,-0.293,0.008,-0.261,-0.246,-0.062,-0.425,0.064,-3.769,-2.959,-2.072,-2.439,-2.779,-2.362,-0.006,0.083
ACH-001016,Becker,CNS/Brain,Diffuse Glioma,0.001,-0.301,-0.336,-0.316,-0.041,0.093,0.077,-0.087,-0.529,-0.099,-3.919,-2.505,-1.895,-2.333,-3.168,-2.444,0.14,0.204
ACH-001020,BT-16,CNS/Brain,Embryonal Tumor,-0.359,-0.107,-0.581,-0.282,-0.09,-0.194,-0.182,-0.113,-0.62,-0.002,-3.377,-2.993,-2.259,-2.601,-3.013,-1.745,-0.101,0.173
ACH-001028,CHLA-06-ATRT,CNS/Brain,Embryonal Tumor,-0.133,-0.077,-0.09,-0.167,-0.055,-0.311,-0.124,-0.096,-0.342,0.053,-3.977,-2.621,-2.654,-2.687,-2.861,-2.315,-0.074,0.102
ACH-001029,CHLA-10,Bone,Ewing Sarcoma,-0.175,0.013,-0.278,-0.229,-0.268,-0.285,-0.232,-0.159,-0.295,0.136,-3.899,-2.376,-1.833,-2.305,-2.748,-2.154,-0.065,0.123
ACH-001031,CHLA-266,CNS/Brain,Embryonal Tumor,0.078,0.075,-0.233,-0.111,-0.179,-0.06,-0.059,-0.186,-1.059,0.09,-2.866,-2.106,-2.459,-1.796,-1.981,-2.258,-0.197,0.111
ACH-001033,CHLA-57,CNS/Brain,Embryonal Tumor,-1.093,-0.11,-0.396,-0.038,-0.041,0.021,-0.301,-0.32,-0.766,-0.235,-3.62,-2.46,-2.476,-2.376,-2.658,-1.691,-0.295,0.251
ACH-001036,CMK-11-5,Myeloid,Acute Myeloid Leukemia,-0.002,-0.108,-0.266,-0.186,-0.072,-1.174,-0.13,-0.181,-0.077,0.116,-3.545,-2.485,-2.166,-2.186,-3.051,-2.206,0.071,0.019
ACH-001038,COG-E-352,Bone,Ewing Sarcoma,-0.115,0.134,-0.282,-0.17,-0.139,-0.145,-0.022,-0.06,-0.301,0.222,-3.912,-2.6,-2.436,-2.365,-3.218,-2.201,-0.078,-0.009
ACH-001039,COLO 205,Bowel,Colorectal Adenocarcinoma,-0.123,-0.927,-0.259,-0.243,-0.16,-1.899,-1.233,0.192,-0.589,0.047,-3.285,-2.25,-1.958,-2.168,-3.517,-1.779,-0.269,-0.03
ACH-001041,CHL-1-DM,Skin,Melanoma,-0.998,-0.088,-0.437,-0.1,-0.135,0.326,0.004,-0.285,-0.252,0.114,-4.015,-2.361,-2.345,-2.036,-2.359,-2.338,-0.209,0.173
ACH-001048,COV504,Ovary/Fallopian Tube,Ovarian Epithelial Tumor,-0.161,-0.136,-0.328,-0.199,-0.249,-0.239,-0.038,-0.233,-0.257,0.132,-3.735,-2.494,-2.606,-2.123,-2.911,-2.496,-0.157,0.141
ACH-001050,CW9019,Soft Tissue,Rhabdomyosarcoma,-0.371,0.076,-0.739,-0.138,-0.152,-0.204,-0.204,-0.047,-1.771,0.159,-3.312,-2.726,-2.284,-2.266,-2.983,-2.112,-0.089,0.126
ACH-001053,D425,CNS/Brain,Embryonal Tumor,-0.472,-0.125,-0.213,-0.257,-0.14,-0.303,-0.088,-0.021,-0.368,-0.018,-3.956,-2.049,-1.513,-2.089,-2.843,-1.875,-0.004,-0.08
ACH-001054,D458,CNS/Brain,Embryonal Tumor,-0.141,-0.042,-0.237,-0.461,-0.236,-0.32,0.028,0.05,-1.169,-0.054,-3.944,-2.205,-1.881,-2.025,-2.449,-2.284,-0.183,-0.036
ACH-001061,DLD-1,Bowel,Colorectal Adenocarcinoma,-0.475,0.08,-1.271,-0.157,-0.164,-0.341,-1.372,-0.329,-0.313,0.007,-3.218,-2.833,-2.627,-2.096,-3.165,-2.106,-0.208,0.132
ACH-001065,Evsa-T,Breast,Invasive Breast Carcinoma,-0.125,-0.242,-0.363,-0.071,-0.232,-0.263,-0.175,-0.037,-0.322,0.105,-3.604,-3.141,-1.877,-1.351,-1.603,-1.516,-0.046,-0.032
ACH-001067,F5,CNS/Brain,Meningothelial Tumor,-0.569,-0.046,-0.209,-1.442,-0.136,0.156,-0.131,-0.059,-1.504,0.19,-2.645,-1.99,-2.622,-1.523,-2.615,-2.045,-0.023,-0.159
ACH-001075,NCI-H292,Lung,Non-Small Cell Lung Cancer,-0.172,-0.023,-0.202,-0.25,-0.127,-0.208,-0.016,-0.363,-1.041,0.036,-3.707,-2.566,-2.563,-2.047,-2.359,-2.123,-0.224,0.076
ACH-001081,HCC2998,Bowel,Colorectal Adenocarcinoma,-0.121,0.055,-2.275,-1.015,0.015,0.028,-1.639,0.014,-0.746,0.065,-3.952,-2.473,-1.824,-1.791,-3.618,-2.364,0.064,-0.169
ACH-001096,JR,Soft Tissue,Rhabdomyosarcoma,-0.117,0.09,-0.512,-0.065,-0.031,-0.305,-0.159,-0.165,-0.795,0.029,-3.909,-2.76,-1.879,-2.183,-3.143,-2.258,-0.124,0.208
ACH-001098,KCI-MOH1,Pancreas,Pancreatic Adenocarcinoma,-0.269,-0.46,-1.693,-0.148,-0.021,-0.208,-0.927,-0.62,-0.229,0.137,-3.626,-2.616,-2.281,-2.211,-2.568,-2.441,-0.017,0.13
ACH-001099,KD,Soft Tissue,Rhabdoid Cancer,-0.377,0.073,-0.142,-0.136,-0.142,0.011,-0.256,-0.187,-0.969,0.009,-4.106,-2.358,-2.884,-1.974,-2.15,-1.872,-0.143,0.105
ACH-001107,KP-1N,Pancreas,Pancreatic Adenocarcinoma,-0.288,-0.022,-1.623,-0.329,-0.122,-0.336,-0.34,-0.087,-0.226,0.098,-4.656,-2.357,-1.802,-2.039,-2.628,-3.023,-0.058,0.049
ACH-001111,L82,Lymphoid,Mature T and NK Neoplasms,-0.387,-0.449,-0.265,-0.1,0.088,-1.053,-0.029,-0.353,0.099,0.351,-3.575,-2.843,-2.337,-2.667,-2.628,-1.922,-0.115,0.136
ACH-001119,Mac-2A,Lymphoid,Mature T and NK Neoplasms,-0.156,-0.106,-0.663,-0.029,-0.166,-0.517,-0.118,-0.479,-0.704,-0.059,-2.365,-2.814,-1.801,-2.332,-2.738,-1.979,0.018,0.304
ACH-001126,MOG-G-UVW,CNS/Brain,Diffuse Glioma,-0.015,-0.277,-0.202,-0.019,-0.109,-0.06,-0.013,-0.144,-0.175,0.127,-3.754,-2.153,-1.891,-2.684,-2.521,-2.444,0.115,-0.054
ACH-001128,MON,Soft Tissue,Rhabdoid Cancer,-0.618,0.074,-0.514,-0.512,-0.29,-0.804,-0.052,-0.249,-0.755,0.159,-3.83,-2.544,-2.525,-2.132,-2.873,-1.897,-0.34,0.063
ACH-001129,MONO-MAC-1,Myeloid,Acute Myeloid Leukemia,-0.165,0.179,-1.177,-0.314,-0.023,-0.917,-0.196,-0.055,-0.282,0.321,-3.438,-3.24,-2.144,-2.747,-2.879,-2.044,0.196,0.176
ACH-001134,MYLA,Lymphoid,Non-Hodgkin Lymphoma,-0.565,0.124,-0.07,-0.207,-0.243,-0.679,-0.156,-0.103,-1.312,0.019,-3.606,-2.4,-2.401,-2.772,-2.319,-2.17,0.007,0.123
ACH-001137,NCI-H1993,Lung,Non-Small Cell Lung Cancer,0.102,0.176,-1.985,-0.429,-0.13,-0.163,-0.252,-0.334,-0.158,-0.047,-5.011,-2.26,-2.093,-2.642,-3.002,-2.549,-0.142,0.423
ACH-001145,OC 316,Ovary/Fallopian Tube,Ovarian Epithelial Tumor,-0.156,-0.012,-0.224,-0.288,-0.755,0.014,0.087,-0.255,-0.349,0.064,-1.96,-1.985,-1.202,-1.958,-2.88,-2.209,-0.129,0.052
ACH-001151,OVCAR-5,Ovary/Fallopian Tube,Ovarian Epithelial Tumor,-0.106,-0.283,-2.38,-0.087,-0.098,-0.292,-0.432,-0.47,-0.385,0.118,-4.386,-2.462,-2.061,-2.806,-2.855,-2.523,-0.059,0.115
ACH-001163,CCLF_PEDS_0001_T,Kidney,Renal Cell Carcinoma,-0.301,0.099,0.046,-0.121,-0.19,-0.15,-0.318,-0.053,-0.132,0.055,-3.565,-2.332,-1.373,-2.267,-2.784,-2.532,-0.119,0.118
ACH-001164,CCLF_PEDS_0003_T,Soft Tissue,Undifferentiated Pleomorphic Sarcoma/Malignant Fibrous Histiocytoma/High-Grade Spindle Cell Sarcoma,0.137,0.12,-0.448,-0.118,-0.243,-0.252,-0.016,-0.089,-1.155,0.248,-3.654,-2.917,-2.505,-2.119,-2.794,-2.219,-0.084,-0.104
ACH-001172,U-251 MG DM,CNS/Brain,Diffuse Glioma,-0.254,-0.169,-0.092,-0.534,-0.1,-0.199,-0.056,-0.024,-0.2,0.043,-4.045,-2.447,-1.987,-1.943,-2.594,-2.177,0.01,0.099
ACH-001183,RT112/84,Bladder/Urinary Tract,Bladder Urothelial Carcinoma,-0.168,0.087,-0.403,-0.577,-0.062,-0.317,-0.162,-0.318,-0.846,-0.032,-3.854,-2.725,-2.196,-2.633,-1.709,-2.129,-0.047,0.103
ACH-001184,SCMC-RM2,Soft Tissue,Rhabdomyosarcoma,-0.226,0.356,-0.215,-0.209,0.002,-0.076,-0.067,-0.04,-1.138,0.051,-3.962,-2.447,-2.439,-2.113,-3.155,-2.236,-0.21,0.066
ACH-001188,SH-SY5Y,Peripheral Nervous System,Neuroblastoma,0.013,0.046,-0.611,-0.16,-0.099,-0.045,-0.089,-0.249,-1.019,0.216,-3.991,-2.579,-2.45,-2.633,-2.827,-2.283,-0.108,0.164
ACH-001190,SK-MEL-2,Skin,Melanoma,-1.43,-0.399,-0.167,-2.783,-0.143,-0.304,-0.142,0.001,-0.4,0.121,-4.354,-1.895,-2.371,-2.536,-1.995,-2.151,0.029,0.122
ACH-001192,SK-NEP-1,Bone,Ewing Sarcoma,0.015,0.038,-0.46,-0.337,-0.218,-0.454,-0.045,-0.137,-0.091,0.158,-3.588,-2.909,-2.191,-2.214,-2.857,-2.356,-0.019,0.057
ACH-001193,SK-PN-DW,Bone,Ewing Sarcoma,-0.174,-0.308,-0.359,-0.325,-0.034,-0.358,0.022,0.012,-0.123,0.172,-4.05,-2.897,-1.651,-1.839,-2.605,-2.086,0.019,0.081
ACH-001194,SK-RC-31,Kidney,Renal Cell Carcinoma,-0.176,0.017,0.089,-0.08,-1.117,-0.278,-0.085,-0.178,-0.378,-0.077,-3.83,-2.281,-2.098,-2.875,-2.65,-2.43,-0.036,0.026
ACH-001196,SMS-CTR,Soft Tissue,Rhabdomyosarcoma,-0.05,-0.021,-0.478,-0.204,-0.026,-0.259,0.047,-0.102,-0.173,0.103,-3.687,-2.689,-2.6,-2.142,-2.229,-2.134,-0.038,0.142
ACH-001197,SMZ-1,Lymphoid,Non-Hodgkin Lymphoma,-0.162,0.244,-0.021,-0.116,-0.172,-0.444,-0.129,-0.098,-0.156,0.125,-3.978,-3.01,-2.25,-2.001,-2.804,-1.811,-0.042,0.097
ACH-001205,TC-32,Bone,Ewing Sarcoma,0.051,0.228,-0.654,-0.17,-0.06,-0.488,-0.309,0.1,-1.032,0.176,-3.558,-3.322,-2.276,-2.814,-2.868,-1.68,0.004,0.149
ACH-001211,TTC-549,Soft Tissue,Rhabdoid Cancer,-0.294,-0.003,-0.358,-0.275,-0.139,-0.104,-0.247,-0.112,-0.926,0.066,-2.999,-2.047,-2.454,-2.679,-2.824,-1.795,-0.087,0.234
ACH-001227,UPCI-SCC-090,Head and Neck,Head and Neck Squamous Cell Carcinoma,-0.244,-0.289,-0.502,-0.293,-0.129,-0.383,-0.212,-1.047,-0.403,0.188,-4.938,-2.825,-1.936,-3.112,-3.36,-2.891,0.045,0.201
ACH-001228,UPCI-SCC-152,Head and Neck,Head and Neck Squamous Cell Carcinoma,-0.177,0.032,-0.43,-0.229,-0.092,-0.161,-0.195,-0.319,-0.299,0.115,-3.891,-2.913,-2.255,-2.472,-2.954,-2.599,-0.139,0.287
ACH-001229,UPCI-SCC-154,Head and Neck,Head and Neck Squamous Cell Carcinoma,-0.387,0.005,-0.129,-0.314,-0.057,-0.245,-0.052,-0.518,-0.373,0.038,-3.545,-2.664,-2.113,-2.475,-1.932,-2.157,-0.083,0.163
ACH-001232,UW228,CNS/Brain,Embryonal Tumor,-0.267,-0.127,-0.357,-0.677,-0.15,-0.235,-0.015,0.033,-0.39,0.115,-3.41,-2.565,-2.029,-2.406,-2.372,-2.032,-0.087,0.158
ACH-001233,VMRC-LCD,Lung,Non-Small Cell Lung Cancer,-0.438,-0.366,-0.373,0.057,-0.058,-0.384,0.035,0.132,-0.407,0.043,-3.584,-3.104,-2.094,-2.542,-3.141,-2.626,-0.095,0.111
ACH-001239,WM-266-4,Skin,Melanoma,-1.681,-1.603,-0.232,-0.592,-0.164,-0.139,-0.24,-0.039,-1.871,0.141,-4.071,-2.442,-1.566,-2.409,-2.144,-2.241,-0.071,0.197
ACH-001270,1273/99,Soft Tissue,Synovial Sarcoma,-0.082,-0.246,-0.543,0.001,-0.077,-0.573,0.107,-0.252,-0.171,0.113,-3.604,-2.978,-2.2,-2.382,-2.579,-1.791,-0.106,0.099
ACH-001274,SW982,Soft Tissue,Synovial Sarcoma,-0.214,-0.779,-0.372,-0.159,0.007,-0.134,-0.167,-0.371,-1.478,0.151,-3.452,-2.492,-2.397,-2.122,-1.918,-2.132,-0.151,-0.117
ACH-001275,SYO-1,Bone,Osteosarcoma,-0.224,-0.077,-0.365,-0.134,-0.166,-0.49,-0.696,-0.215,-0.939,-0.098,-3.569,-3.264,-2.367,-2.281,-2.58,-2.017,-0.126,0.159
ACH-001277,Yamato,Soft Tissue,Synovial Sarcoma,0.01,-0.002,-0.724,-0.158,-0.053,-0.161,-0.421,-0.015,-0.17,0.101,-3.719,-2.641,-2.266,-2.516,-3.124,-2.254,-0.079,-0.001
ACH-001278,BIN-67,Ovary/Fallopian Tube,Ovarian Epithelial Tumor,-0.305,0.021,-0.341,-0.137,-0.073,0.009,0.019,-0.172,-1.117,0.164,-3.751,-2.249,-2.271,-1.999,-2.929,-2.007,-0.07,-0.032
ACH-001279,SCCOHT-1,Ovary/Fallopian Tube,Ovarian Epithelial Tumor,-0.172,0.039,-0.453,-0.158,-0.124,-0.277,-0.039,-0.122,-0.989,0.134,-3.8,-2.183,-3.029,-1.719,-1.691,-2.046,-0.09,0.054
ACH-001280,SCS-214,Soft Tissue,Synovial Sarcoma,-0.244,0.206,-0.616,-0.127,-0.096,-0.113,-0.919,-0.308,-0.834,0.237,-3.852,-2.526,-2.546,-2.095,-2.363,-2.349,-0.145,0.182
ACH-001283,TC-106,Bone,Ewing Sarcoma,-0.052,0.041,-0.407,-0.428,-0.196,-0.262,-0.028,-0.014,-0.483,0.119,-3.83,-2.053,-1.934,-2.686,-2.379,-2.141,-0.074,0.026
ACH-001289,COG-AR-359,CNS/Brain,Embryonal Tumor,-0.28,0.261,-0.167,-0.257,-0.105,-0.256,-0.059,-0.054,-1.353,-0.071,-4.129,-2.62,-1.648,-2.182,-2.192,-2.317,-0.082,0.088
ACH-001295,Y-79,Eye,Retinoblastoma,-0.307,0.017,-0.173,-0.188,-0.061,-0.191,-0.11,-0.036,-1.538,0.052,-3.983,-2.714,-2.475,-2.244,-2.791,-1.989,-0.088,0.228
ACH-001300,CHLA-15,Peripheral Nervous System,Neuroblastoma,-0.115,-0.1,-0.556,-0.081,-0.163,0.004,-0.18,-0.129,-1.024,0.18,-3.309,-2.792,-2.906,-2.389,-3.03,-2.083,-0.198,0.168
ACH-001301,COG-N-278,Peripheral Nervous System,Neuroblastoma,-0.268,-0.125,-0.858,-0.469,-0.029,-0.416,-0.016,0.021,-1.066,0.151,-3.645,-2.922,-2.182,-2.225,-2.923,-2.322,-0.004,0.223
ACH-001302,COG-N-305,Peripheral Nervous System,Neuroblastoma,-0.27,-0.156,-0.782,-0.233,-0.117,0.014,-0.294,-0.314,-0.767,0.117,-3.615,-2.807,-2.271,-2.594,-2.547,-2.164,-0.037,0.284
ACH-001303,NB-1643,Peripheral Nervous System,Neuroblastoma,-0.17,0.069,-0.286,-0.362,0.067,-0.188,0.093,0.041,-0.264,0.121,-3.796,-3.177,-2.14,-2.829,-2.791,-1.644,-0.036,0.141
ACH-001306,8305C,Thyroid,Anaplastic Thyroid Cancer,-0.09,-1.458,-0.296,-0.267,-0.279,-0.496,-0.183,0.091,-0.369,0.084,-3.761,-2.563,-1.898,-2.124,-2.319,-2.255,0.003,0.14
ACH-001307,8505C,Thyroid,Anaplastic Thyroid Cancer,-0.164,-0.553,-0.246,-0.272,-0.121,-0.412,0.039,-0.059,-0.488,0.017,-4.012,-2.662,-2.258,-2.523,-2.458,-2.435,0.047,0.018
ACH-001310,HA1E,Kidney,Non-Cancerous,-0.291,0.004,-0.551,-0.257,-0.257,-0.063,-0.207,-0.168,-0.091,0.233,-3.772,-2.924,-2.439,-2.06,-2.106,-2.349,-0.162,0.094
ACH-001318,PLC/PRF/5,Liver,Hepatocellular Carcinoma,-0.14,-0.085,-0.361,-0.177,-0.34,-0.191,-0.358,-0.87,-0.138,0.22,-3.992,-2.175,-2.211,-2.135,-2.287,-2.302,-0.048,0.183
ACH-001322,CME-1,Soft Tissue,Synovial Sarcoma,0.168,0.069,-0.431,-0.264,-0.065,-0.696,-0.052,-0.159,-0.259,-0.011,-3.522,-2.929,-2.081,-1.835,-3.012,-2.114,0.082,0.256
ACH-001328,A-431,Skin,Cutaneous Squamous Cell Carcinoma,-0.277,0.117,-0.313,-0.288,-0.158,-0.141,-0.01,-0.76,-0.255,0.085,-4.122,-3.024,-2.525,-2.176,-2.423,-2.259,-0.053,0.185
ACH-001329,ANGM-CSS,CNS/Brain,Diffuse Glioma,-0.121,-0.03,-0.447,-0.131,-0.122,-0.195,-0.237,-0.28,-1.703,0.048,-3.613,-2.849,-1.986,-2.725,-2.393,-2.391,0.001,0.101
ACH-001331,BICR 10,Head and Neck,Head and Neck Squamous Cell Carcinoma,-0.064,-0.042,-0.322,-0.31,-0.078,-0.067,0.0,-0.094,-0.538,0.093,-4.74,-2.718,-1.885,-2.402,-2.146,-2.911,0.081,0.092
ACH-001332,BICR 78,Head and Neck,Head and Neck Squamous Cell Carcinoma,-0.248,0.168,-0.41,-0.437,-0.053,-0.094,-0.115,-0.891,-0.176,0.18,-3.881,-3.04,-1.443,-2.59,-2.928,-1.493,0.112,-0.067
ACH-001333,C-33 A,Cervix,Cervical Squamous Cell Carcinoma,0.019,0.048,-0.418,-0.071,-0.137,-0.018,-0.166,-0.292,-0.389,0.226,-3.951,-2.178,-2.111,-1.745,-2.922,-2.302,-0.164,0.054
ACH-001334,C-4 I,Cervix,Cervical Squamous Cell Carcinoma,-0.259,0.069,-0.187,-0.284,-0.099,-0.233,0.053,-0.738,-0.227,0.091,-4.062,-2.296,-2.488,-1.778,-1.935,-2.033,-0.09,0.111
ACH-001335,C-4 II,Cervix,Cervical Squamous Cell Carcinoma,-0.088,0.064,-0.3,-0.511,-0.219,-0.182,0.004,-0.819,-0.294,0.232,-4.134,-2.475,-2.401,-2.275,-2.545,-2.5,-0.156,0.158
ACH-001336,Ca Ski,Cervix,Cervical Squamous Cell Carcinoma,-0.088,-0.038,-0.248,-0.267,-0.463,-0.339,-0.171,-0.169,-0.266,0.114,-3.873,-2.848,-1.765,-2.207,-2.424,-2.376,-0.021,0.15
ACH-001338,CHP-134,Peripheral Nervous System,Neuroblastoma,-0.157,-0.078,-0.497,-0.156,-0.149,-0.305,0.11,-0.253,-0.883,0.355,-3.661,-2.569,-2.064,-2.436,-2.322,-2.064,-0.259,0.175
ACH-001340,COV413A,Ovary/Fallopian Tube,Ovarian Epithelial Tumor,-0.141,0.0,-0.512,-0.208,-1.258,-0.194,0.038,-0.874,-0.396,0.053,-4.087,-3.053,-2.329,-2.576,-2.83,-2.215,-0.06,0.15
ACH-001341,DoTc2 4510,Cervix,Mixed Cervical Carcinoma,-0.127,-0.066,-0.214,-0.246,-0.114,-0.259,-0.101,-0.561,-0.333,0.124,-3.526,-2.701,-1.909,-2.639,-2.822,-2.517,-0.106,0.094
ACH-001344,GI-ME-N,Peripheral Nervous System,Neuroblastoma,-0.521,-0.089,-0.639,-0.154,-0.167,-0.105,-0.217,-0.54,-0.801,0.025,-3.784,-2.782,-2.1,-2.365,-2.611,-2.145,-0.153,0.081
ACH-001345,GP5d,Bowel,Colorectal Adenocarcinoma,-0.179,0.048,-1.596,-0.367,-0.24,-0.653,-1.927,-0.395,-1.655,0.146,-4.155,-2.219,-2.071,-1.55,-3.039,-1.581,-0.01,-0.082
ACH-001346,H103,Head and Neck,Head and Neck Squamous Cell Carcinoma,-0.103,-0.011,-0.359,-0.276,-0.058,-0.26,0.0,-0.708,-0.258,-0.031,-3.843,-2.17,-1.125,-2.146,-2.732,-2.254,-0.1,0.16
ACH-001347,H157,Head and Neck,Head and Neck Squamous Cell Carcinoma,-0.205,0.012,-0.278,-0.111,-0.152,-0.362,-0.013,-0.427,-0.282,0.153,-4.132,-2.319,-2.284,-1.939,-2.65,-2.136,-0.159,0.066
ACH-001353,JOPACA-1,Pancreas,Pancreatic Adenocarcinoma,-0.36,-0.262,-2.117,-0.183,-0.29,-0.129,-0.28,-0.533,-0.452,0.219,-3.524,-2.591,-2.063,-2.245,-2.581,-2.198,-0.024,-0.022
ACH-001354,LAN-2,Peripheral Nervous System,Neuroblastoma,0.103,-0.039,-0.293,-0.169,-0.098,-0.123,-0.231,-0.341,-0.148,0.027,-3.867,-2.677,-2.647,-2.159,-2.789,-2.195,-0.306,0.064
ACH-001356,MB-1,Thyroid,Anaplastic Thyroid Cancer,-0.319,-0.053,-0.412,-0.376,-0.356,-0.233,-0.137,-0.075,-0.493,0.191,-3.658,-2.869,-1.717,-2.515,-2.378,-2.186,-0.051,0.102
ACH-001360,MS751,Cervix,Cervical Squamous Cell Carcinoma,-0.405,-0.143,-0.265,-0.323,-0.278,-0.333,-0.13,-0.126,-0.382,0.195,-3.805,-2.551,-2.037,-2.857,-3.191,-2.443,-0.144,0.15
ACH-001366,NGP,Peripheral Nervous System,Neuroblastoma,-0.452,0.014,-0.49,-0.146,-0.047,-0.039,-0.127,-0.208,-1.526,0.17,-3.786,-2.293,-1.289,-2.39,-3.217,-2.219,-0.044,0.137
ACH-001367,NMB,Peripheral Nervous System,Neuroblastoma,-0.131,-0.128,-0.674,-0.241,-0.063,-0.161,-0.024,0.109,-0.042,0.253,-3.429,-2.595,-2.36,-2.025,-2.58,-1.671,-0.133,-0.082
ACH-001368,OAC-M5.1,Esophagus/Stomach,Esophagogastric Adenocarcinoma,-0.173,0.073,-0.211,0.04,-0.125,-0.211,-0.117,-0.069,-0.403,0.058,-4.88,-2.283,-1.953,-3.021,-3.07,-2.247,-0.069,0.098
ACH-001370,OCI-P5x,Ovary/Fallopian Tube,Ovarian Epithelial Tumor,-0.351,-0.691,-0.541,-0.143,-0.731,-0.314,-0.211,0.012,-0.235,-0.001,-3.669,-2.623,-2.216,-2.302,-2.495,-2.018,0.125,0.215
ACH-001374,PA-1 [PA1],Ovary/Fallopian Tube,Ovarian Germ Cell Tumor,0.03,-0.004,-0.818,-0.518,-0.098,-0.437,-0.451,-0.133,-0.748,0.177,-3.597,-2.956,-2.243,-2.684,-2.975,-2.168,0.142,0.082
ACH-001375,PACADD-119,Pancreas,Pancreatic Adenocarcinoma,0.007,-0.104,-0.856,-0.113,0.011,-0.311,-0.091,-0.653,-0.205,0.143,-3.372,-2.568,-2.084,-2.828,-2.906,-2.172,-0.027,0.025
ACH-001377,PACADD-137,Pancreas,Pancreatic Adenocarcinoma,-0.161,-0.003,-0.723,-0.217,-0.257,-0.193,-0.192,-0.451,-1.58,0.29,-4.149,-2.417,-2.159,-2.009,-2.112,-2.247,-0.247,0.172
ACH-001379,PACADD-161,Pancreas,Pancreatic Adenocarcinoma,0.017,-0.164,-1.726,0.223,-0.079,-0.199,-0.36,-0.289,-0.162,0.165,-3.76,-2.39,-1.986,-2.305,-2.087,-2.148,0.063,0.153
ACH-001380,PACADD-165,Pancreas,Pancreatic Adenocarcinoma,-0.295,-0.01,-0.165,-0.231,-0.227,-0.246,-0.189,-0.256,-0.375,0.12,-3.078,-2.349,-2.042,-2.155,-2.615,-2.199,-0.032,0.053
ACH-001382,PACADD-188,Pancreas,Pancreatic Adenocarcinoma,-0.175,-0.035,-1.196,-0.075,-0.154,-0.472,-0.247,-0.463,-0.234,0.079,-3.587,-3.147,-2.204,-2.767,-2.772,-2.148,0.123,-0.035
ACH-001385,RPMI 2650,Head and Neck,"Head and Neck Carcinoma, Other",-0.422,-0.03,-0.343,-0.217,-0.135,-0.186,-0.117,-0.066,-1.182,0.127,-3.821,-2.346,-2.036,-2.26,-2.126,-2.237,-0.014,-0.045
ACH-001386,SCLC-22H,Lung,Lung Neuroendocrine Tumor,-0.205,-0.33,-0.225,-0.123,-0.026,-0.27,0.05,-0.083,-0.333,0.054,-3.66,-2.641,-1.911,-2.586,-2.416,-2.325,-0.073,0.086
ACH-001388,SUM-102PT,Breast,Invasive Breast Carcinoma,-0.135,0.104,-0.045,-0.091,-0.133,-0.239,-0.106,-0.364,-2.114,0.086,-3.968,-2.588,-2.473,-2.716,-2.723,-2.451,-0.089,0.13
ACH-001389,SUM-1315MO2,Breast,Invasive Breast Carcinoma,-0.057,-0.064,-0.079,-0.053,0.032,-0.387,-0.028,-0.073,-0.346,0.117,-3.954,-1.936,-1.999,-2.426,-2.67,-2.243,-0.039,0.214
ACH-001390,SUM-149PT,Breast,Invasive Breast Carcinoma,-0.521,-0.33,-0.302,-0.251,-0.069,-0.023,-0.168,-0.799,-0.249,0.202,-3.735,-2.398,-1.863,-2.18,-2.022,-2.241,-0.128,0.053
ACH-001391,SUM-159PT,Breast,Invasive Breast Carcinoma,-0.042,0.025,-0.084,-0.174,-0.038,-0.5,0.106,-0.372,-0.348,-0.138,-3.648,-2.733,-2.319,-2.75,-2.203,-2.677,-0.072,0.038
ACH-001392,SUM-185PE,Breast,Invasive Breast Carcinoma,-0.009,0.043,-0.763,-0.082,-0.12,-0.475,-0.173,-0.094,-0.145,0.127,-3.449,-2.747,-1.912,-2.548,-2.728,-1.842,0.109,0.131
ACH-001393,SUM-190PT,Breast,Invasive Breast Carcinoma,-0.151,-0.094,-0.743,-0.145,-0.239,-0.213,-0.093,-0.241,-0.286,0.215,-4.178,-2.189,-2.025,-1.997,-2.337,-2.353,0.013,0.032
ACH-001394,SUM-229PE,Breast,Invasive Breast Carcinoma,-0.353,-0.207,-1.914,-0.14,-0.03,-0.261,-0.227,-0.833,-0.334,-0.022,-4.011,-2.533,-1.603,-2.118,-2.382,-2.249,-0.006,0.061
ACH-001396,SUM-52PE,Breast,Invasive Breast Carcinoma,-0.104,0.127,-0.436,-0.207,-0.525,-0.131,-0.079,-0.055,-0.46,0.089,-3.892,-2.229,-1.866,-2.223,-2.63,-2.588,0.257,0.221
ACH-001398,SW 156,Kidney,Renal Cell Carcinoma,-0.075,0.185,-0.672,0.044,-0.607,-0.319,-0.225,-0.294,-1.297,0.067,-3.475,-2.298,-2.302,-2.717,-2.602,-2.323,0.042,0.337
ACH-001399,SW 626,Bowel,Colorectal Adenocarcinoma,0.02,-0.036,-2.956,0.222,-0.088,-0.335,-0.727,-0.454,-0.158,0.025,-4.555,-1.903,-2.477,-2.199,-2.817,-3.048,-0.034,0.401
ACH-001400,SW 954,Vulva/Vagina,Squamous Cell Carcinoma of the Vulva/Vagina,-0.273,0.09,-0.57,-0.475,-0.124,-0.312,-0.005,-0.699,-0.155,0.09,-3.628,-2.472,-1.995,-2.534,-2.678,-2.631,-0.142,0.031
ACH-001401,SW-13,Adrenal Gland,Adrenocortical Carcinoma,-0.164,0.167,-0.28,-0.297,-0.167,-0.224,0.052,-0.116,0.011,0.287,-4.199,-2.739,-1.941,-2.881,-2.942,-2.198,-0.11,0.262
ACH-001402,SW756,Cervix,Cervical Squamous Cell Carcinoma,-0.21,0.046,-1.573,-0.185,-0.082,-0.271,-0.146,-0.265,-0.205,0.096,-3.971,-2.306,-2.185,-2.364,-2.454,-2.143,-0.247,0.119
ACH-001403,TO14,Ovary/Fallopian Tube,Ovarian Epithelial Tumor,-0.189,0.121,-0.243,-0.142,-1.934,-0.174,-0.163,-0.222,-0.235,0.17,-4.073,-2.372,-2.031,-2.611,-3.199,-2.713,-0.006,0.216
ACH-001407,UM-UC-13,Bladder/Urinary Tract,Bladder Urothelial Carcinoma,-0.24,0.052,-0.348,-0.227,-0.035,-0.082,-0.226,-0.047,-0.255,0.198,-3.592,-2.513,-1.432,-2.41,-2.487,-2.433,-0.113,0.131
ACH-001408,UM-UC-14,Bladder/Urinary Tract,Urethral Cancer,-0.04,0.143,-0.359,-0.105,-0.114,-0.146,-0.119,-0.197,-0.153,0.079,-4.029,-2.665,-1.624,-2.106,-2.377,-1.931,0.115,0.149
ACH-001409,UM-UC-16,Bladder/Urinary Tract,Bladder Urothelial Carcinoma,0.048,-0.322,-1.136,-0.491,-0.084,-0.096,-0.033,-0.394,-0.139,0.06,-3.724,-2.915,-1.836,-2.233,-3.086,-2.059,-0.252,-0.1
ACH-001411,UM-UC-5,Bladder/Urinary Tract,Bladder Squamous Cell Carcinoma,-0.192,0.001,-0.782,-0.241,-0.14,-0.542,-0.068,-0.164,-0.22,-0.037,-3.707,-3.139,-2.399,-2.341,-2.682,-1.849,-0.048,0.227
ACH-001412,UM-UC-10,Bladder/Urinary Tract,Bladder Urothelial Carcinoma,-0.199,0.084,-0.264,-0.227,-0.094,-0.271,0.02,-0.61,-0.374,0.15,-3.446,-2.508,-2.581,-1.858,-3.221,-2.364,-0.103,0.039
ACH-001413,UM-UC-11,Bladder/Urinary Tract,Bladder Urothelial Carcinoma,-0.202,0.099,-0.408,-0.199,-0.083,-0.22,-0.222,-0.019,-1.114,0.146,-3.856,-2.39,-2.658,-1.959,-2.836,-1.827,0.016,-0.063
ACH-001414,UM-UC-6,Bladder/Urinary Tract,Bladder Urothelial Carcinoma,-0.184,0.251,-0.119,-0.091,-0.089,-0.187,-0.131,-0.366,-1.009,0.048,-3.748,-2.49,-2.437,-1.832,-2.426,-2.099,-0.049,0.153
ACH-001415,UM-UC7,Bladder/Urinary Tract,Bladder Urothelial Carcinoma,-0.058,0.12,-0.529,-0.231,-0.139,-0.374,0.093,-0.689,-0.21,-0.095,-3.895,-2.635,-1.816,-2.695,-3.072,-3.136,-0.046,0.059
ACH-001416,UM-UC9,Bladder/Urinary Tract,Bladder Urothelial Carcinoma,-0.023,-0.018,-0.357,-0.286,-0.25,-0.179,-0.196,-0.38,-0.129,0.163,-3.874,-2.73,-2.484,-1.784,-2.131,-1.836,-0.008,0.057
ACH-001418,UWB1.289,Ovary/Fallopian Tube,Ovarian Epithelial Tumor,-0.323,-0.161,-0.315,-0.267,-1.585,-0.229,0.022,-0.489,-0.294,0.084,-4.456,-2.409,-2.134,-2.854,-3.377,-2.304,-0.015,0.231
ACH-001419,VP229,Breast,Invasive Breast Carcinoma,-0.329,0.081,-0.914,-0.289,-0.17,-0.301,0.09,-0.441,-0.492,0.18,-3.563,-2.254,-1.744,-2.131,-2.056,-2.206,0.001,0.173
ACH-001421,WERI-Rb-1,Eye,Retinoblastoma,-0.22,0.094,-0.341,-0.154,-0.008,-0.134,0.141,-0.048,-1.242,0.12,-3.715,-2.539,-2.2,-2.223,-2.906,-1.925,-0.115,0.125
ACH-001422,WPE1-NA22,Prostate,Non-Cancerous,-0.194,0.019,-0.289,-0.204,-0.167,-0.297,-0.173,-1.03,-0.331,0.071,-4.0,-2.04,-2.038,-2.97,-2.669,-2.79,0.05,0.183
ACH-001430,TC-138,Bone,Ewing Sarcoma,0.24,-0.051,-0.727,0.009,-0.093,-0.465,-0.131,-0.068,-0.81,0.401,-3.387,-3.474,-2.259,-2.827,-2.941,-2.047,-0.004,0.042
ACH-001431,TC-205,Bone,Ewing Sarcoma,-0.123,0.104,-0.363,-0.194,-0.029,-0.235,-0.12,-0.179,-1.217,0.052,-3.846,-2.664,-2.551,-2.176,-2.238,-1.891,0.139,0.221
ACH-001433,CCLF_PEDS_0008_T,Soft Tissue,Epithelioid Sarcoma,-0.084,-0.087,-0.262,-0.318,-0.256,-0.036,0.097,-0.146,-0.241,0.123,-4.033,-2.335,-2.168,-2.175,-2.756,-2.242,-0.21,0.194
ACH-001436,1411H,Testis,Non-Seminomatous Germ Cell Tumor,-0.341,-0.057,-0.273,-0.226,-0.183,-0.092,-0.314,-0.129,-1.074,0.039,-3.567,-1.779,-1.801,-1.731,-2.391,-2.205,-0.08,0.075
ACH-001442,A388,Skin,Cutaneous Squamous Cell Carcinoma,-0.32,0.125,-0.342,-0.233,-0.056,-0.315,-0.289,-1.226,-0.398,0.205,-3.533,-2.988,-2.233,-2.673,-1.701,-1.877,0.054,0.169
ACH-001443,ASH-3,Thyroid,Anaplastic Thyroid Cancer,-0.286,0.15,0.059,-0.752,-0.146,-0.218,-0.175,-0.238,-0.368,0.152,-3.924,-2.971,-1.816,-2.501,-2.201,-2.151,0.006,0.204
ACH-001450,BLUE-1,Lymphoid,Mature B-Cell Neoplasms,-0.253,-0.049,-0.223,-0.143,-0.161,-1.245,-0.009,-0.075,-0.146,-0.062,-4.029,-2.456,-2.449,-2.65,-0.835,-1.909,0.031,-0.072
ACH-001451,BOKU,Cervix,Cervical Squamous Cell Carcinoma,0.013,-0.132,-0.435,-0.184,-0.616,-0.074,0.022,-0.141,-0.336,-0.001,-3.826,-2.703,-1.241,-2.384,-2.221,-1.872,0.095,0.206
ACH-001453,BPH-1,Prostate,Non-Cancerous,-0.012,-0.064,-0.854,-0.416,-0.235,-0.048,-0.024,-1.292,-0.553,-0.019,-3.688,-2.575,-2.126,-1.875,-2.382,-1.845,-0.014,0.049
ACH-001454,C10,Bowel,Colorectal Adenocarcinoma,-0.56,0.051,-0.711,-0.541,-0.084,-0.288,-0.032,0.036,-1.365,0.037,-3.859,-2.462,-2.053,-2.376,-2.598,-2.178,0.024,0.259
ACH-001458,C75,Bowel,Colorectal Adenocarcinoma,0.02,-0.847,-0.928,-0.566,0.006,-1.243,-1.154,-1.119,-0.202,0.134,-3.697,-2.396,-2.424,-2.695,-2.605,-2.587,-0.019,0.136
ACH-001459,C80,Bowel,Colorectal Adenocarcinoma,0.181,-0.487,-1.322,-0.138,-0.14,-0.435,-1.163,-0.407,-0.105,0.129,-3.732,-3.029,-1.973,-2.774,-2.857,-2.488,-0.035,0.235
ACH-001460,C84,Bowel,Colorectal Adenocarcinoma,-0.416,-0.083,-2.231,-0.081,-0.146,-0.306,-2.096,-0.94,-0.251,0.207,-4.413,-1.841,-1.326,-1.88,-1.817,-2.251,-0.038,0.155
ACH-001461,C99,Bowel,Colorectal Adenocarcinoma,-0.002,-0.24,-0.919,-0.366,-0.175,-0.436,-1.02,-0.474,-0.985,0.233,-3.726,-3.086,-2.305,-2.65,-2.466,-2.381,0.131,0.263
ACH-001481,CHLA-90,Peripheral Nervous System,Neuroblastoma,0.008,-0.207,-0.105,-0.268,-0.145,-0.456,-0.122,-0.334,-0.241,0.232,-3.655,-2.587,-2.098,-2.267,-2.354,-2.017,-0.002,0.198
ACH-001484,CI,Lymphoid,Mature B-Cell Neoplasms,-0.258,-0.116,-0.39,-0.26,-0.047,0.249,-0.03,-0.175,-1.281,0.087,-3.846,-2.876,-2.372,-2.34,-2.822,-2.117,-0.111,0.073
ACH-001494,EGI-1,Biliary Tract,Intraductal Papillary Neoplasm of the Bile Duct,-0.261,-0.211,-2.997,-0.15,-0.124,-0.306,-0.458,-0.33,-0.529,0.101,-4.524,-2.767,-1.881,-2.072,-2.526,-2.205,-0.043,-0.07
ACH-001495,EMTOKA,Uterus,Endometrial Carcinoma,-0.576,-0.01,-0.507,-0.267,-1.806,-0.311,-0.206,-0.709,-0.446,-0.01,-3.965,-1.968,-2.146,-2.142,-2.6,-2.5,0.029,0.042
ACH-001496,ESO26,Esophagus/Stomach,Esophagogastric Adenocarcinoma,-0.085,-0.06,-0.519,-0.163,-0.11,-0.267,-0.071,-1.161,-0.274,0.051,-4.64,-2.135,-1.938,-1.947,-2.188,-2.488,-0.167,0.153
ACH-001497,ESO51,Esophagus/Stomach,Esophagogastric Adenocarcinoma,-0.298,-0.039,-0.217,-0.151,-0.053,-0.21,-0.49,0.169,-0.283,-0.163,-4.271,-2.912,-2.469,-2.719,-1.928,-2.208,-0.251,0.005
ACH-001498,Farage,Lymphoid,Mature B-Cell Neoplasms,-0.26,-0.111,-0.323,-0.221,-0.075,-0.22,0.007,-0.095,-1.04,0.255,-4.005,-3.253,-2.741,-2.272,-2.313,-2.351,-0.06,0.152
ACH-001500,FLO-1,Esophagus/Stomach,Esophagogastric Adenocarcinoma,-0.283,-0.052,-0.217,-0.166,-0.084,-0.167,-0.099,0.008,-0.161,0.104,-4.137,-2.43,-2.249,-2.45,-3.186,-1.969,-0.093,0.141
ACH-001508,H314,Head and Neck,Head and Neck Squamous Cell Carcinoma,-0.017,-0.048,-0.219,-0.034,-0.131,-0.207,0.005,-0.499,-0.082,-0.025,-3.855,-2.345,-2.198,-2.33,-2.35,-2.467,0.0,0.124
ACH-001509,H357,Head and Neck,Head and Neck Squamous Cell Carcinoma,0.013,-0.008,-0.058,-0.303,0.003,-0.426,-0.05,-0.738,-0.089,-0.137,-3.927,-2.789,-1.543,-2.303,-2.915,-2.455,-0.066,0.31
ACH-001510,H376,Head and Neck,Head and Neck Squamous Cell Carcinoma,-0.382,-0.171,-0.399,-0.089,-0.058,-0.174,-0.015,-0.181,-0.369,0.101,-4.014,-2.333,-2.181,-2.008,-2.406,-1.918,-0.089,0.247
ACH-001511,H413,Head and Neck,Head and Neck Squamous Cell Carcinoma,-0.169,-0.126,-0.697,-0.555,-0.166,-0.218,-0.076,-0.313,-0.332,-0.003,-4.039,-2.451,-2.319,-2.237,-2.858,-2.267,-0.081,0.253
ACH-001513,HCA-1,Cervix,Cervical Adenocarcinoma,-0.044,0.025,-0.341,-0.086,-0.1,-0.289,-0.885,-0.552,-0.385,0.136,-3.821,-2.693,-1.95,-2.782,-3.049,-2.47,-0.005,0.14
ACH-001515,HCS-2,Cervix,Cervical Squamous Cell Carcinoma,-0.217,-0.117,-0.158,-0.433,-0.2,-0.351,-0.108,-0.549,-0.372,0.198,-3.774,-2.987,-1.921,-2.453,-2.978,-1.82,-0.036,0.025
ACH-001517,HEC-1,Uterus,Endometrial Carcinoma,-0.239,-0.056,-0.935,-0.187,-0.63,-0.203,-0.087,-0.038,-0.299,0.13,-4.174,-2.638,-1.944,-2.843,-2.902,-2.503,0.029,0.053
ACH-001518,HEC-116,Uterus,Endometrial Carcinoma,-0.333,-0.003,-0.183,-0.223,-1.267,-0.512,0.007,-0.275,-0.235,0.16,-3.865,-2.032,-1.469,-2.726,-2.987,-2.661,-0.139,0.164
ACH-001520,HG-3,Lymphoid,Non-Cancerous,0.015,-0.215,-0.206,-0.297,0.028,-0.506,0.108,-0.117,-0.957,0.192,-3.599,-2.601,-1.897,-2.157,-2.66,-1.875,-0.194,-0.116
ACH-001521,HKA-1,Skin,Cutaneous Squamous Cell Carcinoma,-0.245,-0.237,-1.609,0.211,-0.171,-0.268,0.088,-0.428,-0.204,0.078,-3.887,-2.736,-2.473,-2.308,-2.585,-2.409,-0.067,0.235
ACH-001522,HMY-1,Skin,Melanoma,-1.942,-1.6,-0.134,-0.267,-0.271,-0.231,0.012,-0.172,-1.911,0.024,-4.059,-2.212,-2.353,-2.161,-2.634,-2.02,0.028,0.149
ACH-001523,HSC-1,Skin,Cutaneous Squamous Cell Carcinoma,-0.301,0.096,-0.5,-0.203,-0.115,-0.181,-0.022,-0.413,-0.236,0.199,-4.129,-2.459,-1.504,-1.934,-2.458,-2.352,-0.122,0.16
ACH-001524,HSC-5,Skin,Cutaneous Squamous Cell Carcinoma,-0.151,-0.119,-0.449,-0.192,-0.083,-0.266,-0.062,-0.594,-0.323,0.149,-3.922,-2.449,-2.096,-1.967,-2.506,-2.54,-0.112,0.173
ACH-001525,HT-3,Cervix,Cervical Adenocarcinoma,-0.105,0.146,-0.173,-0.091,-0.047,-0.05,-0.069,-0.06,-0.256,0.067,-4.074,-2.412,-0.668,-1.797,-1.516,-1.823,-0.116,0.137
ACH-001526,HuO9,Bone,Osteosarcoma,-0.381,0.071,-0.339,-0.054,-0.124,-0.179,-0.978,-0.166,-0.403,0.111,-3.817,-2.642,-2.545,-2.086,-2.482,-2.384,0.185,0.379
ACH-001528,IHH-4,Thyroid,Well-Differentiated Thyroid Cancer,-0.022,-0.947,-0.288,-0.099,-0.124,-0.191,-0.101,-0.135,-0.928,-0.043,-3.971,-2.407,-2.473,-2.05,-2.753,-1.885,0.011,0.05
ACH-001529,JAR,Uterus,Gestational Trophoblastic Disease,-0.284,0.122,-0.083,-0.248,-0.107,-0.205,-0.048,-0.081,-0.831,0.182,-3.892,-2.427,-1.497,-1.527,-2.258,-2.157,0.058,0.143
ACH-001530,JEG-3,Uterus,Gestational Trophoblastic Disease,-0.14,-0.066,-0.095,-0.185,-0.224,-0.05,-0.176,-0.036,-1.176,0.247,-4.044,-2.286,-2.375,-2.285,-2.422,-2.591,-0.142,0.17
ACH-001532,JMU-RTK-2,Kidney,Rhabdoid Cancer,-0.233,-0.064,-0.371,-0.067,-0.039,-0.091,-0.471,-0.126,-1.532,0.024,-3.979,-2.412,-2.696,-2.19,-2.448,-2.251,-0.059,-0.014
ACH-001533,KARPAS 1718,Lymphoid,Mature B-Cell Neoplasms,-0.12,-0.152,-0.407,-0.211,-0.12,-1.353,0.013,-0.196,-0.358,0.126,-3.624,-2.678,-2.249,-2.425,-2.241,-2.099,-0.052,0.116
ACH-001536,KKU-100,Biliary Tract,Intraductal Papillary Neoplasm of the Bile Duct,-0.1,0.217,-0.97,-0.036,-0.114,-0.248,0.029,-0.359,-0.733,0.038,-3.742,-2.46,-2.317,-2.532,-3.008,-2.102,-0.088,0.062
ACH-001538,KKU-213,Biliary Tract,Intraductal Papillary Neoplasm of the Bile Duct,-0.341,0.102,-1.116,-0.248,-0.162,-0.287,-0.013,-0.36,-0.323,-0.026,-3.933,-2.701,-1.751,-1.945,-2.059,-2.503,-0.073,-0.046
ACH-001539,KML-1,Lymphoid,Mature B-Cell Neoplasms,-0.188,-0.224,-0.442,0.023,-0.179,-0.764,-0.102,-0.254,-0.232,0.202,-3.941,-2.865,-2.057,-2.789,-2.518,-1.615,0.112,-0.113
ACH-001542,KON,Head and Neck,Head and Neck Squamous Cell Carcinoma,-0.243,-0.18,-0.17,-0.294,-0.158,-0.219,-0.251,-0.527,-0.329,0.124,-4.505,-2.445,-1.176,-1.913,-2.727,-2.107,-0.147,-0.07
ACH-001543,KOSC-2,Head and Neck,Head and Neck Squamous Cell Carcinoma,-0.431,-0.003,-0.385,-0.24,-0.148,-0.23,-0.091,-0.071,-0.266,0.086,-4.05,-2.678,-2.253,-1.68,-2.733,-2.613,-0.077,-0.088
ACH-001544,KYAE-1,Esophagus/Stomach,Esophagogastric Adenocarcinoma,-0.133,-0.368,-0.776,-0.217,-0.02,0.12,-0.164,-0.671,-0.457,0.272,-4.525,-2.08,-1.997,-2.869,-2.568,-2.45,0.083,-0.092
ACH-001547,LO68,Pleura,Pleural Mesothelioma,-0.23,0.132,-0.279,-0.173,-0.092,-0.237,-0.348,-0.035,-1.173,0.037,-3.658,-2.401,-2.37,-1.63,-2.957,-2.082,-0.128,0.015
ACH-001548,LS,Peripheral Nervous System,Neuroblastoma,0.262,-0.136,-0.501,-0.019,0.07,-0.33,-0.103,-0.19,-0.184,-0.215,-3.629,-3.072,-2.265,-2.525,-2.728,-1.551,0.035,0.576
ACH-001549,Lu-135,Lung,Lung Neuroendocrine Tumor,-0.157,0.094,-0.29,-0.177,0.001,-0.296,-0.06,0.06,-0.357,0.05,-3.768,-2.692,-2.583,-2.879,-2.862,-2.433,-0.153,0.127
ACH-001550,MCC13,Skin,Merkel Cell Carcinoma,-0.199,-0.186,-0.426,-0.158,-0.09,-0.167,0.136,-0.186,-0.1,0.095,-3.529,-2.909,-2.17,-2.432,-2.429,-2.244,-0.088,0.014
ACH-001551,MCC14/2,Skin,Merkel Cell Carcinoma,-0.241,-0.086,-0.011,-0.084,-0.035,-0.122,-0.104,-0.078,-0.358,0.072,-3.927,-2.585,-2.311,-2.192,-2.171,-1.875,-0.064,0.249
ACH-001552,MCC26,Skin,Merkel Cell Carcinoma,-0.064,-0.029,-0.3,-0.051,-0.06,-0.266,-0.055,-0.042,-0.339,0.109,-3.322,-2.849,-1.963,-2.435,-2.752,-2.328,0.095,0.102
ACH-001554,mel-202,Eye,Ocular Melanoma,-0.569,0.024,-0.39,-0.148,-0.06,-0.285,-0.18,-0.116,-0.656,0.129,-4.135,-2.646,-1.924,-2.135,-2.626,-2.292,-0.048,0.134
ACH-001555,Mero-14,Pleura,Pleural Mesothelioma,-0.196,-0.023,-0.987,-0.313,-0.039,0.113,-0.092,-0.369,-1.549,-0.029,-3.927,-2.559,-2.559,-2.565,-1.234,-1.667,-0.146,0.185
ACH-001556,Mero-25,Pleura,Pleural Mesothelioma,-0.196,0.003,-0.221,-0.146,-0.04,-0.326,-0.051,-0.271,-0.363,0.151,-3.866,-2.73,-1.859,-1.723,-2.711,-1.831,-0.206,0.163
ACH-001557,Mero-41,Pleura,Pleural Mesothelioma,-0.472,0.144,-0.359,0.103,-0.048,-0.156,0.0,-0.035,-1.452,0.011,-3.944,-2.18,-2.353,-1.841,-2.525,-2.027,-0.201,0.22
ACH-001558,Mero-48a,Pleura,Pleural Mesothelioma,0.09,-0.212,-0.319,-0.248,-0.296,-0.27,0.062,-0.101,-1.258,0.296,-3.832,-2.456,-2.362,-2.377,-2.551,-2.172,-0.243,0.189
ACH-001559,Mero-82,Pleura,Pleural Mesothelioma,-0.422,-0.024,-0.37,-0.307,-0.156,-0.312,-0.172,-0.108,-0.414,0.164,-3.971,-2.775,-2.439,-1.706,-2.758,-1.949,-0.014,0.084
ACH-001560,Mero-83,Pleura,Pleural Mesothelioma,-0.328,-0.189,-0.077,-0.237,-0.038,-0.341,-0.252,-0.403,-1.81,0.011,-3.871,-2.41,-1.974,-2.307,-2.627,-2.316,-0.086,0.188
ACH-001562,Mero-95,Pleura,Pleural Mesothelioma,-0.267,-0.074,-0.141,-0.134,-0.151,-0.116,-0.207,-0.404,-1.197,0.067,-2.94,-2.433,-2.263,-2.327,-2.494,-1.946,-0.037,0.073
ACH-001563,MM127,Skin,Melanoma,-0.07,-0.807,-0.309,-1.887,-0.014,-0.275,-0.46,-0.081,-2.197,-0.01,-3.708,-3.22,-2.307,-2.512,-2.6,-2.124,0.02,0.174
ACH-001566,MM370,Skin,Melanoma,-1.691,-1.127,-0.303,-0.199,-0.216,-0.308,-0.17,0.027,-1.156,0.113,-3.934,-2.154,-2.507,-2.17,-3.003,-2.142,-0.113,0.197
ACH-001567,MM383,Skin,Melanoma,-2.068,-1.435,-0.247,-0.13,-0.215,-0.346,-0.075,-0.254,-1.24,0.139,-4.033,-2.374,-2.98,-2.17,-2.784,-2.266,-0.061,0.087
ACH-001568,MM386,Skin,Melanoma,-1.516,-1.052,-0.131,-0.297,-0.006,-0.353,-0.244,0.1,-0.218,0.142,-3.591,-2.799,-2.122,-2.683,-2.158,-2.083,-0.141,0.137
ACH-001570,MM426,Skin,Melanoma,-1.836,-1.298,-0.36,-0.235,-0.251,-0.07,-0.395,-0.026,-1.115,0.002,-4.136,-2.587,-2.787,-2.31,-2.055,-2.012,0.004,-0.003
ACH-001574,MOLM-14,Myeloid,Acute Myeloid Leukemia,-0.024,-0.007,-0.527,-0.204,-0.17,-0.941,-0.031,-0.13,-0.864,0.151,-3.799,-3.141,-2.637,-1.884,-2.747,-2.014,-0.117,0.119
ACH-001577,MUTZ-8,Myeloid,Acute Myeloid Leukemia,0.038,-0.195,-0.523,-0.262,-0.139,-0.704,-0.087,-0.003,-0.317,-0.071,-3.854,-2.59,-2.469,-2.361,-1.503,-2.1,-0.177,0.176
ACH-001603,NH-12,Peripheral Nervous System,Neuroblastoma,-0.328,-0.075,-0.004,-0.174,-0.069,-0.392,-0.201,-0.268,-1.782,0.169,-4.374,-2.366,-1.617,-2.137,-2.21,-3.122,-0.231,0.251
ACH-001605,no.10,CNS/Brain,Diffuse Glioma,-0.148,0.109,-0.257,-0.468,-0.083,-0.418,-0.087,-0.13,-0.252,0.13,-3.67,-1.873,-1.729,-3.279,-2.93,-2.628,-0.011,0.204
ACH-001606,no.11,CNS/Brain,Diffuse Glioma,-0.158,-0.032,-0.286,-0.269,-0.241,-0.394,-0.079,-0.09,-0.399,0.086,-4.186,-2.472,-1.908,-3.017,-2.623,-2.672,-0.067,0.239
ACH-001607,NOZ,Biliary Tract,Intracholecystic Papillary Neoplasm,-0.196,-0.118,-1.869,-0.119,-0.026,-0.394,-0.506,0.06,-0.411,0.154,-3.77,-2.972,-1.65,-2.755,-2.727,-2.445,0.05,0.116
ACH-001608,NP 2,CNS/Brain,Diffuse Glioma,-0.27,-0.234,-0.221,-0.182,-0.112,-0.318,-0.121,-0.07,-0.136,0.218,-3.986,-2.036,-2.192,-2.272,-3.396,-2.262,-0.202,0.055
ACH-001609,NP 3,CNS/Brain,Diffuse Glioma,0.012,0.02,-0.237,-0.222,-0.125,-0.304,-0.017,-0.034,-0.252,0.056,-3.818,-3.124,-2.052,-2.554,-2.659,-2.129,-0.028,0.169
ACH-001610,NP 5,CNS/Brain,Diffuse Glioma,-0.196,-0.125,-0.699,-0.373,-0.283,-0.185,-0.641,0.021,-0.114,0.152,-3.719,-2.389,-2.105,-1.992,-2.543,-1.85,0.039,0.152
ACH-001611,NP 8,CNS/Brain,Diffuse Glioma,-0.142,-0.411,-0.333,-0.168,-0.094,0.055,0.115,-0.198,-0.323,0.055,-3.987,-2.498,-1.85,-2.225,-1.772,-2.346,-0.084,0.078
ACH-001613,OCI-AML4,Myeloid,Acute Myeloid Leukemia,0.109,-0.11,-0.049,-1.044,-0.075,-1.046,-0.108,-0.136,-0.855,0.095,-3.808,-2.33,-2.39,-2.412,-2.643,-1.83,-0.073,0.215
ACH-001616,OCI-LY18,Lymphoid,Mature B-Cell Neoplasms,-0.082,0.013,-0.244,-0.257,-0.137,-1.706,-0.08,-0.108,-1.729,0.142,-3.88,-2.5,-2.678,-2.17,-2.652,-2.196,-0.03,0.059
ACH-001618,OCI-M2,Myeloid,Acute Myeloid Leukemia,-0.415,-0.049,-0.175,-1.538,-0.259,-1.137,-0.021,0.057,-0.419,-0.01,-4.202,-2.634,-2.584,-1.978,-1.627,-2.011,-0.081,0.177
ACH-001619,OCUG-1,Biliary Tract,Intracholecystic Papillary Neoplasm,-0.001,-0.129,-0.192,-0.369,-0.327,-0.268,-0.111,-1.017,-0.202,0.052,-4.992,-2.439,-2.197,-3.062,-2.192,-2.499,-0.169,0.187
ACH-001622,Onda 7,CNS/Brain,Diffuse Glioma,-0.272,-0.129,-0.407,-0.297,-0.096,-0.367,-0.083,0.073,-1.459,0.079,-3.822,-2.527,-1.972,-2.314,-2.645,-2.279,-0.021,0.122
ACH-001623,Onda 8,CNS/Brain,Diffuse Glioma,-0.057,-0.106,-0.345,-0.141,-0.097,-0.417,-0.232,-0.068,-0.115,0.001,-3.614,-2.671,-2.002,-2.34,-2.495,-2.121,-0.013,0.039
ACH-001624,Onda 9,CNS/Brain,Diffuse Glioma,-0.112,0.016,-0.412,-0.072,-0.219,-0.286,0.002,-0.103,-1.487,-0.083,-3.761,-2.473,-2.513,-2.934,-2.349,-2.756,-0.074,0.159
ACH-001625,OSC-19,Head and Neck,Head and Neck Squamous Cell Carcinoma,-0.251,-0.366,-0.436,-0.149,-0.167,-0.061,-0.005,-0.801,-0.302,0.133,-4.33,-2.257,-1.459,-2.902,-2.558,-2.624,0.261,-0.06
ACH-001626,OSC-20,Head and Neck,Head and Neck Squamous Cell Carcinoma,-0.37,-0.098,-0.179,-0.454,-0.144,-0.479,-0.04,-0.985,-0.211,0.121,-4.594,-2.601,-1.861,-3.128,-2.916,-2.793,0.043,0.24
ACH-001627,P4E6,Prostate,Non-Cancerous,-0.32,0.031,-0.203,-0.237,-0.123,-0.214,-0.147,-0.904,-0.34,-0.031,-3.847,-2.169,-1.286,-2.289,-2.594,-2.243,-0.101,0.131
ACH-001628,PEA1,Ovary/Fallopian Tube,Ovarian Epithelial Tumor,-0.191,0.142,-0.082,-0.099,-1.224,-0.237,-0.233,-0.185,-0.347,0.093,-3.751,-2.526,-2.077,-1.752,-1.966,-2.358,-0.146,0.043
ACH-001630,PEO1,Ovary/Fallopian Tube,Ovarian Epithelial Tumor,-0.163,-0.081,-0.21,-0.313,-0.684,-0.243,-0.255,-0.211,-0.331,-0.771,-4.665,-2.357,-1.796,-2.821,-2.488,-2.264,0.022,0.062
ACH-001632,PEO4,Ovary/Fallopian Tube,Ovarian Epithelial Tumor,-0.097,-0.077,-0.283,-0.338,-0.721,-0.339,-0.026,-0.063,-0.184,-0.91,-4.77,-2.095,-2.173,-2.63,-2.94,-2.686,-0.253,0.175
ACH-001634,PGA-1,Lymphoid,Mature B-Cell Neoplasms,-0.161,-0.239,-1.012,-0.053,-0.0,-0.334,-0.123,-0.106,-1.199,0.138,-4.109,-2.415,-2.35,-1.641,-2.981,-2.366,-0.006,0.01
ACH-001639,ROS-50,Lymphoid,Mature B-Cell Neoplasms,0.012,0.585,-0.066,-0.034,-0.235,-1.097,0.133,0.196,-0.208,-0.055,-4.304,-2.149,-2.352,-2.566,-2.342,-3.106,-0.009,0.238
ACH-001641,SAT,Head and Neck,Head and Neck Squamous Cell Carcinoma,-0.149,0.01,-0.289,-0.203,-0.181,-0.083,-0.092,-0.983,-0.139,0.027,-3.911,-2.299,-1.979,-1.633,-2.21,-2.47,0.001,0.181
ACH-001642,SCC-3,Lymphoid,Non-Hodgkin Lymphoma,0.057,-0.023,-0.432,-0.308,-0.134,-0.703,-0.185,-0.33,-0.265,-0.119,-3.537,-2.804,-2.17,-2.374,-2.533,-1.946,-0.088,0.151
ACH-001643,SCCH-196,Bone,Ewing Sarcoma,-0.302,0.113,-0.357,-0.116,-0.214,-0.192,-0.184,-0.155,-1.461,0.099,-4.184,-2.435,-2.335,-2.405,-2.76,-2.467,-0.066,0.12
ACH-001645,SEKI,Skin,Melanoma,-1.661,-1.425,-0.268,-0.201,-0.041,-0.279,0.043,-0.028,-1.527,-0.066,-3.85,-2.036,-2.122,-2.568,-2.718,-2.116,-0.058,0.099
ACH-001647,SHI-1,Myeloid,Acute Myeloid Leukemia,-0.502,-0.347,-0.698,-0.03,-0.121,-1.398,-0.107,-0.021,-0.277,-0.053,-4.052,-2.681,-2.683,-2.789,-1.644,-2.044,-0.078,0.122
ACH-001648,Shmac 4,Prostate,Non-Cancerous,-0.165,-0.034,-0.214,-0.226,-0.115,-0.255,0.062,-0.959,-0.224,-0.006,-4.002,-2.283,-2.046,-2.164,-2.179,-2.195,-0.033,0.072
ACH-001649,Shmac 5,Prostate,Non-Cancerous,-0.187,0.005,-0.294,-0.422,-0.227,-0.273,-0.029,-1.198,-0.395,0.037,-3.896,-2.143,-2.166,-2.054,-1.296,-1.877,-0.153,0.047
ACH-001650,SISO,Cervix,Cervical Adenocarcinoma,-0.209,-0.017,-1.248,-0.195,-0.093,-0.282,-0.152,-0.527,-0.337,0.085,-1.879,-3.197,-3.072,-2.787,-1.884,-2.249,-0.102,0.103
ACH-001651,SKG-I,Cervix,Cervical Squamous Cell Carcinoma,-0.136,0.056,-0.23,-0.289,-0.125,-0.346,-0.052,-0.426,-0.339,0.381,-3.838,-2.644,-2.146,-2.578,-2.687,-2.316,0.05,0.335
ACH-001652,SKG-II,Cervix,Cervical Squamous Cell Carcinoma,-0.123,0.041,-0.258,-0.333,-0.097,-0.354,0.059,-0.357,-0.354,0.116,-2.926,-2.219,-2.199,-2.214,-2.865,-2.166,0.05,0.174
ACH-001653,SK-GT-2,Esophagus/Stomach,Esophagogastric Adenocarcinoma,0.005,0.202,-0.472,-0.154,-0.3,-0.221,-0.155,-0.208,-0.141,0.149,-3.84,-2.565,-2.287,-2.272,-1.798,-1.852,0.061,0.092
ACH-001654,SK-GT-4,Esophagus/Stomach,Esophagogastric Adenocarcinoma,-0.179,-0.112,-2.247,-0.08,-0.082,-0.168,-0.081,-1.284,-0.25,0.021,-4.465,-2.486,-1.955,-2.245,-2.692,-2.264,-0.022,0.198
ACH-001655,SKN,Uterus,Uterine Sarcoma/Mesenchymal,-0.019,-0.054,-0.782,-0.337,-0.456,-0.165,-0.167,-0.012,-0.156,0.063,-3.589,-2.982,-2.04,-2.527,-2.592,-1.813,0.099,0.162
ACH-001656,SKNO-1,Myeloid,Acute Myeloid Leukemia,-0.188,-0.119,-0.54,-0.068,-0.068,-1.15,-0.079,-0.232,-0.204,0.047,-3.88,-2.288,-2.333,-2.164,-2.451,-2.15,-0.076,0.08
ACH-001662,SNU-2372,Breast,Invasive Breast Carcinoma,-0.157,-0.177,-0.636,-0.236,-0.183,-0.161,-0.236,-0.174,-0.339,-0.128,-4.014,-2.133,-1.348,-1.899,-3.47,-3.352,-0.116,-0.06
ACH-001664,SNU-638,Esophagus/Stomach,Esophagogastric Adenocarcinoma,-0.108,0.009,-0.11,-0.082,-0.064,-0.304,-0.832,-0.092,-0.712,0.032,-3.949,-2.469,-2.259,-2.584,-2.909,-2.21,-0.021,0.159
ACH-001668,SUSA,Testis,Non-Seminomatous Germ Cell Tumor,-0.365,0.065,-0.582,-0.306,-0.244,0.006,0.114,-0.24,-0.868,0.287,-3.797,-2.46,-2.373,-1.594,-2.767,-2.375,0.165,0.394
ACH-001669,TANOUE,Lymphoid,B-Cell Acute Lymphoblastic Leukemia,-0.104,-0.043,-0.158,-0.11,-0.144,-1.327,-0.066,0.01,-0.264,0.125,-3.614,-2.416,-1.325,-2.451,-1.934,-2.219,-0.113,0.21
ACH-001670,TASK1,CNS/Brain,Embryonal Tumor,-0.337,-0.038,-0.371,-0.164,-0.205,-0.127,-0.029,-0.11,-0.185,-0.033,-3.635,-2.201,-1.637,-2.189,-2.716,-2.249,-0.226,-0.051
ACH-001673,TFK-1,Biliary Tract,Intraductal Papillary Neoplasm of the Bile Duct,-0.214,-0.0,-0.133,-0.25,-0.076,-0.165,-0.154,-0.468,-0.281,0.169,-3.937,-2.529,-2.47,-2.646,-2.715,-2.328,-0.09,0.15
ACH-001674,TGW,Peripheral Nervous System,Neuroblastoma,-0.187,0.062,-0.294,-0.176,-0.176,-0.184,-0.022,-0.094,-0.091,0.057,-4.326,-2.245,-1.726,-2.388,-2.736,-2.488,-0.18,0.205
ACH-001675,TR146,Head and Neck,Head and Neck Squamous Cell Carcinoma,-0.188,-0.123,-0.313,-0.244,-0.128,-0.082,-0.101,-0.889,-0.16,0.128,-4.392,-2.184,-1.722,-2.337,-2.144,-2.461,-0.088,0.097
ACH-001677,U-2904,Lymphoid,Mature B-Cell Neoplasms,0.101,0.082,-0.207,-0.185,-0.256,-0.809,-0.186,-0.056,-0.815,0.216,-3.553,-3.437,-2.242,-2.702,-2.827,-1.652,-0.002,0.115
ACH-001683,ACC-3133,Breast,Invasive Breast Carcinoma,-0.12,0.064,-0.595,-0.047,-0.105,-0.288,-0.094,-0.353,-0.075,-1.123,-4.158,-2.419,-1.602,-2.148,-2.187,-2.712,-0.094,0.194
ACH-001685,U-HO1,Lymphoid,Hodgkin Lymphoma,0.047,-0.26,-0.228,-0.165,-0.102,-0.392,-0.055,0.088,-1.863,-0.053,-3.752,-2.835,-2.309,-2.738,-2.684,-2.301,-0.09,0.192
ACH-001687,UM-RC-3,Kidney,Renal Cell Carcinoma,-0.143,0.011,-0.263,-0.308,-1.525,-0.067,-0.059,-0.35,-1.858,-0.048,-3.88,-2.293,-2.284,-1.843,-2.902,-2.037,-0.213,0.209
ACH-001688,UM-RC-7,Kidney,Renal Cell Carcinoma,0.019,0.1,-0.644,-0.09,-1.776,-0.371,-0.047,-0.435,-1.929,0.079,-3.59,-2.725,-2.293,-2.924,-2.183,-2.677,-0.032,0.206
ACH-001690,UPCI-SCC-026,Head and Neck,Head and Neck Squamous Cell Carcinoma,-0.375,0.006,-0.196,-0.318,-0.151,-0.249,-0.133,-0.585,-0.345,0.08,-3.562,-2.701,-2.083,-2.24,-2.609,-2.235,-0.149,0.128
ACH-001691,UPCI-SCC-029A,Head and Neck,Head and Neck Squamous Cell Carcinoma,-0.228,-0.038,-0.491,-0.243,-0.11,-0.21,-0.114,0.02,-0.448,0.054,-3.726,-2.647,-1.684,-2.539,-2.352,-2.206,-0.073,0.114
ACH-001692,UPCI-SCC-040,Head and Neck,Head and Neck Squamous Cell Carcinoma,-0.16,-0.116,-0.25,-0.145,-0.079,-0.264,-0.072,-0.271,-0.34,0.159,-3.778,-2.854,-2.304,-2.286,-2.927,-2.298,-0.057,0.202
ACH-001694,UPCI-SCC-074,Head and Neck,Head and Neck Squamous Cell Carcinoma,-0.209,0.04,-0.337,-0.166,-0.05,-0.247,-0.044,-1.144,-0.332,0.025,-4.079,-2.523,-1.92,-2.177,-2.661,-2.254,-0.073,0.079
ACH-001695,UPCI-SCC-099,Head and Neck,Head and Neck Squamous Cell Carcinoma,-0.312,0.037,-0.237,-0.223,-0.151,-0.339,-0.096,-0.709,-0.438,0.022,-3.826,-2.658,-2.594,-2.314,-2.816,-2.182,-0.123,0.143
ACH-001696,UPCI-SCC-111,Head and Neck,Head and Neck Squamous Cell Carcinoma,-0.248,-0.127,-0.079,-0.222,-0.092,-0.221,0.004,-0.568,-0.48,0.225,-3.554,-2.417,-1.727,-2.357,-2.63,-2.343,-0.099,0.103
ACH-001698,UPCI-SCC-116,Head and Neck,Head and Neck Squamous Cell Carcinoma,-0.165,0.129,-0.232,-0.132,-0.133,-0.173,-0.024,-0.86,-0.448,0.328,-3.799,-2.478,-2.153,-1.727,-2.273,-2.3,-0.037,0.18
ACH-001699,UPCI-SCC-131,Head and Neck,Head and Neck Squamous Cell Carcinoma,-0.415,-0.201,-0.455,-0.513,-0.207,-0.196,-0.138,-0.36,-0.223,0.193,-3.815,-2.707,-2.23,-2.311,-2.672,-2.338,-0.139,0.183
ACH-001701,UPCI-SCC-200,Head and Neck,Head and Neck Squamous Cell Carcinoma,0.002,0.005,-0.914,-0.073,-0.26,-0.051,-0.127,-0.605,-0.153,0.146,-3.995,-2.385,-1.667,-1.705,-2.738,-2.099,-0.202,0.127
ACH-001702,VA-ES-BJ,Soft Tissue,Epithelioid Sarcoma,-0.343,0.051,-0.255,-0.348,-0.322,-0.288,-0.111,0.01,-1.739,0.028,-3.748,-2.629,-2.249,-2.366,-2.682,-2.152,-0.1,0.092
ACH-001707,WA-OSEL,Lymphoid,Mature B-Cell Neoplasms,-0.117,-0.059,-0.16,-0.401,-0.22,-1.408,-0.06,-0.13,-0.832,-0.012,-3.96,-2.145,-2.113,-1.735,-2.961,-2.089,-0.213,0.106
ACH-001709,WSU-NHL,Lymphoid,Mature B-Cell Neoplasms,-0.235,-0.104,-0.236,-0.178,-0.108,-0.121,-0.077,-0.098,-0.406,-0.034,-4.15,-2.721,-2.683,-2.936,-1.745,-2.325,-0.156,0.024
ACH-001711,PFSK-1,CNS/Brain,Embryonal Tumor,0.105,0.005,-0.176,0.004,-0.242,-0.005,-0.205,-0.306,-0.477,0.067,-4.011,-2.344,-2.55,-2.098,-3.149,-2.534,-0.139,0.034
ACH-001715,CAL-72,Bone,Osteosarcoma,-0.202,-0.214,-0.472,-0.264,-0.183,-0.323,-0.164,0.07,-0.179,-0.018,-4.551,-2.574,-1.419,-3.129,-2.658,-2.62,0.06,0.241
ACH-001719,OCI-C4P,Ovary/Fallopian Tube,Ovarian Epithelial Tumor,-0.192,-0.074,-0.268,-0.219,-0.581,-0.293,-0.05,-0.243,-0.391,0.136,-3.841,-2.158,-2.275,-2.292,-2.606,-2.457,-0.01,0.094
ACH-001735,SEMK2,Lymphoid,B-Cell Acute Lymphoblastic Leukemia,-0.205,0.104,-0.207,-0.154,-0.174,-1.683,-0.021,-0.048,-0.308,-0.035,-3.907,-2.646,-2.409,-2.551,-2.17,-2.42,-0.038,0.013
ACH-001736,HB1119,Lymphoid,B-Cell Acute Lymphoblastic Leukemia,-0.034,-0.092,-0.278,-0.147,-0.15,-1.939,-0.01,-0.086,-0.3,0.15,-4.113,-2.619,-2.742,-1.829,-2.553,-2.617,-0.036,0.065
ACH-001737,CTV-1-DM,Lymphoid,T-Lymphoblastic Leukemia/Lymphoma,0.019,0.195,-0.487,0.032,-0.291,-0.416,-0.072,-0.221,-0.119,0.364,-3.628,-3.431,-2.102,-2.887,-3.146,-2.038,-0.157,-0.003
ACH-001740,RH28,Soft Tissue,Rhabdomyosarcoma,0.048,0.139,-0.447,-0.114,-0.211,-0.1,-0.521,-0.378,-0.4,0.286,-3.833,-2.424,-2.13,-2.51,-2.789,-2.769,-0.128,0.112
ACH-001745,RhJT,Soft Tissue,Rhabdomyosarcoma,-0.169,-0.132,-0.488,-0.177,-0.184,-0.086,-0.35,-0.117,-0.534,0.14,-3.874,-2.772,-2.593,-2.618,-2.916,-2.641,0.037,0.061
ACH-001750,TTC442,Soft Tissue,Rhabdomyosarcoma,-0.29,-0.097,-0.215,-0.118,-0.086,-0.29,-0.157,-0.218,-0.198,0.083,-3.928,-2.919,-2.321,-2.275,-2.438,-2.2,-0.096,-0.042
ACH-001765,Rh4,Soft Tissue,Rhabdomyosarcoma,-0.157,0.011,-0.35,-0.144,-0.128,-0.267,-0.211,-0.005,-0.348,0.19,-3.973,-2.733,-2.359,-2.081,-2.868,-2.595,-0.009,0.082
ACH-001786,SNU-1544,Bowel,Colorectal Adenocarcinoma,-0.069,0.004,-0.634,-0.356,-0.036,0.066,-0.363,-0.754,-0.772,0.131,-4.176,-2.304,-2.73,-2.342,-2.54,-2.143,-0.171,0.109
ACH-001791,LPS6,Soft Tissue,Liposarcoma,0.025,0.209,-0.52,-0.033,-0.03,-0.097,-0.172,-0.334,-1.204,-0.06,-4.314,-2.202,-2.201,-2.106,-2.324,-2.401,-0.045,0.084
ACH-001793,LPS27,Soft Tissue,Liposarcoma,-0.288,-0.037,-0.417,-0.369,-0.159,-0.26,-0.134,-0.029,-1.808,-0.245,-3.694,-2.837,-2.042,-2.607,-2.775,-2.143,-0.066,0.135
ACH-001794,93T449,Soft Tissue,Liposarcoma,-0.3,0.036,-0.116,-0.059,-0.042,-0.285,-0.038,-0.02,-1.45,0.19,-3.849,-3.171,-1.254,-2.573,-2.691,-2.595,-0.041,0.059
ACH-001795,94T778,Soft Tissue,Liposarcoma,-0.085,-0.116,-0.255,-0.334,-1.737,-0.266,-0.305,-0.169,-1.743,0.132,-4.267,-2.949,-2.141,-2.93,-2.663,-2.065,-0.083,0.173
ACH-001796,95T1000,Soft Tissue,Liposarcoma,-0.317,0.082,-0.261,-0.072,-0.141,-0.267,-0.113,-0.206,-0.87,0.021,-3.636,-3.079,-1.757,-2.284,-2.698,-2.089,0.025,0.206
ACH-001799,LPS141,Soft Tissue,Liposarcoma,-0.295,0.031,-0.369,-0.745,-0.308,-0.17,-0.221,-0.038,-0.925,0.175,-3.495,-2.361,-2.613,-1.864,-2.843,-2.299,-0.029,0.227
ACH-001802,LPS853,Soft Tissue,Liposarcoma,-0.137,-0.016,-0.204,-0.124,-0.167,-0.331,-0.177,-0.117,-1.403,0.014,-3.838,-2.907,-2.165,-2.34,-2.277,-2.284,-0.162,0.137
ACH-001804,LPS510,Soft Tissue,Liposarcoma,-0.385,-0.103,-0.175,-0.174,0.055,-0.246,-0.341,-0.164,-0.419,-0.143,-3.75,-2.709,-2.122,-2.39,-2.658,-2.446,-0.069,0.032
ACH-001814,OS252,Bone,Osteosarcoma,0.019,-0.049,-0.722,-0.243,0.05,-0.204,-0.148,-0.198,-0.19,0.296,-3.64,-3.048,-2.023,-2.668,-2.927,-2.728,0.109,0.085
ACH-001819,MFM-223,Breast,Invasive Breast Carcinoma,-0.16,0.018,-0.945,-0.193,-0.118,-0.282,-0.074,-0.234,-0.495,-0.197,-4.498,-2.109,-2.027,-2.564,-2.819,-2.357,-0.042,0.078
ACH-001820,COLO 824,Breast,"Breast Neoplasm, NOS",-2.549,0.137,-0.474,-0.152,-0.21,-0.926,-0.04,-0.127,-0.347,0.057,-4.627,-2.166,-2.307,-2.14,-3.263,-2.66,0.095,-0.036
ACH-001834,MGH-ICC10,Biliary Tract,Intraductal Papillary Neoplasm of the Bile Duct,-0.377,-0.08,-0.227,-0.333,-0.196,-0.181,-0.153,-0.649,-0.525,0.146,-3.355,-2.406,-1.106,-2.219,-2.717,-2.462,-0.061,0.082
ACH-001835,MGH-ICC10-6,Biliary Tract,Intraductal Papillary Neoplasm of the Bile Duct,-0.219,0.006,-0.511,-0.411,-0.036,-0.257,-0.076,-0.546,-0.293,0.135,-4.017,-2.615,-1.79,-2.207,-2.503,-2.23,-0.034,0.241
ACH-001836,MGH-ICC10-8,Biliary Tract,Intraductal Papillary Neoplasm of the Bile Duct,-0.397,0.036,-0.241,-0.186,-0.104,-0.237,-0.047,-1.788,-0.481,0.147,-4.027,-2.236,-2.24,-2.408,-2.744,-2.023,0.12,0.122
ACH-001838,MGH-ICC12,Biliary Tract,Intraductal Papillary Neoplasm of the Bile Duct,-0.448,-1.835,-0.384,-0.333,-0.084,-0.412,-0.154,-0.099,-0.391,0.017,-3.775,-2.592,-1.553,-2.637,-2.988,-2.433,-0.125,0.319
ACH-001839,MGH-ICC13-7,Biliary Tract,Intraductal Papillary Neoplasm of the Bile Duct,-0.269,0.075,-0.583,-0.32,-0.215,-0.208,-0.108,-0.208,-1.634,0.087,-3.846,-2.207,-1.77,-2.234,-2.726,-2.06,0.052,0.265
ACH-001841,MGH-ECC3,Biliary Tract,Intraductal Papillary Neoplasm of the Bile Duct,-0.059,0.04,-0.405,-0.178,-0.043,-0.313,-0.08,-0.931,-0.431,0.094,-3.271,-2.89,-1.66,-2.085,-2.49,-2.182,-0.017,0.068
ACH-001842,MGH-ICC2,Biliary Tract,Intraductal Papillary Neoplasm of the Bile Duct,-0.111,0.032,-0.837,-0.301,-0.217,-0.247,-0.198,-0.785,-0.159,0.347,-3.9,-2.712,-1.944,-2.455,-2.878,-2.388,0.029,0.166
ACH-001843,MGH-ECC4,Biliary Tract,Intraductal Papillary Neoplasm of the Bile Duct,-0.264,-0.089,-0.735,-0.34,-0.22,-0.339,-0.533,-0.213,-0.811,-0.073,-3.856,-2.487,-2.553,-2.605,-2.68,-1.995,0.108,0.1
ACH-001844,MGH-ICC4,Biliary Tract,Intraductal Papillary Neoplasm of the Bile Duct,-0.528,0.044,-0.399,-0.174,-0.01,-0.118,-0.333,-0.917,-0.445,0.216,-3.98,-2.674,-2.237,-2.433,-2.478,-1.982,-0.048,0.111
ACH-001848,MGH-ICC8,Biliary Tract,Intraductal Papillary Neoplasm of the Bile Duct,-0.549,-1.25,-0.275,-0.273,-0.11,-0.317,-0.365,0.008,-2.353,0.029,-3.956,-2.889,-2.195,-2.543,-2.842,-2.03,-0.146,0.099
ACH-001849,MGH-ICC9,Biliary Tract,Intraductal Papillary Neoplasm of the Bile Duct,-0.111,0.027,-1.923,-0.027,-0.083,-0.266,-0.037,-0.655,-0.503,-0.049,-4.006,-2.54,-2.35,-2.511,-2.399,-1.903,-0.038,0.188
ACH-001850,G415,Biliary Tract,Intracholecystic Papillary Neoplasm,-0.279,-0.534,-2.353,0.259,-0.214,-0.248,0.059,-0.173,-0.268,0.047,-4.166,-2.357,-1.686,-1.979,-2.112,-2.183,-0.046,0.137
ACH-001852,HKGZ-CC,Biliary Tract,Intraductal Papillary Neoplasm of the Bile Duct,-0.163,-0.054,-0.723,-0.204,-0.092,-0.279,-0.234,-0.875,-0.351,0.178,-3.653,-2.596,-2.04,-2.294,-2.412,-2.165,-0.084,0.145
ACH-001853,KMCH-1,Liver,Hepatocellular Carcinoma plus Intrahepatic Cholangiocarcinoma,-0.213,-0.095,0.011,-0.227,-0.218,-0.265,-0.133,-1.286,-0.827,0.009,-3.787,-2.945,-2.238,-2.669,-2.609,-2.078,-0.065,0.025
ACH-001856,RBE,Biliary Tract,Intraductal Papillary Neoplasm of the Bile Duct,-0.538,-0.513,-1.199,-0.02,-0.117,-0.234,0.031,-0.473,-1.297,0.052,-2.635,-2.674,-2.469,-2.481,-1.777,-2.119,-0.174,0.141
ACH-001857,SG231,Biliary Tract,Intraductal Papillary Neoplasm of the Bile Duct,-0.265,0.208,-1.337,-0.367,-0.086,0.042,-0.238,-0.254,-0.416,-0.281,-3.544,-2.468,-2.064,-2.59,-2.063,-1.992,0.027,0.103
ACH-001858,SSP-25,Biliary Tract,Intraductal Papillary Neoplasm of the Bile Duct,-0.239,-0.006,-0.305,-0.258,-0.098,-0.351,-0.186,-0.304,-0.296,0.174,-5.087,-2.934,-2.574,-2.81,-3.614,-2.386,-0.047,0.156
ACH-001861,TGBC1TKB,Biliary Tract,Intracholecystic Papillary Neoplasm,-0.04,-0.083,-0.205,-0.437,-0.121,-0.13,-0.206,-1.035,-0.291,0.026,-4.13,-1.967,-1.999,-2.288,-2.203,-2.229,-0.055,-0.043
ACH-001862,TGBC52TKB,Ampulla of Vater,Ampullary Carcinoma,-0.13,0.003,-2.336,-0.416,-0.092,-0.192,-0.253,-0.564,-0.29,0.112,-4.059,-2.32,-1.573,-2.597,-2.506,-2.613,0.059,0.373
ACH-001863,TKKK,Biliary Tract,Intraductal Papillary Neoplasm of the Bile Duct,-0.2,-0.001,-1.309,-0.041,-0.14,-0.486,-0.242,-0.665,-0.406,-0.11,-3.805,-2.39,-1.978,-2.742,-2.497,-2.845,-0.075,0.269
ACH-001864,YSCCC,Biliary Tract,Intraductal Papillary Neoplasm of the Bile Duct,-0.051,0.025,-0.222,-0.215,-0.161,-0.181,0.007,-0.441,-0.303,0.026,-4.119,-2.077,-1.405,-1.827,-2.664,-2.609,-0.0,0.096
ACH-001959,CC-LP-1,Biliary Tract,Intraductal Papillary Neoplasm of the Bile Duct,-0.37,0.03,-0.046,-0.408,-0.092,-0.272,-0.882,-0.041,-0.357,0.062,-3.448,-2.328,-2.159,-1.874,-2.031,-1.96,-0.076,0.194
ACH-001960,CC-SW-1,Biliary Tract,Intraductal Papillary Neoplasm of the Bile Duct,-0.067,-0.038,-0.198,-0.147,-0.208,-0.518,0.073,-0.285,-0.325,0.053,-3.878,-3.309,-2.257,-2.018,-2.47,-2.09,-0.092,0.09
ACH-001961,MGH-GB2,Biliary Tract,Intracholecystic Papillary Neoplasm,-0.245,-0.069,-0.857,-0.24,-0.021,-0.183,-0.294,-1.005,-0.389,0.078,-4.076,-2.38,-2.127,-2.002,-2.776,-2.298,-0.085,0.108
ACH-001970,MM253,Skin,Melanoma,-2.273,-1.683,-0.442,-0.122,-0.059,-0.145,-0.142,-0.383,-0.951,-0.086,-4.571,-2.027,-2.745,-2.498,-1.568,-2.259,-0.222,0.111
ACH-001972,MM473,Skin,Melanoma,-2.003,-1.366,-0.361,-0.318,-0.197,-0.224,-0.237,-0.102,-1.345,0.163,-4.064,-1.961,-2.877,-2.301,-2.349,-2.378,-0.128,0.056
ACH-001973,MM485,Skin,Melanoma,-1.221,-0.183,-0.419,-1.252,-0.165,-0.32,-0.083,-0.346,-0.459,0.096,-3.741,-3.023,-2.001,-2.665,-2.188,-1.929,-0.017,0.027
ACH-001977,NO36,Pleura,Pleural Mesothelioma,-0.113,-0.037,-0.52,-0.361,-0.137,-0.29,-0.105,-0.377,-1.36,0.162,-3.058,-2.568,-1.766,-2.08,-2.714,-2.769,-0.144,0.177
ACH-001982,NZM3,Skin,Melanoma,-2.0,-1.583,-0.507,-0.093,-0.221,-0.194,-0.368,-0.095,-2.343,0.216,-3.941,-2.059,-2.238,-2.233,-2.614,-2.196,0.047,0.058
ACH-001986,NZM42,Skin,Melanoma,-1.621,0.034,-0.204,-1.741,-0.282,-0.05,0.096,-0.318,-1.803,0.112,-4.184,-2.097,-2.807,-2.036,-2.017,-2.144,-0.104,-0.066
ACH-001990,NZM7,Skin,Melanoma,-2.184,-1.27,-0.269,-0.07,-0.161,-0.176,-0.218,-0.12,-0.321,0.072,-4.127,-2.304,-2.344,-2.106,-1.928,-2.295,-0.121,0.166
ACH-001991,NZOV9,Ovary/Fallopian Tube,Ovarian Epithelial Tumor,-0.311,-0.068,-0.254,-0.113,-0.173,-0.08,-0.844,-0.206,-1.275,-0.131,-3.92,-2.349,-2.472,-2.546,-0.884,-1.755,-0.151,0.226
ACH-001992,ONE58,Pleura,Pleural Mesothelioma,-0.365,-0.093,-0.26,-0.281,-0.193,-0.376,-0.12,-0.112,-0.361,0.141,-4.043,-2.957,-2.612,-1.921,-2.484,-2.077,-0.056,0.211
ACH-001993,NALM-16,Lymphoid,B-Cell Acute Lymphoblastic Leukemia,-0.19,-0.102,-0.994,0.001,-0.046,-1.969,-0.085,-0.161,-0.05,0.088,-4.027,-2.617,-1.727,-2.479,-2.191,-2.917,-0.235,0.165
ACH-001997,MGH-AOVC1,Ampulla of Vater,Ampullary Carcinoma,-0.236,-0.08,0.066,-0.06,-0.178,-0.348,-0.99,-0.576,-0.53,0.03,-3.363,-2.91,-2.3,-2.503,-2.232,-2.211,0.056,0.166
ACH-001999,950-5-BIK,Pancreas,Pancreatic Adenocarcinoma,-0.581,-0.084,-1.698,-0.185,-0.22,-0.143,-0.966,-0.276,-0.458,0.279,-4.052,-2.534,-1.699,-2.528,-2.874,-2.079,-0.127,0.078
ACH-002001,A375 SKIN CJ1,Skin,Melanoma,-1.511,-0.908,-0.219,-0.272,-0.131,-0.492,-0.167,-0.031,-1.241,0.221,-4.069,-2.828,-2.952,-2.206,-2.108,-2.36,-0.197,-0.154
ACH-002002,A375 SKIN CJ2,Skin,Melanoma,-0.237,-1.042,-0.232,-0.267,0.034,-0.197,-0.242,0.002,-1.468,0.182,-3.448,-2.992,-3.011,-1.996,-3.086,-1.912,-0.107,0.144
ACH-002003,A375 SKIN CJ3,Skin,Melanoma,-1.614,-0.264,-0.367,-0.278,-0.301,-0.156,-0.048,-0.369,-1.305,-0.063,-2.632,-2.024,-1.676,-2.417,-2.604,-2.064,-0.022,0.159
ACH-002004,UACC62 SKIN CJ1,Skin,Melanoma,-1.199,-0.894,-0.541,-0.055,-0.251,-0.623,0.032,-0.4,-0.635,0.112,-3.42,-2.767,-2.463,-2.66,-2.676,-1.9,-0.023,0.214
ACH-002005,SK-MEL-19,Skin,Melanoma,-1.938,-1.059,-0.491,-0.27,-0.236,0.162,-0.499,-0.192,-0.662,0.254,-4.041,-2.312,-2.82,-2.015,-2.978,-2.319,0.013,0.052
ACH-002014,Mel270,Eye,Ocular Melanoma,-1.074,-0.085,-0.419,-0.398,0.148,-0.268,0.1,-0.388,-0.922,0.136,-3.963,-2.665,-2.162,-1.859,-2.437,-2.255,0.066,0.142
ACH-002015,Mel285,Eye,Ocular Melanoma,-0.299,-0.006,-0.107,-0.285,-0.21,-0.239,-0.075,-0.004,-1.987,0.137,-3.134,-2.515,-1.98,-2.021,-2.405,-1.986,-0.062,0.01
ACH-002016,Mel290,Eye,Ocular Melanoma,-0.347,-0.017,-0.672,-0.163,-0.081,-0.288,-0.334,-0.246,-1.748,0.158,-3.822,-2.236,-2.0,-2.554,-2.186,-2.167,-0.021,0.174
ACH-002018,Omm2.5,Eye,Ocular Melanoma,-2.274,-0.275,-0.443,-0.376,-0.112,-0.222,-0.126,-0.012,-1.386,0.098,-4.149,-2.363,-2.453,-2.231,-2.192,-2.472,-0.057,0.204
ACH-002019,HOKUG,Cervix,Glassy Cell Carcinoma of the Cervix,-0.282,-0.038,-0.287,-0.302,-0.102,-0.282,-0.156,-0.771,-0.383,0.176,-3.894,-2.491,-2.25,-2.169,-2.255,-2.216,-0.125,0.084
ACH-002020,SKG-IIIa,Cervix,Cervical Squamous Cell Carcinoma,-0.209,-0.1,-0.29,-0.28,-0.122,-0.209,-0.102,-0.4,-0.415,0.118,-3.619,-1.957,-1.741,-2.615,-2.955,-2.234,-0.04,0.169
ACH-002021,T3M-3,Uterus,Gestational Trophoblastic Disease,0.042,0.029,-0.46,-0.525,-0.237,-0.096,-0.745,-0.384,-1.441,0.017,-4.043,-1.949,-2.483,-1.853,-3.424,-2.42,-0.171,0.285
ACH-002023,TGBC18TKB,Ampulla of Vater,Ampullary Carcinoma,-0.366,-0.236,-0.458,-0.224,-0.129,-0.137,-1.251,-1.255,-0.437,0.005,-2.567,-2.871,-1.984,-2.186,-1.615,-2.222,-0.068,0.06
ACH-002024,ECC4,Bowel,Colorectal Adenocarcinoma,-0.018,-0.397,-1.189,-0.13,0.002,-0.458,0.015,-0.088,-0.103,0.156,-3.512,-2.988,-2.3,-2.608,-2.743,-2.203,-0.11,0.187
ACH-002025,TT1TKB,Bowel,Colorectal Adenocarcinoma,-0.294,0.009,-1.19,-0.081,-0.07,-0.175,-0.896,-1.127,-0.294,0.217,-4.068,-2.229,-2.233,-1.483,-2.278,-2.402,-0.113,-0.008
ACH-002026,HHUA,Uterus,Endometrial Carcinoma,-0.111,-0.112,-0.399,-0.133,-0.514,-0.219,-0.115,-0.177,-0.883,-0.041,-3.832,-2.465,-2.16,-1.67,-2.399,-2.153,-0.159,0.131
ACH-002027,HOUA-I,Uterus,Endometrial Carcinoma,-0.569,-0.038,-1.07,-0.168,-1.06,-0.145,-0.044,-0.43,-1.229,0.001,-4.003,-2.25,-2.555,-2.235,-2.049,-2.074,-0.111,0.17
ACH-002029,SAS,Head and Neck,Head and Neck Squamous Cell Carcinoma,-0.142,-0.003,-0.529,-0.261,-0.118,-0.214,-0.091,-1.421,-0.457,0.062,-3.423,-2.132,-1.361,-2.054,-2.86,-2.194,-0.2,0.01
ACH-002030,Sa3,Head and Neck,Head and Neck Squamous Cell Carcinoma,-0.127,-0.083,-0.329,-0.355,-0.132,-0.192,-0.135,-1.288,-0.351,0.168,-3.887,-2.327,-2.221,-2.049,-2.948,-2.24,-0.127,-0.106
ACH-002033,HMMME,Pleura,Pleural Mesothelioma,-0.175,-0.102,-0.46,-0.123,-0.105,-0.317,-0.013,-0.055,-0.479,0.103,-3.935,-2.164,-2.296,-3.256,-3.274,-2.309,-0.087,0.151
ACH-002035,LCAM1,Lung,Non-Small Cell Lung Cancer,-0.24,0.145,0.05,-0.347,-0.105,-0.369,-0.002,-0.228,-0.272,0.099,-3.583,-2.279,-2.263,-1.811,-2.504,-2.366,-0.192,0.252
ACH-002039,PK-8,Pancreas,Pancreatic Adenocarcinoma,-0.157,-0.099,-1.36,-0.202,-0.256,-0.288,0.105,-0.204,-0.318,0.055,-3.693,-2.527,-2.558,-2.17,-2.764,-2.0,-0.131,-0.008
ACH-002040,HMV-II,Vulva/Vagina,Mucosal Melanoma of the Vulva/Vagina,-2.232,-1.095,-0.403,-2.054,-0.176,-0.175,-0.308,-0.119,-1.959,0.06,-4.229,-1.827,-2.306,-2.395,-2.517,-2.23,-0.09,0.064
ACH-002041,HOTHC,Thyroid,Anaplastic Thyroid Cancer,-0.399,-0.193,-0.068,-0.952,-0.092,-0.352,-0.141,-0.009,-0.427,0.129,-3.714,-2.69,-2.151,-2.326,-2.77,-2.215,-0.083,0.138
ACH-002042,T3M-5,Head and Neck,Head and Neck Squamous Cell Carcinoma,-0.135,0.27,-0.157,-0.241,-0.389,-0.316,-0.113,-0.322,-0.334,0.12,-3.77,-2.402,-2.019,-2.34,-2.341,-2.057,-0.087,0.179
ACH-002043,Ca9-22,Head and Neck,Head and Neck Squamous Cell Carcinoma,-0.147,0.006,-0.228,-0.154,-0.085,-0.235,-0.179,-0.113,-0.355,0.086,-4.665,-2.776,-1.897,-2.145,-2.471,-2.486,0.014,0.093
ACH-002044,HSQ-89,Head and Neck,Head and Neck Squamous Cell Carcinoma,-0.296,0.072,-0.214,-0.167,-0.231,-0.227,-1.172,-0.241,-0.33,0.164,-3.912,-2.501,-1.648,-2.014,-1.999,-2.35,-0.17,0.076
ACH-002045,HO-1-u-1,Head and Neck,Head and Neck Squamous Cell Carcinoma,-0.064,0.027,-0.669,-0.095,-0.077,-0.269,-0.079,-0.101,0.096,0.161,-4.187,-2.653,-1.958,-2.746,-1.976,-2.203,-0.016,0.266
ACH-002046,HTMMT,Uterus,Endometrial Carcinoma,-0.356,-0.091,-0.362,-0.222,-0.17,-0.308,-0.143,-0.001,-0.303,0.158,-3.831,-2.239,-2.391,-2.511,-3.051,-2.267,-0.18,0.083
ACH-002048,RMS-YM,Soft Tissue,Rhabdomyosarcoma,-0.214,0.164,-0.422,-0.162,-0.088,-0.152,0.023,-0.075,-0.252,0.165,-3.567,-2.608,-1.896,-1.573,-2.246,-2.201,-0.124,0.121
ACH-002051,Lu-134-A,Lung,Lung Neuroendocrine Tumor,-0.242,0.111,-0.285,-0.266,-0.148,-0.29,-0.023,-0.004,-0.414,0.209,-3.671,-2.631,-2.027,-2.617,-2.688,-2.469,0.002,0.072
ACH-002052,Lu-139,Lung,Lung Neuroendocrine Tumor,-0.199,-0.019,-0.448,-0.215,-0.081,-0.263,0.059,-0.168,-0.438,0.153,-3.612,-2.041,-2.374,-2.568,-2.765,-2.279,0.117,0.07
ACH-002055,TL-1,Lymphoid,Mature B-Cell Neoplasms,-0.152,0.057,-0.215,-0.342,-0.137,-0.8,-0.007,-0.253,-0.282,0.112,-3.679,-2.912,-2.185,-2.284,-2.702,-2.495,-0.167,-0.184
ACH-002059,P30/OHK,Lymphoid,B-Cell Acute Lymphoblastic Leukemia,-0.162,0.016,-0.664,-0.156,-0.115,-1.012,-0.075,-0.095,-1.376,0.031,-3.34,-2.725,-2.392,-2.132,-2.728,-2.134,0.039,-0.001
ACH-002060,MY,Myeloid,Acute Leukemias of Ambiguous Lineage,-0.14,-0.078,-0.94,0.017,0.071,-0.684,0.083,-0.282,-0.4,0.208,-3.593,-2.716,-2.178,-2.397,-2.628,-2.263,-0.12,-0.006
ACH-002061,P2UR/K-562,Myeloid,Myeloproliferative Neoplasms,-0.077,-0.104,-0.388,-0.314,-0.352,-1.352,-0.177,-0.389,-0.273,0.091,-4.04,-2.398,-2.418,-1.57,-1.901,-1.866,-0.143,0.035
ACH-002062,SLVL,Lymphoid,Mature B-Cell Neoplasms,-0.255,-0.15,-0.387,-0.6,-0.173,-0.083,-0.051,-0.133,-1.417,0.023,-3.914,-2.451,-2.968,-1.92,-2.073,-1.972,-0.256,0.082
ACH-002066,HS-Sch-2,Peripheral Nervous System,Nerve Sheath Tumor,-0.869,-0.116,-0.419,-0.241,-0.13,-0.231,-0.247,-0.142,-0.331,0.072,-3.836,-2.383,-2.353,-2.254,-1.955,-2.374,-0.153,0.106
ACH-002067,NOS-1,Bone,Osteosarcoma,-0.315,-0.13,-0.209,-0.145,-0.051,-0.273,-0.47,-0.052,-0.43,0.099,-3.588,-2.736,-2.478,-2.102,-2.411,-2.58,-0.171,0.051
ACH-002069,HS-Os-1,Bone,Osteosarcoma,-0.368,0.045,-0.213,-0.277,-0.045,-0.276,-0.613,-0.198,-0.443,0.118,-3.895,-2.46,-2.21,-2.206,-2.125,-2.143,-0.157,0.111
ACH-002070,HKBMM,CNS/Brain,Meningothelial Tumor,-0.233,0.004,-1.547,-0.177,-0.126,-0.224,-0.049,-0.106,-1.214,0.033,-3.674,-2.401,-2.242,-2.535,-2.633,-2.22,-0.031,0.124
ACH-002077,Lu-165,Lung,Lung Neuroendocrine Tumor,-0.197,0.159,-0.577,-0.156,-0.032,-0.407,0.21,-0.552,-0.364,0.102,-3.517,-2.638,-2.121,-2.555,-2.625,-2.341,-0.109,0.001
ACH-002080,TN-2,Peripheral Nervous System,Neuroblastoma,-0.112,-0.21,-0.295,-0.111,-0.039,-0.323,-0.052,-0.061,-1.079,0.121,-3.838,-2.632,-2.158,-2.158,-2.479,-2.324,-0.043,0.127
ACH-002083,NB69,Peripheral Nervous System,Neuroblastoma,-0.293,-0.229,-0.258,-0.37,-0.038,-0.211,-0.117,-0.73,-1.267,-0.083,-2.578,-2.934,-2.697,-2.628,-1.951,-3.316,-0.145,0.076
ACH-002084,MMAc,Skin,Melanoma,-1.856,-1.358,-0.165,-0.218,-0.02,-0.285,-0.126,-0.033,-1.866,0.028,-3.829,-2.022,-1.969,-2.693,-2.635,-2.238,-0.025,-0.107
ACH-002105,ES4,Bone,Ewing Sarcoma,-0.229,0.075,-0.428,0.116,-0.335,-0.185,-0.082,-0.268,-1.21,0.139,-3.935,-2.551,-1.228,-1.828,-2.189,-2.603,-0.35,0.207
ACH-002106,ES5,Bone,Ewing Sarcoma,-0.259,0.227,-0.041,0.094,0.023,-0.215,-0.087,0.07,-0.256,-0.079,-4.352,-3.184,-1.367,-2.508,-1.55,-3.412,0.202,0.319
ACH-002109,ES8,Bone,Ewing Sarcoma,-0.313,0.058,-0.537,-0.219,-0.063,-0.326,-0.05,0.153,-0.529,0.182,-3.635,-2.668,-1.856,-1.474,-2.215,-3.236,-0.097,-0.165
ACH-002110,EW-1,Bone,Ewing Sarcoma,-0.377,0.022,-0.19,-0.667,-0.12,-0.021,-0.267,-0.148,-0.431,0.158,-4.533,-1.447,-2.117,-1.405,-1.551,-1.499,0.006,0.156
ACH-002114,EW-16,Bone,Ewing Sarcoma,-0.224,0.041,-0.216,-0.108,-0.075,-0.347,-0.183,-0.157,-0.169,-0.026,-4.513,-3.111,-2.142,-1.822,-2.549,-1.71,-0.157,0.217
ACH-002116,EW-22,Bone,Ewing Sarcoma,-0.047,-0.028,-0.304,-0.184,-0.053,-0.507,-0.182,-0.008,-0.129,0.089,-4.709,-2.327,-1.237,-2.958,-3.131,-2.918,0.149,0.209
ACH-002119,EW-7,Bone,Ewing Sarcoma,-0.225,0.134,0.281,-0.163,-0.123,-0.211,-0.137,-0.012,-1.541,0.016,-4.857,-2.303,-2.005,-2.289,-2.705,-2.924,-0.16,0.186
ACH-002140,Hey,Ovary/Fallopian Tube,Ovarian Epithelial Tumor,-0.242,-0.229,-2.047,-0.156,-0.635,-0.378,-0.363,-0.12,-1.142,0.074,-3.925,-3.607,-2.106,-1.815,-1.907,-2.478,-0.052,0.238
ACH-002141,HSC-39,Esophagus/Stomach,Esophagogastric Adenocarcinoma,-0.173,0.132,-0.661,-0.195,-0.046,-0.475,-0.926,0.007,-0.173,0.116,-4.497,-2.053,-1.757,-2.095,-2.456,-2.275,-0.029,0.039
ACH-002143,IST-MEL1,Skin,Melanoma,-0.414,-0.264,-0.679,-0.358,-0.074,0.024,-0.003,-0.067,-0.633,0.103,-4.627,-2.4,-2.014,-2.26,-2.182,-3.831,-0.034,0.083
ACH-002150,LB1047-RCC,Kidney,Renal Cell Carcinoma,-0.149,0.116,-0.344,0.01,-1.36,-0.166,-0.072,-0.172,-0.419,0.222,-4.796,-2.733,-2.062,-1.974,-2.255,-2.326,-0.069,0.123
ACH-002156,LC-1-sq,Lung,Non-Small Cell Lung Cancer,-0.307,0.122,0.003,0.255,-0.079,-0.524,-0.242,-1.821,-0.319,-0.09,-4.278,-3.205,-1.649,-2.432,-1.807,-3.342,-0.243,-0.043
ACH-002160,MC-IXC,Bone,Ewing Sarcoma,-0.269,-0.154,0.068,-0.091,0.002,-0.188,-0.092,0.112,-0.157,0.17,-4.341,-3.309,-2.538,-1.07,-2.988,-2.175,-0.065,0.213
ACH-002161,MKN28,Esophagus/Stomach,Esophagogastric Adenocarcinoma,-0.323,0.044,-0.119,-0.176,0.055,-0.24,-0.699,-0.351,-0.566,0.129,-4.47,-2.092,-1.781,-1.617,-3.018,-2.022,0.012,0.02
ACH-002179,OCUB-M,Breast,Invasive Breast Carcinoma,-0.181,-0.27,-0.432,-0.314,-0.052,-0.077,-0.218,-0.119,-0.671,-0.075,-4.946,-3.085,-1.935,-2.182,-3.889,-2.447,0.043,0.255
ACH-002181,OVCA420,Ovary/Fallopian Tube,Ovarian Epithelial Tumor,-0.32,0.172,-0.145,-0.022,-0.149,-0.468,-0.148,-0.185,-0.05,-0.142,-4.638,-2.829,-2.052,-3.071,-2.583,-2.917,-0.2,0.145
ACH-002183,OVMIU,Ovary/Fallopian Tube,Ovarian Epithelial Tumor,-0.23,-0.093,-0.73,0.194,-0.742,-0.602,-0.095,-0.673,-1.146,-0.212,-3.555,-2.673,-2.033,-2.249,-2.565,-2.266,-0.256,0.486
ACH-002186,PL4,Pancreas,Pancreatic Adenocarcinoma,-0.248,-0.136,-2.487,-0.186,-0.089,0.146,-0.701,0.074,-0.422,0.117,-4.213,-2.45,-1.993,-2.109,-3.273,-3.089,-0.034,0.216
ACH-002189,RCC-FG2,Kidney,Renal Cell Carcinoma,-0.22,0.119,-0.045,-0.006,-1.435,-0.447,0.009,0.009,-0.503,0.033,-4.753,-2.442,-1.671,-2.966,-2.328,-2.4,-0.012,0.077
ACH-002198,SCH,Other,Extra Gonadal Germ Cell Tumor,-0.275,-0.372,-0.186,-0.227,-0.212,-0.06,-0.078,0.175,-0.578,0.179,-3.966,-2.157,-2.311,-2.702,-2.803,-2.622,0.231,-0.111
ACH-002202,TMK-1,Esophagus/Stomach,Esophagogastric Adenocarcinoma,-0.131,-0.228,-0.298,-0.455,-0.098,-0.062,0.138,-0.546,-0.398,0.341,-4.566,-3.134,-2.282,-2.204,-2.401,-1.828,0.002,0.086
ACH-002204,U-CH2,Bone,Chordoma,-0.054,-0.12,-0.693,-0.153,-0.029,-0.478,-0.056,-0.473,-0.755,0.159,-3.482,-2.589,-1.938,-2.279,-2.781,-2.312,-0.191,0.138
ACH-002210,ARH-77,Myeloid,Non-Cancerous,-0.121,-0.208,-0.162,-0.28,-0.068,-0.146,0.11,0.092,-0.229,0.283,-4.683,-2.79,-2.142,-1.79,-1.931,-1.394,0.047,-0.031
ACH-002212,BB30-HNC,Head and Neck,Head and Neck Squamous Cell Carcinoma,-0.025,0.13,-0.239,-0.309,-0.437,-0.315,0.092,-1.224,-0.363,0.145,-3.823,-3.043,-1.831,-0.993,-2.397,-2.221,-0.14,0.158
ACH-002214,BC-1,Lymphoid,Mature B-Cell Neoplasms,-0.176,-0.058,-0.015,-0.107,-0.028,-1.2,-0.059,-0.045,-1.804,0.139,-1.926,-2.614,-2.709,-1.987,-2.815,-1.88,-0.151,0.193
ACH-002215,BC-3,Lymphoid,Mature B-Cell Neoplasms,-0.546,-0.071,-0.325,0.018,-0.246,-0.745,-0.013,-0.26,-1.127,0.135,-3.627,-2.764,-2.273,-2.204,-2.42,-1.739,-0.065,0.096
ACH-002228,D-423MG,CNS/Brain,Diffuse Glioma,-0.404,-0.208,-0.118,-0.307,-0.189,-0.354,-0.039,-0.265,-0.21,0.183,-2.491,-3.244,-2.439,-1.666,-2.012,-2.129,0.168,0.18
ACH-002229,D-502MG,CNS/Brain,Diffuse Glioma,-0.277,0.051,-0.712,-0.381,-0.053,-0.292,-0.431,-0.559,-1.907,0.127,-4.019,-2.546,-2.168,-2.135,-2.356,-2.791,-0.168,0.08
ACH-002230,D-542MG,CNS/Brain,Diffuse Glioma,-0.23,-0.035,-0.113,-0.048,-0.07,-0.518,0.11,-0.005,-0.517,0.026,-4.344,-2.23,-1.683,-2.811,-2.715,-3.428,-0.12,0.108
ACH-002233,DIFI,Bowel,Colorectal Adenocarcinoma,-0.154,-0.216,-1.726,-0.395,0.052,-1.268,-1.124,-0.859,-0.181,0.064,-4.981,-2.923,-2.189,-3.068,-2.598,-3.011,-0.119,-0.018
ACH-002234,DOK,Head and Neck,"Head and Neck Carcinoma, Other",-0.18,-0.415,-0.628,-0.35,-0.217,0.018,0.136,-1.283,-0.282,0.104,-3.982,-2.716,-1.346,-2.331,-3.052,-2.086,0.035,0.148
ACH-002239,H3118,Head and Neck,Salivary Carcinoma,-0.145,-0.135,-0.451,-0.076,-0.145,-0.263,0.026,-1.888,-0.41,0.063,-4.224,-3.058,-2.32,-1.938,-2.605,-2.589,-0.075,-0.067
ACH-002243,HCE-4,Esophagus/Stomach,Esophageal Squamous Cell Carcinoma,-0.197,0.083,-0.386,-0.207,-0.019,0.074,0.005,-0.17,-0.4,0.184,-3.896,-2.824,-2.255,-1.831,-1.743,-0.934,0.002,0.245
ACH-002247,IM-9,Myeloid,Non-Cancerous,-0.021,-0.199,-0.281,-0.788,-0.16,-0.087,-0.116,-0.048,-0.588,0.065,-2.948,-2.246,-2.331,-2.476,-2.774,-1.639,-0.181,0.159
ACH-002249,JHU-011,Head and Neck,Head and Neck Squamous Cell Carcinoma,-0.183,-0.094,0.004,-0.254,-0.152,-0.02,-0.183,-1.491,-0.271,0.234,-3.078,-2.806,-1.469,-2.316,-2.3,-1.686,-0.09,0.087
ACH-002250,JHU-022,Head and Neck,Head and Neck Squamous Cell Carcinoma,-0.221,-0.488,-0.458,-0.177,-0.05,-0.331,-0.118,-0.687,-0.075,0.121,-4.204,-2.249,-1.564,-2.92,-3.072,-2.808,-0.018,0.122
ACH-002251,JHU-029,Head and Neck,Head and Neck Squamous Cell Carcinoma,-0.194,-0.086,-0.246,-0.323,-0.139,-0.38,-0.109,-1.526,-0.175,0.09,-3.77,-2.025,-1.781,-2.644,-2.711,-2.336,0.016,0.083
ACH-002257,KINGS-1,CNS/Brain,Diffuse Glioma,-0.108,0.219,-0.14,0.092,-0.195,-0.402,-0.35,0.028,-0.043,-0.086,-4.514,-1.78,-1.576,-2.254,-2.831,-2.944,-0.032,0.095
ACH-002261,KP-N-YS,Peripheral Nervous System,Neuroblastoma,-0.078,-0.089,-0.18,0.127,0.026,-0.456,-0.077,0.048,0.024,0.018,-3.956,-3.184,-1.492,-2.046,-2.355,-1.98,-0.406,-0.066
ACH-002263,KYSE-220,Esophagus/Stomach,Esophageal Squamous Cell Carcinoma,-0.149,-0.318,0.087,-0.414,0.009,-0.25,-0.138,-0.651,-0.154,0.136,-4.745,-2.689,-2.128,-1.7,-2.699,-1.807,-0.005,0.049
ACH-002265,LB771-HNC,Head and Neck,Head and Neck Squamous Cell Carcinoma,-0.124,-0.167,-1.134,-0.035,-0.061,-0.232,-0.065,-0.627,-0.352,0.128,-4.634,-2.528,-1.681,-2.619,-2.983,-2.882,0.106,-0.059
ACH-002269,LNZTA3WT4,CNS/Brain,Diffuse Glioma,-0.222,0.027,-0.295,-0.1,0.088,-0.275,-0.26,0.019,-0.484,0.063,-3.098,-2.768,-1.536,-2.03,-2.58,-2.462,0.005,0.206
ACH-002278,NB10,Peripheral Nervous System,Neuroblastoma,-0.278,0.158,-0.627,0.035,-0.029,-0.315,-0.057,0.123,-0.848,0.105,-4.106,-3.139,-2.01,-2.328,-2.915,-2.434,-0.299,0.124
ACH-002280,NB13,Peripheral Nervous System,Neuroblastoma,-0.096,0.017,0.293,0.179,-0.135,-0.503,-0.172,0.048,-0.465,-0.25,-4.05,-3.242,-1.795,-2.447,-2.578,-2.791,-0.103,0.426
ACH-002282,NB17,Peripheral Nervous System,Neuroblastoma,0.01,0.171,0.312,0.112,-0.055,-0.237,-0.057,0.132,-0.607,-0.113,-4.221,-2.888,-1.82,-1.687,-2.766,-2.192,-0.227,0.201
ACH-002283,NB5,Peripheral Nervous System,Neuroblastoma,-0.129,0.012,-0.251,-0.272,-0.025,-0.213,-0.132,-0.594,-0.901,0.068,-4.409,-2.493,-1.833,-2.395,-2.347,-2.222,-0.08,0.123
ACH-002284,NB6,Peripheral Nervous System,Neuroblastoma,-0.253,-0.08,-0.261,-0.146,-0.147,-0.266,-0.32,-0.091,-0.106,-0.068,-4.229,-2.601,-1.919,-2.1,-2.328,-1.797,-0.24,0.129
ACH-002285,NB7,Peripheral Nervous System,Neuroblastoma,-0.197,-0.045,-0.292,-0.416,-0.17,-0.205,-0.051,0.094,-0.411,0.159,-3.94,-2.715,-2.574,-1.611,-2.437,-2.123,-0.143,0.458
ACH-002291,NTERA-2 cl.D1,Testis,Non-Seminomatous Germ Cell Tumor,-0.287,-0.038,-0.365,-0.426,-0.241,0.012,0.065,-0.296,-0.79,0.072,-3.762,-2.157,-1.9,-2.043,-3.597,-2.699,-0.074,0.197
ACH-002294,PCI-15A,Head and Neck,Head and Neck Squamous Cell Carcinoma,-0.063,-0.075,-0.358,0.095,-0.28,-0.295,-0.065,-1.066,-0.482,0.102,-4.274,-2.052,-1.77,-2.145,-3.02,-2.116,0.007,0.294
ACH-002295,PCI-30,Head and Neck,Head and Neck Squamous Cell Carcinoma,-0.23,-0.129,-0.259,-0.34,-0.149,-0.477,-0.111,0.147,-0.057,0.035,-4.756,-1.725,-2.123,-2.85,-2.064,-2.594,0.008,0.149
ACH-002296,PCI-38,Head and Neck,Head and Neck Squamous Cell Carcinoma,-0.404,-0.037,-0.925,-0.422,-0.118,-0.324,-0.015,-0.622,-0.679,0.111,-3.783,-3.165,-1.35,-1.744,-3.006,-1.598,-0.046,0.087
ACH-002297,PCI-4B,Head and Neck,Head and Neck Squamous Cell Carcinoma,-0.243,-0.019,-0.094,-0.433,-0.149,-0.397,0.02,-0.74,-0.04,0.299,-3.292,-3.173,-1.677,-2.302,-1.946,-1.953,0.06,0.223
ACH-002298,PCI-6A,Head and Neck,Head and Neck Squamous Cell Carcinoma,-0.223,-0.191,-0.173,-0.357,-0.324,-0.009,-0.005,-0.726,-0.371,0.253,-3.066,-3.32,-1.438,-2.23,-2.257,-1.38,-0.235,-0.142
ACH-002304,SK-MG-1,CNS/Brain,Diffuse Glioma,-0.26,-0.09,-0.05,-0.748,-0.116,-0.255,-0.088,0.134,-0.233,0.066,-3.264,-1.442,-2.071,-2.084,-1.843,-2.217,-0.006,0.358
ACH-002305,SKN-3,Head and Neck,Head and Neck Squamous Cell Carcinoma,-0.198,-0.252,-0.368,-0.28,-0.07,-0.216,0.05,-0.405,-0.433,0.186,-4.248,-2.873,-1.418,-2.755,-2.695,-1.6,0.082,-0.161
ACH-002399,21NT,Breast,Invasive Breast Carcinoma,-0.4,-0.02,-0.194,-0.31,-0.205,-0.237,-0.015,-0.576,-0.446,0.175,-4.038,-2.195,-1.777,-2.408,-2.721,-1.84,0.017,0.129
ACH-002400,21MT-1,Breast,Invasive Breast Carcinoma,-0.214,-0.138,-0.357,-0.258,-0.21,-0.27,0.044,-0.447,-0.316,0.108,-3.399,-1.878,-2.182,-2.141,-2.586,-2.052,0.036,0.119
ACH-002401,21MT-2,Breast,Invasive Breast Carcinoma,-0.184,0.017,-0.023,-0.061,-0.137,-0.296,-0.063,-0.786,-0.448,0.059,-3.969,-2.192,-2.213,-2.515,-2.442,-1.983,-0.042,0.074
ACH-002446,CCLF_UPGI_0005_T,Esophagus/Stomach,Esophagogastric Adenocarcinoma,-0.262,-0.316,-1.31,-0.187,-0.125,-0.232,-0.291,-0.871,-0.363,0.069,-3.714,-2.308,-2.201,-2.937,-3.062,-2.546,-0.192,0.196
ACH-002458,HT144 SKIN FV1,Skin,Melanoma,-1.035,-0.653,-0.253,-0.121,-0.27,0.073,-0.15,-0.236,-0.992,0.186,-3.989,-2.451,-2.655,-2.138,-2.516,-2.31,-0.34,0.202
ACH-002460,HT144 SKIN FV2,Skin,Melanoma,-1.636,-0.968,-0.299,-0.104,-0.057,-0.202,-0.186,0.029,-1.067,0.039,-1.963,-2.42,-2.627,-2.315,-2.247,-2.05,-0.263,0.15
ACH-002461,RVH421 SKIN FV1,Skin,Melanoma,-0.213,0.554,-0.076,-0.194,-0.053,-0.235,-0.005,-0.095,-0.334,0.081,-3.884,-2.574,-2.219,-2.643,-2.939,-2.444,0.015,0.147
ACH-002462,RPE1-ss48,Eye,Non-Cancerous,-0.316,-0.019,-1.941,-0.324,-0.069,-0.287,-0.594,-0.063,-1.84,0.03,-3.79,-2.465,-1.03,-2.792,-2.628,-2.115,-0.129,0.141
ACH-002463,RPE1-ss77,Eye,Non-Cancerous,-0.438,-0.101,-1.826,0.015,-0.071,-0.366,-0.62,-0.049,-1.718,0.07,-3.75,-2.905,-2.275,-1.918,-2.422,-2.055,-0.088,0.083
ACH-002464,RPE1-ss6,Eye,Non-Cancerous,-0.328,0.101,-2.727,-0.259,-0.171,-0.285,-0.349,-0.007,-2.72,-0.142,-4.051,-2.85,-2.28,-2.86,-2.504,-2.404,-0.069,0.063
ACH-002465,RPE1-ss119,Eye,Non-Cancerous,-0.252,-0.227,-1.152,-0.489,-0.153,-0.124,-0.676,-0.157,-1.366,-0.119,-3.813,-3.058,-1.581,-2.469,-2.461,-2.036,-0.016,0.109
ACH-002467,RPE1-ss51,Eye,Non-Cancerous,-0.333,-0.04,-0.875,-0.153,-0.101,-0.07,-0.279,-0.112,-1.313,-0.086,-3.677,-2.545,-2.354,-2.208,-2.443,-2.064,-0.18,0.178
ACH-002471,OS052,Bone,Osteosarcoma,-0.089,-0.07,-0.379,-0.163,-0.051,-0.247,-0.243,-0.438,-0.018,-0.027,-3.614,-2.87,-2.456,-2.666,-2.157,-2.606,-0.018,0.143
ACH-002475,HAP1,Myeloid,Myeloproliferative Neoplasms,0.007,0.074,-0.286,-0.332,-0.031,-0.322,-0.008,-0.213,-0.307,0.105,-3.407,-2.885,-2.431,-2.667,-2.002,-2.423,-0.327,0.141
ACH-002478,BC-2,Lymphoid,Mature B-Cell Neoplasms,-0.186,-0.326,-0.309,-1.428,-0.159,-1.423,0.078,-0.201,-0.929,0.013,-3.755,-2.866,-2.318,-2.392,-2.097,-2.022,-0.23,0.162
ACH-002485,MAVER-1,Lymphoid,Mature B-Cell Neoplasms,-0.245,-0.057,-0.361,0.008,-0.273,-0.806,0.11,-0.081,-0.309,0.027,-3.867,-2.388,-2.286,-2.828,-2.228,-1.655,-0.152,0.068
ACH-002486,MES-OV,Ovary/Fallopian Tube,Ovarian Epithelial Tumor,-0.136,0.056,-0.939,-0.184,-1.176,-0.385,-0.235,-0.021,-0.307,0.034,-4.028,-2.445,-2.011,-1.912,-2.412,-2.082,-0.075,0.096
ACH-002499,UACC-3199,Breast,Invasive Breast Carcinoma,-0.151,-0.264,-0.611,-0.195,-0.313,-0.336,-0.018,-0.366,-0.187,0.057,-3.864,-2.242,-2.314,-2.845,-2.58,-2.875,0.05,0.147
ACH-002500,Z-138,Lymphoid,Mature B-Cell Neoplasms,-0.082,0.017,-0.434,-0.262,-0.191,-0.848,-0.149,-0.151,-0.743,0.085,-4.034,-2.574,-1.808,-2.254,-2.524,-2.277,-0.079,0.007
ACH-002508,WM3211,Skin,Melanoma,-0.215,-0.169,-0.631,-0.363,-0.186,-0.04,-0.309,-0.136,-0.295,0.023,-3.995,-2.198,-1.899,-1.922,-3.37,-2.617,-0.148,0.128
ACH-002510,M040416,Skin,Melanoma,-2.174,-1.427,-0.254,-0.233,-0.251,-0.248,-0.242,-0.357,-1.648,0.155,-4.131,-1.749,-2.367,-1.829,-2.187,-2.602,-0.161,0.034
ACH-002511,M140325,Skin,Melanoma,-1.71,-0.063,-0.25,-0.171,-0.07,-0.244,0.066,-0.004,-1.92,0.004,-3.756,-2.841,-1.867,-2.966,-3.16,-2.523,-0.049,0.069
ACH-002512,MM160113,Skin,Melanoma,-1.185,0.126,-0.535,-0.661,-0.325,-0.402,0.085,-0.48,-0.524,0.127,-3.722,-3.138,-2.376,-2.531,-2.553,-2.249,-0.112,0.073
ACH-002522,SNU-2292,Lung,Non-Small Cell Lung Cancer,-0.183,-0.182,-0.073,-0.236,-0.141,-0.341,-0.153,-0.027,-0.103,0.047,-3.755,-2.417,-2.422,-2.566,-2.723,-2.518,0.066,-0.013
ACH-002523,SNU-739,Liver,Hepatocellular Carcinoma,-0.005,-0.116,-0.201,-0.098,-0.17,-0.251,-0.252,-0.387,-0.378,0.04,-4.048,-2.075,-2.607,-2.016,-3.212,-2.565,-0.079,0.065
ACH-002524,SNU-251,Ovary/Fallopian Tube,Ovarian Epithelial Tumor,-0.281,0.021,-0.554,-0.271,-0.692,-0.322,0.046,-0.265,-0.263,0.205,-3.794,-2.832,-2.078,-1.936,-2.817,-2.275,0.011,0.096
ACH-002526,SNU-1327,Lung,Non-Small Cell Lung Cancer,0.034,0.044,-0.402,-0.277,-0.019,-0.245,-0.11,-0.362,-0.302,0.098,-4.065,-2.322,-1.362,-2.815,-2.694,-2.198,-0.181,0.329
ACH-002528,SNU-267,Kidney,Renal Cell Carcinoma,-0.218,0.072,-0.007,-0.16,-1.222,-0.302,-0.097,0.031,-0.412,0.087,-4.052,-2.209,-1.889,-2.854,-3.144,-2.192,-0.058,0.096
ACH-002530,SNU-977,Bowel,Colorectal Adenocarcinoma,-0.183,-0.316,-0.674,-0.176,-0.076,-0.311,-0.426,-0.813,-0.477,0.092,-3.676,-2.299,-2.254,-2.511,-2.474,-2.24,-0.173,0.155
ACH-002531,SNU-2535,Lung,Non-Small Cell Lung Cancer,-0.412,-0.168,-1.419,-0.131,-0.119,-0.179,-0.1,-0.031,-1.657,0.116,-3.596,-2.51,-1.892,-2.505,-2.287,-1.953,-0.066,-0.035
ACH-002533,SNU-482,Kidney,Renal Cell Carcinoma,-0.047,-0.079,-0.075,-0.19,-1.406,-0.199,-0.185,-0.422,-1.271,0.006,-3.911,-2.947,-1.511,-2.026,-2.294,-2.422,-0.135,0.154
ACH-002535,SNU-254,Bowel,Colorectal Adenocarcinoma,-0.276,0.063,-2.341,-0.08,-0.093,-0.221,-0.72,-0.18,-0.386,-0.048,-4.185,-2.002,-2.545,-2.381,-2.722,-2.132,-0.125,0.103
ACH-002538,SNU-1235,Bowel,Colorectal Adenocarcinoma,-0.207,-0.942,-0.078,-0.205,-0.127,-0.237,-1.567,-0.026,-0.223,0.112,-3.729,-2.274,-2.356,-2.114,-2.836,-2.331,-0.084,0.008
ACH-002544,SNU-1750,Esophagus/Stomach,Esophagogastric Adenocarcinoma,-0.284,-0.064,-0.227,-0.174,-0.179,-0.248,-0.129,-0.071,-0.2,0.235,-4.193,-1.731,-2.686,-2.049,-2.923,-2.06,-0.159,0.063
ACH-002647,CCC-5,Biliary Tract,Intraductal Papillary Neoplasm of the Bile Duct,0.065,0.238,-0.607,0.004,-0.151,0.001,0.031,-0.696,-0.235,-0.117,-3.634,-2.272,-2.227,-2.067,-2.966,-1.949,-0.067,0.148
ACH-002650,ETCC-016,Lung,Non-Small Cell Lung Cancer,-0.247,0.061,-0.06,-0.071,-0.175,-0.158,-0.046,-0.142,-0.384,0.139,-3.914,-2.542,-2.003,-2.1,-2.697,-2.172,-0.104,0.156
ACH-002654,JVE-015,Bowel,Colorectal Adenocarcinoma,-0.342,-0.103,-2.139,-0.171,-0.196,-0.332,0.708,-0.128,-0.613,0.075,-4.184,-2.061,-2.157,-2.768,-2.851,-2.712,-0.056,0.087
ACH-002659,JVE-127,Bowel,Colorectal Adenocarcinoma,0.107,-1.033,-0.297,-0.109,-0.203,-0.491,-1.183,-0.117,-0.412,0.056,-3.771,-2.92,-2.269,-2.552,-2.757,-2.045,-0.115,0.103
ACH-002660,JVE-187,Bowel,Colorectal Adenocarcinoma,-0.213,-0.213,-1.205,-0.173,-0.152,-0.576,-1.054,-0.737,-0.079,0.323,-3.855,-2.427,-2.194,-2.661,-2.984,-2.976,-0.011,0.089
ACH-002664,JVE-253,Bowel,Colorectal Adenocarcinoma,-0.074,0.064,-0.994,-0.296,-0.063,-0.302,-0.522,-0.165,-0.38,0.118,-4.049,-2.47,-1.872,-2.066,-2.599,-2.406,-0.117,0.15
ACH-002669,KP-363T,Bowel,Colorectal Adenocarcinoma,-0.098,-0.842,-0.133,-0.352,-0.178,-0.318,-0.065,-0.2,-0.393,0.154,-4.052,-2.245,-2.415,-2.795,-2.623,-1.904,-0.045,0.093
ACH-002672,MAPAC-HS-77,Pancreas,Pancreatic Adenocarcinoma,-0.376,-0.264,-1.808,-0.173,-0.049,-0.266,-1.245,-0.876,-0.368,-0.014,-3.935,-2.419,-1.933,-2.177,-2.675,-2.508,-0.211,0.172
ACH-002677,U-2946,Lymphoid,Mature B-Cell Neoplasms,-0.154,-0.043,-0.156,-0.342,-0.144,-1.008,-0.11,-0.212,-0.298,0.037,-3.367,-2.217,-2.248,-2.004,-2.076,-2.364,-0.084,0.041
ACH-002678,WILL-1,Lymphoid,Mature B-Cell Neoplasms,0.013,0.124,-0.284,-0.22,-0.046,-1.222,-0.039,-0.154,-0.208,0.054,-3.642,-2.873,-2.066,-2.454,-2.539,-1.89,-0.085,0.264
ACH-002680,170-MG-BA,CNS/Brain,Diffuse Glioma,-0.181,-0.037,-0.885,-0.229,-0.167,-0.207,-0.187,-0.116,-0.202,0.094,-4.118,-2.163,-2.611,-2.139,-2.474,-2.367,-0.045,0.209
ACH-002681,538-MG-BA,CNS/Brain,Diffuse Glioma,-0.224,-0.067,-0.363,-0.119,-0.161,-0.284,-0.295,0.039,-0.322,0.105,-4.027,-2.693,-1.72,-2.089,-2.519,-2.467,-0.106,0.131
ACH-002687,WM3772F,Eye,Ocular Melanoma,-1.541,-0.184,-0.341,-0.617,0.003,-0.105,-0.04,-0.177,-1.615,0.042,-4.3,-2.032,-2.56,-2.733,-1.669,-2.45,-0.124,-0.236
ACH-002690,OS526,Bone,Osteosarcoma,-0.338,-0.029,-0.328,-0.52,-0.193,-0.359,-0.124,-0.25,-0.313,0.139,-3.568,-2.314,-2.046,-2.124,-1.972,-2.382,-0.196,0.115
ACH-002693,S462,Peripheral Nervous System,Nerve Sheath Tumor,-0.141,-0.189,-0.243,-0.175,-0.215,-0.135,0.012,-0.284,-0.377,0.141,-3.911,-1.978,-1.384,-1.94,-3.014,-2.325,-0.117,0.242
ACH-002705,IS076P,Esophagus/Stomach,Esophagogastric Adenocarcinoma,-0.227,0.181,-0.466,-0.214,-0.101,-0.341,-1.241,-0.356,-0.282,0.147,-3.741,-2.806,-1.561,-2.447,-2.824,-2.355,0.008,0.194
ACH-002706,IS076A,Esophagus/Stomach,Esophagogastric Adenocarcinoma,-0.213,-0.001,-1.031,-0.237,-0.136,-0.24,-0.5,-0.213,-0.434,-0.003,-4.192,-2.388,-2.428,-2.893,-2.224,-2.282,-0.052,0.111
ACH-002708,DL-221,Soft Tissue,Liposarcoma,-0.121,-0.137,-0.429,-0.322,-0.223,-0.422,-0.208,-0.301,-0.253,0.168,-3.698,-2.677,-1.807,-2.414,-2.337,-2.201,-0.02,0.036
ACH-002710,MPNST-724,Peripheral Nervous System,Nerve Sheath Tumor,-0.321,-0.006,-0.254,-0.339,-0.125,-0.233,-0.187,0.021,-0.43,0.114,-3.692,-2.749,-2.278,-2.258,-2.612,-2.376,-0.078,0.042
ACH-002778,NCC-OS1-X2-C1,Bone,Osteosarcoma,0.172,0.029,-0.391,-0.12,-0.118,-0.381,-0.242,-0.33,-0.107,0.265,-3.937,-2.531,-2.307,-2.542,-1.994,-2.934,-0.021,0.046
ACH-002780,NCC-ES1-C1,Bone,Ewing Sarcoma,-0.218,0.124,-0.553,-0.075,-0.107,-0.597,0.308,-0.222,-0.067,-0.216,-3.486,-2.909,-2.142,-2.391,-2.84,-1.866,0.021,0.195
ACH-002782,NCC-UPS1-C1,Soft Tissue,Undifferentiated Pleomorphic Sarcoma/Malignant Fibrous Histiocytoma/High-Grade Spindle Cell Sarcoma,-0.207,-0.104,-0.456,-0.697,-0.208,-0.299,-0.106,0.022,-0.368,0.171,-3.675,-2.55,-1.94,-2.288,-2.228,-2.746,-0.061,0.064
ACH-002784,NCC-UPS2-C1,Soft Tissue,Undifferentiated Pleomorphic Sarcoma/Malignant Fibrous Histiocytoma/High-Grade Spindle Cell Sarcoma,-0.254,-0.1,-0.552,-0.309,-0.164,-0.3,-0.197,-0.061,-0.403,0.067,-3.833,-2.958,-2.302,-2.509,-2.954,-2.173,-0.065,0.154
ACH-002785,NCC-LMS1-C1,Soft Tissue,Leiomyosarcoma,-0.324,0.006,0.067,-0.114,-0.154,-0.14,-0.061,0.047,-0.44,0.163,-3.795,-2.772,-2.264,-2.869,-3.097,-2.377,-0.095,0.161
ACH-002792,NCC-CCS1B-C1,Soft Tissue,Clear Cell Sarcoma,-2.185,-0.102,-0.634,-0.376,-0.326,-0.13,0.037,-0.666,-0.468,0.13,-4.081,-2.326,-2.356,-2.149,-1.73,-2.353,0.047,-0.025
ACH-002799,NCC-MPNST1-C1,Peripheral Nervous System,Nerve Sheath Tumor,-0.364,-0.111,-0.459,-0.152,-0.103,-0.197,-0.037,0.022,-0.315,0.219,-4.066,-2.178,-2.427,-2.725,-2.826,-2.08,-0.083,0.113
ACH-002800,NCC-MPNST2-C1,Peripheral Nervous System,Nerve Sheath Tumor,-0.271,0.077,-0.457,-0.361,-0.021,-0.46,-0.458,-0.127,-0.347,0.292,-4.072,-2.451,-1.532,-2.776,-2.793,-2.61,0.024,0.105
ACH-002801,NCC-MPNST3-C1,Peripheral Nervous System,Nerve Sheath Tumor,-0.036,0.139,-0.232,-0.172,-0.112,-0.375,-0.059,-0.322,-0.343,0.176,-3.864,-2.14,-1.132,-2.629,-2.786,-2.811,0.003,0.095
ACH-002806,TB096,CNS/Brain,Diffuse Glioma,-0.24,-0.173,-0.304,-0.243,-0.128,-0.238,-0.152,-0.11,-0.4,0.135,-3.926,-2.012,-2.369,-3.123,-3.018,-2.605,-0.051,0.112
ACH-002834,OS384,Bone,Osteosarcoma,-0.444,-0.14,-0.535,-0.062,-0.19,-0.107,0.012,-0.441,-0.432,0.119,-3.298,-2.1,-1.945,-2.393,-2.765,-2.524,-0.062,0.118
ACH-002847,YUHOIN,Skin,Melanoma,-0.084,-0.032,-0.099,-0.192,-0.152,-0.22,-0.213,-0.347,-1.334,-0.005,-3.256,-2.13,-2.102,-2.372,-2.633,-2.405,-0.049,0.102
ACH-002922,SK-N-MM,Peripheral Nervous System,Neuroblastoma,-0.205,-0.1,-0.248,-0.271,-0.068,-0.202,-0.075,-0.16,-0.373,0.058,-3.977,-2.641,-2.09,-2.182,-1.705,-2.225,-0.016,0.173
ACH-002925,UPMM3,Eye,Ocular Melanoma,-1.732,-0.51,-0.357,-0.595,-0.218,-0.155,-0.127,-0.693,-1.45,0.083,-4.246,-1.919,-1.458,-2.055,-1.559,-2.629,-0.158,0.085
ACH-002926,UPMD1,Eye,Ocular Melanoma,-1.113,-0.074,-0.323,-0.258,-0.133,-0.275,-0.073,-0.123,-1.247,0.182,-3.827,-2.336,-2.122,-2.646,-2.126,-2.52,-0.101,0.137
ACH-003012,A549_CRAF_KD,Lung,Non-Small Cell Lung Cancer,-0.214,0.07,-1.374,-0.066,-0.238,-0.21,-0.366,-0.342,-1.325,0.023,-3.814,-2.711,-2.144,-2.354,-2.521,-2.168,-0.137,0.159
